{
  "labels": {
    "atelectasis": {
      "best_f1": 0.3116883116883117,
      "threshold": 0.3438923748167788
    },
    "cardiomegaly": {
      "best_f1": 0.3055555555555556,
      "threshold": 0.5095660932930498
    },
    "consolidation": {
      "best_f1": 0.10714285714285714,
      "threshold": 0.6365790671593003
    },
    "edema": {
      "best_f1": 0.20689655172413793,
      "threshold": 0.39111519723350313
    },
    "pleural_effusion": {
      "best_f1": 0.38,
      "threshold": 0.38300647354785217
    },
    "pneumonia": {
      "best_f1": 0.1590909090909091,
      "threshold": 0.43002766487393085
    },
    "pneumothorax": {
      "best_f1": 0.18181818181818182,
      "threshold": 0.6814088570454407
    }
  },
  "macro_threshold": 0.48222798109054565,
  "selection_metric": "per_label_f1",
  "selection_split": "target_val"
}