{
  "labels": {
    "atelectasis": {
      "best_f1": 0.2857142857142857,
      "threshold": 0.65874687313531
    },
    "cardiomegaly": {
      "best_f1": 0.325,
      "threshold": 0.3225259830643727
    },
    "consolidation": {
      "best_f1": 0.1111111111111111,
      "threshold": 0.8082186275507353
    },
    "edema": {
      "best_f1": 0.21621621621621623,
      "threshold": 0.3868792620984128
    },
    "pleural_effusion": {
      "best_f1": 0.3404255319148936,
      "threshold": 0.5116632281349724
    },
    "pneumonia": {
      "best_f1": 0.19047619047619047,
      "threshold": 0.3773112004456196
    },
    "pneumothorax": {
      "best_f1": 0.2,
      "threshold": 0.44429350352657015
    }
  },
  "macro_threshold": 0.5013769268989563,
  "selection_metric": "per_label_f1",
  "selection_split": "target_val"
}