{
  "label_metrics": {
    "atelectasis": {
      "auroc": 0.6753539804080935,
      "average_precision": 0.42543056830239906,
      "ece": 0.17012395263687619,
      "f1_at_0.5": 0.48412698412698413,
      "f1_at_tuned_threshold": 0.48412698412698413,
      "negative_count": 482,
      "positive_count": 194,
      "precision_at_0.5": 0.3935483870967742,
      "precision_at_tuned_threshold": 0.3935483870967742,
      "prevalence": 0.2869822485207101,
      "recall_at_0.5": 0.6288659793814433,
      "recall_at_tuned_threshold": 0.6288659793814433,
      "threshold_used": 0.5000236630439758
    },
    "cardiomegaly": {
      "auroc": 0.7692462945443078,
      "average_precision": 0.4677867736361631,
      "ece": 0.2495759273983449,
      "f1_at_0.5": 0.5,
      "f1_at_tuned_threshold": 0.5045592705167173,
      "negative_count": 525,
      "positive_count": 151,
      "precision_at_0.5": 0.3737704918032787,
      "precision_at_tuned_threshold": 0.46629213483146065,
      "prevalence": 0.22337278106508876,
      "recall_at_0.5": 0.7549668874172185,
      "recall_at_tuned_threshold": 0.5496688741721855,
      "threshold_used": 0.7153652906417847
    },
    "consolidation": {
      "auroc": 0.7431708388230127,
      "average_precision": 0.2168029813051341,
      "ece": 0.332481027055162,
      "f1_at_0.5": 0.2483221476510067,
      "f1_at_tuned_threshold": 0.2569832402234637,
      "negative_count": 621,
      "positive_count": 55,
      "precision_at_0.5": 0.1522633744855967,
      "precision_at_tuned_threshold": 0.18548387096774194,
      "prevalence": 0.08136094674556213,
      "recall_at_0.5": 0.6727272727272727,
      "recall_at_tuned_threshold": 0.41818181818181815,
      "threshold_used": 0.6349214315414429
    },
    "edema": {
      "auroc": 0.82593277195865,
      "average_precision": 0.5215351198333918,
      "ece": 0.2478310685205501,
      "f1_at_0.5": 0.5223529411764706,
      "f1_at_tuned_threshold": 0.5356265356265356,
      "negative_count": 541,
      "positive_count": 135,
      "precision_at_0.5": 0.38275862068965516,
      "precision_at_tuned_threshold": 0.4007352941176471,
      "prevalence": 0.1997041420118343,
      "recall_at_0.5": 0.8222222222222222,
      "recall_at_tuned_threshold": 0.8074074074074075,
      "threshold_used": 0.5453190207481384
    },
    "pleural_effusion": {
      "auroc": 0.8562333878319008,
      "average_precision": 0.8120636750920978,
      "ece": 0.1610769934161927,
      "f1_at_0.5": 0.7105666156202143,
      "f1_at_tuned_threshold": 0.6921985815602837,
      "negative_count": 407,
      "positive_count": 269,
      "precision_at_0.5": 0.6041666666666666,
      "precision_at_tuned_threshold": 0.5596330275229358,
      "prevalence": 0.3979289940828402,
      "recall_at_0.5": 0.862453531598513,
      "recall_at_tuned_threshold": 0.9070631970260223,
      "threshold_used": 0.4009080231189728
    },
    "pneumonia": {
      "auroc": 0.6931939978563773,
      "average_precision": 0.1417594507569533,
      "ece": 0.21363095603174612,
      "f1_at_0.5": 0.20754716981132074,
      "f1_at_tuned_threshold": 0.1834862385321101,
      "negative_count": 622,
      "positive_count": 54,
      "precision_at_0.5": 0.13924050632911392,
      "precision_at_tuned_threshold": 0.18181818181818182,
      "prevalence": 0.07988165680473373,
      "recall_at_0.5": 0.4074074074074074,
      "recall_at_tuned_threshold": 0.18518518518518517,
      "threshold_used": 0.7126482725143433
    },
    "pneumothorax": {
      "auroc": 0.7868509026075329,
      "average_precision": 0.1870538631121138,
      "ece": 0.30244856436810047,
      "f1_at_0.5": 0.20183486238532106,
      "f1_at_tuned_threshold": 0.2637362637362637,
      "negative_count": 641,
      "positive_count": 35,
      "precision_at_0.5": 0.12021857923497267,
      "precision_at_tuned_threshold": 0.21428571428571427,
      "prevalence": 0.051775147928994084,
      "recall_at_0.5": 0.6285714285714286,
      "recall_at_tuned_threshold": 0.34285714285714286,
      "threshold_used": 0.7897461652755737
    }
  },
  "loss": 1.318114728617245,
  "macro": {
    "auroc": 0.7642831677185535,
    "average_precision": 0.39606177600546466,
    "ece": 0.2395954984895675,
    "f1_at_0.5": 0.41067867439590255,
    "f1_at_tuned_thresholds": 0.4172453020460512
  },
  "num_examples": 676,
  "split_alias": "d2_test",
  "valid_label_counts": {
    "macro_auroc": 7,
    "macro_average_precision": 7
  }
}