{
  "label_metrics": {
    "atelectasis": {
      "auroc": 0.7954545454545454,
      "average_precision": 0.6325821194562594,
      "ece": 0.12241122434076424,
      "f1_at_0.5": 0.6473988439306358,
      "f1_at_tuned_threshold": 0.6473988439306358,
      "negative_count": 154,
      "positive_count": 80,
      "precision_at_0.5": 0.6021505376344086,
      "precision_at_tuned_threshold": 0.6021505376344086,
      "prevalence": 0.3418803418803419,
      "recall_at_0.5": 0.7,
      "recall_at_tuned_threshold": 0.7,
      "threshold_used": 0.5000236630439758
    },
    "cardiomegaly": {
      "auroc": 0.778880226789511,
      "average_precision": 0.6328343111461016,
      "ece": 0.11771677164562085,
      "f1_at_0.5": 0.5714285714285714,
      "f1_at_tuned_threshold": 0.42105263157894735,
      "negative_count": 166,
      "positive_count": 68,
      "precision_at_0.5": 0.5316455696202531,
      "precision_at_tuned_threshold": 0.7407407407407407,
      "prevalence": 0.2905982905982906,
      "recall_at_0.5": 0.6176470588235294,
      "recall_at_tuned_threshold": 0.29411764705882354,
      "threshold_used": 0.7153652906417847
    },
    "consolidation": {
      "auroc": 0.8551183476556611,
      "average_precision": 0.41719526167326687,
      "ece": 0.21895037284421673,
      "f1_at_0.5": 0.48936170212765956,
      "f1_at_tuned_threshold": 0.25925925925925924,
      "negative_count": 201,
      "positive_count": 33,
      "precision_at_0.5": 0.3770491803278688,
      "precision_at_tuned_threshold": 0.3333333333333333,
      "prevalence": 0.14102564102564102,
      "recall_at_0.5": 0.696969696969697,
      "recall_at_tuned_threshold": 0.21212121212121213,
      "threshold_used": 0.6349214315414429
    },
    "edema": {
      "auroc": 0.848206937095826,
      "average_precision": 0.6197948484144873,
      "ece": 0.13689613468545475,
      "f1_at_0.5": 0.6019417475728155,
      "f1_at_tuned_threshold": 0.585858585858586,
      "negative_count": 189,
      "positive_count": 45,
      "precision_at_0.5": 0.5344827586206896,
      "precision_at_tuned_threshold": 0.5370370370370371,
      "prevalence": 0.19230769230769232,
      "recall_at_0.5": 0.6888888888888889,
      "recall_at_tuned_threshold": 0.6444444444444445,
      "threshold_used": 0.5453190207481384
    },
    "pleural_effusion": {
      "auroc": 0.9258200017874698,
      "average_precision": 0.8608430061237936,
      "ece": 0.10771864007670486,
      "f1_at_0.5": 0.7517730496453902,
      "f1_at_tuned_threshold": 0.7307692307692307,
      "negative_count": 167,
      "positive_count": 67,
      "precision_at_0.5": 0.7162162162162162,
      "precision_at_tuned_threshold": 0.6404494382022472,
      "prevalence": 0.2863247863247863,
      "recall_at_0.5": 0.7910447761194029,
      "recall_at_tuned_threshold": 0.8507462686567164,
      "threshold_used": 0.4009080231189728
    },
    "pneumonia": {
      "auroc": 0.5641592920353983,
      "average_precision": 0.04655646332385062,
      "ece": 0.303681049329114,
      "f1_at_0.5": 0.030769230769230767,
      "f1_at_tuned_threshold": 0.09523809523809525,
      "negative_count": 226,
      "positive_count": 8,
      "precision_at_0.5": 0.017543859649122806,
      "precision_at_tuned_threshold": 0.07692307692307693,
      "prevalence": 0.03418803418803419,
      "recall_at_0.5": 0.125,
      "recall_at_tuned_threshold": 0.125,
      "threshold_used": 0.7126482725143433
    },
    "pneumothorax": {
      "auroc": 0.7511061946902655,
      "average_precision": 0.15820546456086795,
      "ece": 0.31986134917054226,
      "f1_at_0.5": 0.125,
      "f1_at_tuned_threshold": 0.22222222222222224,
      "negative_count": 226,
      "positive_count": 8,
      "precision_at_0.5": 0.07142857142857142,
      "precision_at_tuned_threshold": 0.2,
      "prevalence": 0.03418803418803419,
      "recall_at_0.5": 0.5,
      "recall_at_tuned_threshold": 0.25,
      "threshold_used": 0.7897461652755737
    }
  },
  "loss": 1.168065071105957,
  "macro": {
    "auroc": 0.7883922207869539,
    "average_precision": 0.4811444963855182,
    "ece": 0.18960507744177393,
    "f1_at_0.5": 0.4596675922106147,
    "f1_at_tuned_thresholds": 0.4231141241224253
  },
  "num_examples": 234,
  "split_alias": "target_test",
  "valid_label_counts": {
    "macro_auroc": 7,
    "macro_average_precision": 7
  }
}