{
  "label_metrics": {
    "atelectasis": {
      "auroc": 0.4958471760797342,
      "average_precision": 0.15358436098425324,
      "ece": 0.38458922847401045,
      "f1_at_0.5": 0.19753086419753085,
      "f1_at_tuned_threshold": 0.2745098039215686,
      "negative_count": 86,
      "positive_count": 14,
      "precision_at_0.5": 0.11940298507462686,
      "precision_at_tuned_threshold": 0.1590909090909091,
      "prevalence": 0.14,
      "recall_at_0.5": 0.5714285714285714,
      "recall_at_tuned_threshold": 1.0,
      "threshold_used": 0.44363054633140564
    },
    "cardiomegaly": {
      "auroc": 0.4606661941885188,
      "average_precision": 0.16210458796577285,
      "ece": 0.19807743398702785,
      "f1_at_0.5": 0.0,
      "f1_at_tuned_threshold": 0.297029702970297,
      "negative_count": 83,
      "positive_count": 17,
      "precision_at_0.5": 0.0,
      "precision_at_tuned_threshold": 0.17857142857142858,
      "prevalence": 0.17,
      "recall_at_0.5": 0.0,
      "recall_at_tuned_threshold": 0.8823529411764706,
      "threshold_used": 0.3153141736984253
    },
    "consolidation": {
      "auroc": 0.6288659793814433,
      "average_precision": 0.07901625253945929,
      "ece": 0.6253271482774035,
      "f1_at_0.5": 0.06593406593406592,
      "f1_at_tuned_threshold": 0.0,
      "negative_count": 97,
      "positive_count": 3,
      "precision_at_0.5": 0.03409090909090909,
      "precision_at_tuned_threshold": 0.0,
      "prevalence": 0.03,
      "recall_at_0.5": 1.0,
      "recall_at_tuned_threshold": 0.0,
      "threshold_used": 0.8036365509033203
    },
    "edema": {
      "auroc": 0.6379076086956522,
      "average_precision": 0.13379688066116446,
      "ece": 0.352036917268631,
      "f1_at_0.5": 0.10526315789473685,
      "f1_at_tuned_threshold": 0.23529411764705882,
      "negative_count": 92,
      "positive_count": 8,
      "precision_at_0.5": 0.09090909090909091,
      "precision_at_tuned_threshold": 0.15384615384615385,
      "prevalence": 0.08,
      "recall_at_0.5": 0.125,
      "recall_at_tuned_threshold": 0.5,
      "threshold_used": 0.4641121029853821
    },
    "pleural_effusion": {
      "auroc": 0.6109375,
      "average_precision": 0.2924518896748359,
      "ece": 0.22564737182072583,
      "f1_at_0.5": 0.27906976744186046,
      "f1_at_tuned_threshold": 0.37623762376237624,
      "negative_count": 80,
      "positive_count": 20,
      "precision_at_0.5": 0.2608695652173913,
      "precision_at_tuned_threshold": 0.2345679012345679,
      "prevalence": 0.2,
      "recall_at_0.5": 0.3,
      "recall_at_tuned_threshold": 0.95,
      "threshold_used": 0.3444434404373169
    },
    "pneumonia": {
      "auroc": 0.3491847826086957,
      "average_precision": 0.06734618238091916,
      "ece": 0.35692058972230445,
      "f1_at_0.5": 0.09302325581395347,
      "f1_at_tuned_threshold": 0.13333333333333333,
      "negative_count": 92,
      "positive_count": 8,
      "precision_at_0.5": 0.05714285714285714,
      "precision_at_tuned_threshold": 0.07216494845360824,
      "prevalence": 0.08,
      "recall_at_0.5": 0.25,
      "recall_at_tuned_threshold": 0.875,
      "threshold_used": 0.20513692498207092
    },
    "pneumothorax": {
      "auroc": 0.5223367697594502,
      "average_precision": 0.05704561139343748,
      "ece": 0.3596331539812419,
      "f1_at_0.5": 0.1111111111111111,
      "f1_at_tuned_threshold": 0.14285714285714288,
      "negative_count": 97,
      "positive_count": 3,
      "precision_at_0.5": 0.06666666666666667,
      "precision_at_tuned_threshold": 0.09090909090909091,
      "prevalence": 0.03,
      "recall_at_0.5": 0.3333333333333333,
      "recall_at_tuned_threshold": 0.3333333333333333,
      "threshold_used": 0.5328201651573181
    }
  },
  "loss": 1.1094530820846558,
  "macro": {
    "auroc": 0.5293922872447849,
    "average_precision": 0.13504939508569175,
    "ece": 0.35746169193304933,
    "f1_at_0.5": 0.12170460319903695,
    "f1_at_tuned_thresholds": 0.2084659606416824
  },
  "num_examples": 100,
  "split_alias": "target_val",
  "valid_label_counts": {
    "macro_auroc": 7,
    "macro_average_precision": 7
  }
}