{
  "label_metrics": {
    "atelectasis": {
      "auroc": 0.8482954545454545,
      "average_precision": 0.7197751608570713,
      "ece": 0.09773472109021313,
      "f1_at_0.5": 0.6790123456790124,
      "f1_at_tuned_threshold": 0.6961325966850829,
      "negative_count": 154,
      "positive_count": 80,
      "precision_at_0.5": 0.6707317073170732,
      "precision_at_tuned_threshold": 0.6237623762376238,
      "prevalence": 0.3418803418803419,
      "recall_at_0.5": 0.6875,
      "recall_at_tuned_threshold": 0.7875,
      "threshold_used": 0.41774290800094604
    },
    "cardiomegaly": {
      "auroc": 0.7388377037562013,
      "average_precision": 0.5873240939503972,
      "ece": 0.2632271065278451,
      "f1_at_0.5": 0.5170731707317073,
      "f1_at_tuned_threshold": 0.5043478260869566,
      "negative_count": 166,
      "positive_count": 68,
      "precision_at_0.5": 0.38686131386861317,
      "precision_at_tuned_threshold": 0.6170212765957447,
      "prevalence": 0.2905982905982906,
      "recall_at_0.5": 0.7794117647058824,
      "recall_at_tuned_threshold": 0.4264705882352941,
      "threshold_used": 0.7944713830947876
    },
    "consolidation": {
      "auroc": 0.9154228855721394,
      "average_precision": 0.5903720746355631,
      "ece": 0.29798815831887376,
      "f1_at_0.5": 0.5081967213114755,
      "f1_at_tuned_threshold": 0.5970149253731343,
      "negative_count": 201,
      "positive_count": 33,
      "precision_at_0.5": 0.34831460674157305,
      "precision_at_tuned_threshold": 0.5882352941176471,
      "prevalence": 0.14102564102564102,
      "recall_at_0.5": 0.9393939393939394,
      "recall_at_tuned_threshold": 0.6060606060606061,
      "threshold_used": 0.69533771276474
    },
    "edema": {
      "auroc": 0.8388007054673722,
      "average_precision": 0.5958489706418774,
      "ece": 0.1260922501347522,
      "f1_at_0.5": 0.574712643678161,
      "f1_at_tuned_threshold": 0.6,
      "negative_count": 189,
      "positive_count": 45,
      "precision_at_0.5": 0.5952380952380952,
      "precision_at_tuned_threshold": 0.5454545454545454,
      "prevalence": 0.19230769230769232,
      "recall_at_0.5": 0.5555555555555556,
      "recall_at_tuned_threshold": 0.6666666666666666,
      "threshold_used": 0.42745181918144226
    },
    "pleural_effusion": {
      "auroc": 0.9050853516846903,
      "average_precision": 0.8141270413448635,
      "ece": 0.15402907842219712,
      "f1_at_0.5": 0.7435897435897435,
      "f1_at_tuned_threshold": 0.7286821705426356,
      "negative_count": 167,
      "positive_count": 67,
      "precision_at_0.5": 0.651685393258427,
      "precision_at_tuned_threshold": 0.7580645161290323,
      "prevalence": 0.2863247863247863,
      "recall_at_0.5": 0.8656716417910447,
      "recall_at_tuned_threshold": 0.7014925373134329,
      "threshold_used": 0.629205584526062
    },
    "pneumonia": {
      "auroc": 0.9015486725663717,
      "average_precision": 0.3803218807766021,
      "ece": 0.34727770918868495,
      "f1_at_0.5": 0.29166666666666663,
      "f1_at_tuned_threshold": 0.16666666666666666,
      "negative_count": 226,
      "positive_count": 8,
      "precision_at_0.5": 0.175,
      "precision_at_tuned_threshold": 0.25,
      "prevalence": 0.03418803418803419,
      "recall_at_0.5": 0.875,
      "recall_at_tuned_threshold": 0.125,
      "threshold_used": 0.7177044749259949
    },
    "pneumothorax": {
      "auroc": 0.7820796460176991,
      "average_precision": 0.11742347194292274,
      "ece": 0.33009513412841096,
      "f1_at_0.5": 0.15873015873015875,
      "f1_at_tuned_threshold": 0.09090909090909091,
      "negative_count": 226,
      "positive_count": 8,
      "precision_at_0.5": 0.09090909090909091,
      "precision_at_tuned_threshold": 0.07142857142857142,
      "prevalence": 0.03418803418803419,
      "recall_at_0.5": 0.625,
      "recall_at_tuned_threshold": 0.125,
      "threshold_used": 0.7336821556091309
    }
  },
  "loss": 1.000598669052124,
  "macro": {
    "auroc": 0.8471529170871327,
    "average_precision": 0.5435989563070425,
    "ece": 0.23092059397299675,
    "f1_at_0.5": 0.4961402071981321,
    "f1_at_tuned_thresholds": 0.48339332518050954
  },
  "num_examples": 234,
  "split_alias": "target_test",
  "valid_label_counts": {
    "macro_auroc": 7,
    "macro_average_precision": 7
  }
}