{
  "label_metrics": {
    "atelectasis": {
      "auroc": 0.6181179614430234,
      "average_precision": 0.22238727844496642,
      "ece": 0.31020698266624225,
      "f1_at_0.5": 0.29430379746835444,
      "f1_at_tuned_threshold": 0.3127572016460905,
      "negative_count": 845,
      "positive_count": 155,
      "precision_at_0.5": 0.1949685534591195,
      "precision_at_tuned_threshold": 0.1986062717770035,
      "prevalence": 0.155,
      "recall_at_0.5": 0.6,
      "recall_at_tuned_threshold": 0.7354838709677419,
      "threshold_used": 0.41774290800094604
    },
    "cardiomegaly": {
      "auroc": 0.7676854761706112,
      "average_precision": 0.3556102720939252,
      "ece": 0.44838883577801625,
      "f1_at_0.5": 0.29517241379310344,
      "f1_at_tuned_threshold": 0.3861671469740634,
      "negative_count": 877,
      "positive_count": 123,
      "precision_at_0.5": 0.1777408637873754,
      "precision_at_tuned_threshold": 0.29910714285714285,
      "prevalence": 0.123,
      "recall_at_0.5": 0.8699186991869918,
      "recall_at_tuned_threshold": 0.5447154471544715,
      "threshold_used": 0.7944713830947876
    },
    "consolidation": {
      "auroc": 0.6581986872002019,
      "average_precision": 0.10729369639662259,
      "ece": 0.4345333438253718,
      "f1_at_0.5": 0.16778523489932887,
      "f1_at_tuned_threshold": 0.19999999999999998,
      "negative_count": 932,
      "positive_count": 68,
      "precision_at_0.5": 0.0946969696969697,
      "precision_at_tuned_threshold": 0.13366336633663367,
      "prevalence": 0.068,
      "recall_at_0.5": 0.7352941176470589,
      "recall_at_tuned_threshold": 0.39705882352941174,
      "threshold_used": 0.69533771276474
    },
    "edema": {
      "auroc": 0.7566401778456128,
      "average_precision": 0.46438497771817794,
      "ece": 0.12756435025168192,
      "f1_at_0.5": 0.49407114624505927,
      "f1_at_tuned_threshold": 0.5326633165829145,
      "negative_count": 763,
      "positive_count": 237,
      "precision_at_0.5": 0.4646840148698885,
      "precision_at_tuned_threshold": 0.44166666666666665,
      "prevalence": 0.237,
      "recall_at_0.5": 0.5274261603375527,
      "recall_at_tuned_threshold": 0.6708860759493671,
      "threshold_used": 0.42745181918144226
    },
    "pleural_effusion": {
      "auroc": 0.8180705810872391,
      "average_precision": 0.7445208897339368,
      "ece": 0.12495168848218163,
      "f1_at_0.5": 0.6917960088691796,
      "f1_at_tuned_threshold": 0.7036082474226804,
      "negative_count": 614,
      "positive_count": 386,
      "precision_at_0.5": 0.6046511627906976,
      "precision_at_tuned_threshold": 0.7,
      "prevalence": 0.386,
      "recall_at_0.5": 0.8082901554404145,
      "recall_at_tuned_threshold": 0.7072538860103627,
      "threshold_used": 0.629205584526062
    },
    "pneumonia": {
      "auroc": 0.5793517561983471,
      "average_precision": 0.05650049922055186,
      "ece": 0.39067907160641413,
      "f1_at_0.5": 0.09090909090909091,
      "f1_at_tuned_threshold": 0.125,
      "negative_count": 968,
      "positive_count": 32,
      "precision_at_0.5": 0.050724637681159424,
      "precision_at_tuned_threshold": 0.125,
      "prevalence": 0.032,
      "recall_at_0.5": 0.4375,
      "recall_at_tuned_threshold": 0.125,
      "threshold_used": 0.7177044749259949
    },
    "pneumothorax": {
      "auroc": 0.7776859606063222,
      "average_precision": 0.40678615839338894,
      "ece": 0.3228555352438329,
      "f1_at_0.5": 0.31683168316831684,
      "f1_at_tuned_threshold": 0.4606741573033708,
      "negative_count": 911,
      "positive_count": 89,
      "precision_at_0.5": 0.20317460317460317,
      "precision_at_tuned_threshold": 0.4606741573033708,
      "prevalence": 0.089,
      "recall_at_0.5": 0.7191011235955056,
      "recall_at_tuned_threshold": 0.4606741573033708,
      "threshold_used": 0.7336821556091309
    }
  },
  "loss": 1.0707240009307861,
  "macro": {
    "auroc": 0.7108215143644798,
    "average_precision": 0.3367833960002242,
    "ece": 0.3084542582648201,
    "f1_at_0.5": 0.3358384821932047,
    "f1_at_tuned_thresholds": 0.3886957242755885
  },
  "num_examples": 1000,
  "split_alias": "target_val",
  "valid_label_counts": {
    "macro_auroc": 7,
    "macro_average_precision": 7
  }
}