{
  "brier_score": 0.05601242344294276,
  "label_metrics": {
    "0": {
      "auprc": 0.27753438304775696,
      "auroc": 0.7836802285936941,
      "brier": 0.08669653534889221,
      "ece": 0.03754098361171782
    },
    "1": {
      "auprc": 0.17912222182751902,
      "auroc": 0.8358383967594072,
      "brier": 0.02415148727595806,
      "ece": 0.007326425466686487
    },
    "2": {
      "auprc": 0.1710543680714476,
      "auroc": 0.791644817339626,
      "brier": 0.04154607281088829,
      "ece": 0.017728255765512586
    },
    "3": {
      "auprc": 0.21026257639713547,
      "auroc": 0.8929186818932633,
      "brier": 0.09190382063388824,
      "ece": 0.1594520529571455
    },
    "4": {
      "auprc": 0.4856945513746666,
      "auroc": 0.8630604045343199,
      "brier": 0.09172177314758301,
      "ece": 0.0647381307259202
    },
    "5": {
      "auprc": 0.0433591596291244,
      "auroc": 0.7653759779773979,
      "brier": 0.013985639438033104,
      "ece": 0.003596031503751874
    },
    "6": {
      "auprc": 0.2655405959000844,
      "auroc": 0.8511426493225298,
      "brier": 0.04208163544535637,
      "ece": 0.027454446401447053
    }
  },
  "macro_auprc": 0.23322397946396212,
  "macro_auroc": 0.8262373080600339,
  "macro_ece": 0.04540518949031165,
  "micro_auprc": 0.25789549556053515,
  "micro_auroc": 0.8350742876857192,
  "num_examples": 2000,
  "prediction_artifact": "/workspace/paper_v1/outputs/nih_to_chexpert/20260420T091929Z__nih_to_chexpert/20260420T091939Z__vq_summary_replay/metrics/d0_nih_test_predictions.npz",
  "valid_label_counts": {
    "brier_score": 7,
    "macro_auprc": 7,
    "macro_auroc": 7,
    "macro_ece": 7
  }
}
