{
  "brier_score": 0.04859480634331703,
  "label_metrics": {
    "0": {
      "auprc": 0.2914616393118644,
      "auroc": 0.7924067279280449,
      "brier": 0.0874926745891571,
      "ece": 0.03603330831229687
    },
    "1": {
      "auprc": 0.16437629669002557,
      "auroc": 0.8310027037241619,
      "brier": 0.02745778299868107,
      "ece": 0.038504839077126235
    },
    "2": {
      "auprc": 0.20329668010889154,
      "auroc": 0.807105683080445,
      "brier": 0.04071427509188652,
      "ece": 0.003647927295416593
    },
    "3": {
      "auprc": 0.17095357422675106,
      "auroc": 0.8963292177157727,
      "brier": 0.045278944075107574,
      "ece": 0.08450100589776412
    },
    "4": {
      "auprc": 0.4999916446377647,
      "auroc": 0.8682519203856689,
      "brier": 0.08448846638202667,
      "ece": 0.04554834520444274
    },
    "5": {
      "auprc": 0.05369474427728633,
      "auroc": 0.8008004926108374,
      "brier": 0.014951074495911598,
      "ece": 0.0300011202939786
    },
    "6": {
      "auprc": 0.28244348073414244,
      "auroc": 0.8586024324644349,
      "brier": 0.039780426770448685,
      "ece": 0.01593544652685523
    }
  },
  "macro_auprc": 0.23803115142667516,
  "macro_auroc": 0.8363570254156236,
  "macro_ece": 0.036310284658268625,
  "micro_auprc": 0.29995017996777706,
  "micro_auroc": 0.8486714216785542,
  "num_examples": 2000,
  "prediction_artifact": "/workspace/paper_v1/outputs/nih_to_chexpert_to_mimic/20260420T165345Z__nih_to_chexpert_to_mimic_harder_gate_only/20260420T165351Z__harder_gate_clipping/metrics/d0_nih_test_predictions.npz",
  "valid_label_counts": {
    "brier_score": 7,
    "macro_auprc": 7,
    "macro_auroc": 7,
    "macro_ece": 7
  }
}
