{
  "brier_score": 0.10939651993768555,
  "label_metrics": {
    "0": {
      "auprc": 0.7784895765916094,
      "auroc": 0.8681818181818182,
      "brier": 0.18759165704250336,
      "ece": 0.16648552509454578
    },
    "1": {
      "auprc": 0.6712140926256126,
      "auroc": 0.8332742735648476,
      "brier": 0.17104095220565796,
      "ece": 0.11754949390888214
    },
    "2": {
      "auprc": 0.5293613229557198,
      "auroc": 0.9093924317804915,
      "brier": 0.1038745641708374,
      "ece": 0.0970025047277793
    },
    "3": {
      "auprc": 0.688869884007934,
      "auroc": 0.8768959435626102,
      "brier": 0.12655115127563477,
      "ece": 0.0944394438694685
    },
    "4": {
      "auprc": 0.8201660402550872,
      "auroc": 0.9102690142103852,
      "brier": 0.11110629886388779,
      "ece": 0.07351673260713235
    },
    "5": {
      "auprc": 0.24914769267390752,
      "auroc": 0.8694690265486725,
      "brier": 0.031609442085027695,
      "ece": 0.00437008227325148
    },
    "6": {
      "auprc": 0.13528171669010616,
      "auroc": 0.7632743362831859,
      "brier": 0.03400157392024994,
      "ece": 0.026811162344156165
    }
  },
  "macro_auprc": 0.5532186179714252,
  "macro_auroc": 0.8615366920188586,
  "macro_ece": 0.08288213497503083,
  "micro_auprc": 0.6551791035711884,
  "micro_auroc": 0.8895804568731874,
  "num_examples": 234,
  "prediction_artifact": "/workspace/paper_v1/outputs/nih_to_chexpert_to_mimic/20260420T165345Z__nih_to_chexpert_to_mimic_harder_gate_only/20260420T165351Z__harder_gate_clipping/metrics/d1_chexpert_test_predictions.npz",
  "valid_label_counts": {
    "brier_score": 7,
    "macro_auprc": 7,
    "macro_auroc": 7,
    "macro_ece": 7
  }
}
