{
  "brier_score": 0.11439678126147815,
  "label_metrics": {
    "0": {
      "auprc": 0.45231728760026046,
      "auroc": 0.6984001368866836,
      "brier": 0.18872039020061493,
      "ece": 0.05403129961451835
    },
    "1": {
      "auprc": 0.4569850722028433,
      "auroc": 0.7826931567328919,
      "brier": 0.14708735048770905,
      "ece": 0.040517723617645406
    },
    "2": {
      "auprc": 0.1362150891762864,
      "auroc": 0.6911725955204215,
      "brier": 0.07295535504817963,
      "ece": 0.0143423046718335
    },
    "3": {
      "auprc": 0.5197125420727567,
      "auroc": 0.8223865270075991,
      "brier": 0.1267213076353073,
      "ece": 0.038411961350391606
    },
    "4": {
      "auprc": 0.8187662070673698,
      "auroc": 0.8650840769799877,
      "brier": 0.14489895105361938,
      "ece": 0.04321434794093025
    },
    "5": {
      "auprc": 0.15432835514901014,
      "auroc": 0.6498451828033822,
      "brier": 0.07196252048015594,
      "ece": 0.014542948333381194
    },
    "6": {
      "auprc": 0.1958497669281123,
      "auroc": 0.7860931580120347,
      "brier": 0.04843159392476082,
      "ece": 0.016344266827907083
    }
  },
  "macro_auprc": 0.3905963314566628,
  "macro_auroc": 0.7565249762775714,
  "macro_ece": 0.031629264622372484,
  "micro_auprc": 0.5750123482054411,
  "micro_auroc": 0.8288319297409419,
  "num_examples": 676,
  "prediction_artifact": "/workspace/paper_v1/outputs/nih_to_chexpert_to_mimic/20260420T165345Z__nih_to_chexpert_to_mimic_harder_gate_only/20260420T165351Z__harder_gate_clipping/metrics/d2_mimic_test_predictions.npz",
  "valid_label_counts": {
    "brier_score": 7,
    "macro_auprc": 7,
    "macro_auroc": 7,
    "macro_ece": 7
  }
}
