{
  "label_metrics": {
    "atelectasis": {
      "auroc": 0.8027129120879121,
      "average_precision": 0.4034205656078109,
      "ece": 0.2593717666503681,
      "f1_at_0.5": 0.38461538461538464,
      "f1_at_tuned_threshold": 0.38461538461538464,
      "negative_count": 896,
      "positive_count": 104,
      "precision_at_0.5": 0.26223776223776224,
      "precision_at_tuned_threshold": 0.26223776223776224,
      "prevalence": 0.104,
      "recall_at_0.5": 0.7211538461538461,
      "recall_at_tuned_threshold": 0.7211538461538461,
      "threshold_used": 0.49988773465156555
    },
    "cardiomegaly": {
      "auroc": 0.85446735395189,
      "average_precision": 0.21292638902324765,
      "ece": 0.2364362709289334,
      "f1_at_0.5": 0.20370370370370372,
      "f1_at_tuned_threshold": 0.2777777777777778,
      "negative_count": 970,
      "positive_count": 30,
      "precision_at_0.5": 0.11827956989247312,
      "precision_at_tuned_threshold": 0.19230769230769232,
      "prevalence": 0.03,
      "recall_at_0.5": 0.7333333333333333,
      "recall_at_tuned_threshold": 0.5,
      "threshold_used": 0.7158879041671753
    },
    "consolidation": {
      "auroc": 0.7957114210190502,
      "average_precision": 0.1486717674216865,
      "ece": 0.2301750177243596,
      "f1_at_0.5": 0.18954248366013074,
      "f1_at_tuned_threshold": 0.21761658031088082,
      "negative_count": 954,
      "positive_count": 46,
      "precision_at_0.5": 0.11153846153846154,
      "precision_at_tuned_threshold": 0.14285714285714285,
      "prevalence": 0.046,
      "recall_at_0.5": 0.6304347826086957,
      "recall_at_tuned_threshold": 0.45652173913043476,
      "threshold_used": 0.6353018283843994
    },
    "edema": {
      "auroc": 0.8948512820512821,
      "average_precision": 0.2086579523154144,
      "ece": 0.23855805855011925,
      "f1_at_0.5": 0.16216216216216217,
      "f1_at_tuned_threshold": 0.1646090534979424,
      "negative_count": 975,
      "positive_count": 25,
      "precision_at_0.5": 0.08974358974358974,
      "precision_at_tuned_threshold": 0.09174311926605505,
      "prevalence": 0.025,
      "recall_at_0.5": 0.84,
      "recall_at_tuned_threshold": 0.8,
      "threshold_used": 0.5452287793159485
    },
    "pleural_effusion": {
      "auroc": 0.868657150121681,
      "average_precision": 0.49258033308943616,
      "ece": 0.18035900163662244,
      "f1_at_0.5": 0.5039370078740157,
      "f1_at_tuned_threshold": 0.4755244755244756,
      "negative_count": 874,
      "positive_count": 126,
      "precision_at_0.5": 0.3764705882352941,
      "precision_at_tuned_threshold": 0.33663366336633666,
      "prevalence": 0.126,
      "recall_at_0.5": 0.7619047619047619,
      "recall_at_tuned_threshold": 0.8095238095238095,
      "threshold_used": 0.4016341269016266
    },
    "pneumonia": {
      "auroc": 0.643146913937989,
      "average_precision": 0.023113206447809564,
      "ece": 0.25683520629327555,
      "f1_at_0.5": 0.027522935779816512,
      "f1_at_tuned_threshold": 0.038461538461538464,
      "negative_count": 986,
      "positive_count": 14,
      "precision_at_0.5": 0.014705882352941176,
      "precision_at_tuned_threshold": 0.022222222222222223,
      "prevalence": 0.014,
      "recall_at_0.5": 0.21428571428571427,
      "recall_at_tuned_threshold": 0.14285714285714285,
      "threshold_used": 0.7123598456382751
    },
    "pneumothorax": {
      "auroc": 0.8664653860783568,
      "average_precision": 0.21228774760844263,
      "ece": 0.19440651406858991,
      "f1_at_0.5": 0.29189189189189185,
      "f1_at_tuned_threshold": 0.24719101123595505,
      "negative_count": 956,
      "positive_count": 44,
      "precision_at_0.5": 0.19148936170212766,
      "precision_at_tuned_threshold": 0.24444444444444444,
      "prevalence": 0.044,
      "recall_at_0.5": 0.6136363636363636,
      "recall_at_tuned_threshold": 0.25,
      "threshold_used": 0.7897399663925171
    }
  },
  "loss": 0.66165735912323,
  "macro": {
    "auroc": 0.8180017741783087,
    "average_precision": 0.24309399450197824,
    "ece": 0.22802026226460975,
    "f1_at_0.5": 0.25191079566958646,
    "f1_at_tuned_thresholds": 0.2579708316319936
  },
  "num_examples": 1000,
  "split_alias": "d0_val",
  "valid_label_counts": {
    "macro_auroc": 7,
    "macro_average_precision": 7
  }
}