{
  "label_metrics": {
    "atelectasis": {
      "auroc": 0.6531704523764077,
      "average_precision": 0.263767798910162,
      "ece": 0.31326765344187757,
      "f1_at_0.5": 0.3338735818476499,
      "f1_at_tuned_threshold": 0.3365695792880259,
      "negative_count": 845,
      "positive_count": 155,
      "precision_at_0.5": 0.22294372294372294,
      "precision_at_tuned_threshold": 0.22462203023758098,
      "prevalence": 0.155,
      "recall_at_0.5": 0.6645161290322581,
      "recall_at_tuned_threshold": 0.6709677419354839,
      "threshold_used": 0.49988773465156555
    },
    "cardiomegaly": {
      "auroc": 0.7974803237199989,
      "average_precision": 0.40276333062023073,
      "ece": 0.30776346143642896,
      "f1_at_0.5": 0.3732809430255402,
      "f1_at_tuned_threshold": 0.42857142857142855,
      "negative_count": 877,
      "positive_count": 123,
      "precision_at_0.5": 0.24611398963730569,
      "precision_at_tuned_threshold": 0.3821656050955414,
      "prevalence": 0.123,
      "recall_at_0.5": 0.7723577235772358,
      "recall_at_tuned_threshold": 0.4878048780487805,
      "threshold_used": 0.7158879041671753
    },
    "consolidation": {
      "auroc": 0.6891567785912648,
      "average_precision": 0.12860300667559812,
      "ece": 0.3485976413271131,
      "f1_at_0.5": 0.21026894865525675,
      "f1_at_tuned_threshold": 0.242152466367713,
      "negative_count": 932,
      "positive_count": 68,
      "precision_at_0.5": 0.12609970674486803,
      "precision_at_tuned_threshold": 0.17419354838709677,
      "prevalence": 0.068,
      "recall_at_0.5": 0.6323529411764706,
      "recall_at_tuned_threshold": 0.39705882352941174,
      "threshold_used": 0.6353018283843994
    },
    "edema": {
      "auroc": 0.7894553478109395,
      "average_precision": 0.5066172717298734,
      "ece": 0.1631047954206079,
      "f1_at_0.5": 0.5407166123778501,
      "f1_at_tuned_threshold": 0.5514834205933683,
      "negative_count": 763,
      "positive_count": 237,
      "precision_at_0.5": 0.4403183023872679,
      "precision_at_tuned_threshold": 0.47023809523809523,
      "prevalence": 0.237,
      "recall_at_0.5": 0.70042194092827,
      "recall_at_tuned_threshold": 0.6666666666666666,
      "threshold_used": 0.5452287793159485
    },
    "pleural_effusion": {
      "auroc": 0.8330661085888845,
      "average_precision": 0.7654334632815302,
      "ece": 0.07823380474774515,
      "f1_at_0.5": 0.7050183598531211,
      "f1_at_tuned_threshold": 0.7094668117519042,
      "negative_count": 614,
      "positive_count": 386,
      "precision_at_0.5": 0.6682134570765661,
      "precision_at_tuned_threshold": 0.6116322701688556,
      "prevalence": 0.386,
      "recall_at_0.5": 0.7461139896373057,
      "recall_at_tuned_threshold": 0.844559585492228,
      "threshold_used": 0.4016341269016266
    },
    "pneumonia": {
      "auroc": 0.5949121900826446,
      "average_precision": 0.05699908741946142,
      "ece": 0.3336349754860858,
      "f1_at_0.5": 0.0738255033557047,
      "f1_at_tuned_threshold": 0.1320754716981132,
      "negative_count": 968,
      "positive_count": 32,
      "precision_at_0.5": 0.041353383458646614,
      "precision_at_tuned_threshold": 0.0945945945945946,
      "prevalence": 0.032,
      "recall_at_0.5": 0.34375,
      "recall_at_tuned_threshold": 0.21875,
      "threshold_used": 0.7123598456382751
    },
    "pneumothorax": {
      "auroc": 0.7961247672023581,
      "average_precision": 0.43288377126020916,
      "ece": 0.30706973406915916,
      "f1_at_0.5": 0.31527093596059114,
      "f1_at_tuned_threshold": 0.5,
      "negative_count": 911,
      "positive_count": 89,
      "precision_at_0.5": 0.20189274447949526,
      "precision_at_tuned_threshold": 0.5180722891566265,
      "prevalence": 0.089,
      "recall_at_0.5": 0.7191011235955056,
      "recall_at_tuned_threshold": 0.48314606741573035,
      "threshold_used": 0.7897399663925171
    }
  },
  "loss": 1.027348970413208,
  "macro": {
    "auroc": 0.7361951383389284,
    "average_precision": 0.3652953899852949,
    "ece": 0.26452458084700253,
    "f1_at_0.5": 0.364607840725102,
    "f1_at_tuned_thresholds": 0.4143313111815076
  },
  "num_examples": 1000,
  "split_alias": "target_val",
  "valid_label_counts": {
    "macro_auroc": 7,
    "macro_average_precision": 7
  }
}