{
  "labels": {
    "atelectasis": {
      "best_f1": 0.3365695792880259,
      "threshold": 0.49988773826232685
    },
    "cardiomegaly": {
      "best_f1": 0.43416370106761565,
      "threshold": 0.7158878973521636
    },
    "consolidation": {
      "best_f1": 0.242152466367713,
      "threshold": 0.6353018388703285
    },
    "edema": {
      "best_f1": 0.5514834205933682,
      "threshold": 0.5452287962474933
    },
    "pleural_effusion": {
      "best_f1": 0.7108695652173913,
      "threshold": 0.4016341159581012
    },
    "pneumonia": {
      "best_f1": 0.1320754716981132,
      "threshold": 0.712359865579021
    },
    "pneumothorax": {
      "best_f1": 0.5,
      "threshold": 0.7897399762490525
    }
  },
  "macro_threshold": 0.6142914891242981,
  "selection_metric": "per_label_f1",
  "selection_split": "target_val"
}