{
  "brier_score": 0.10603866087538856,
  "label_metrics": {
    "0": {
      "auprc": 0.7142055428709673,
      "auroc": 0.8330357142857143,
      "brier": 0.17120517790317535,
      "ece": 0.10926644306661736
    },
    "1": {
      "auprc": 0.6459471528369864,
      "auroc": 0.8090892983699505,
      "brier": 0.17426231503486633,
      "ece": 0.12219600264842695
    },
    "2": {
      "auprc": 0.5450649819223621,
      "auroc": 0.9065279662294587,
      "brier": 0.09131786227226257,
      "ece": 0.06290235542334044
    },
    "3": {
      "auprc": 0.6492581152712185,
      "auroc": 0.8566725455614344,
      "brier": 0.11820093542337418,
      "ece": 0.11154005377211124
    },
    "4": {
      "auprc": 0.8557264368626133,
      "auroc": 0.9300205559031192,
      "brier": 0.10830437391996384,
      "ece": 0.10885194495606883
    },
    "5": {
      "auprc": 0.1591750233152948,
      "auroc": 0.8257743362831859,
      "brier": 0.03251256048679352,
      "ece": 0.040292183498445995
    },
    "6": {
      "auprc": 0.10597148771490876,
      "auroc": 0.7621681415929203,
      "brier": 0.04646740108728409,
      "ece": 0.08817849545858994
    }
  },
  "macro_auprc": 0.5250498201134788,
  "macro_auroc": 0.8461840797465406,
  "macro_ece": 0.09188963983194297,
  "micro_auprc": 0.6255171064219501,
  "micro_auroc": 0.8638146792609963,
  "num_examples": 234,
  "prediction_artifact": "/workspace/paper_v1/outputs/nih_to_chexpert/20260420T091929Z__nih_to_chexpert/20260420T091934Z__finetune_seq/metrics/d1_chexpert_test_predictions.npz",
  "valid_label_counts": {
    "brier_score": 7,
    "macro_auprc": 7,
    "macro_auroc": 7,
    "macro_ece": 7
  }
}
