{
  "label_metrics": {
    "atelectasis": {
      "auroc": 0.6859520041066005,
      "average_precision": 0.43342843675693543,
      "ece": 0.19644743870092396,
      "f1_at_0.5": 0.5180952380952382,
      "f1_at_tuned_threshold": 0.5091514143094842,
      "negative_count": 482,
      "positive_count": 194,
      "precision_at_0.5": 0.4108761329305136,
      "precision_at_tuned_threshold": 0.3759213759213759,
      "prevalence": 0.2869822485207101,
      "recall_at_0.5": 0.7010309278350515,
      "recall_at_tuned_threshold": 0.788659793814433,
      "threshold_used": 0.4172539710998535
    },
    "cardiomegaly": {
      "auroc": 0.7727656890570798,
      "average_precision": 0.4654039095808923,
      "ece": 0.2940154327281813,
      "f1_at_0.5": 0.48923679060665354,
      "f1_at_tuned_threshold": 0.4626334519572954,
      "negative_count": 525,
      "positive_count": 151,
      "precision_at_0.5": 0.3472222222222222,
      "precision_at_tuned_threshold": 0.5,
      "prevalence": 0.22337278106508876,
      "recall_at_0.5": 0.8278145695364238,
      "recall_at_tuned_threshold": 0.4304635761589404,
      "threshold_used": 0.8067746162414551
    },
    "consolidation": {
      "auroc": 0.7444883618796663,
      "average_precision": 0.21721966894051,
      "ece": 0.399317936465149,
      "f1_at_0.5": 0.2233009708737864,
      "f1_at_tuned_threshold": 0.26136363636363635,
      "negative_count": 621,
      "positive_count": 55,
      "precision_at_0.5": 0.12885154061624648,
      "precision_at_tuned_threshold": 0.19008264462809918,
      "prevalence": 0.08136094674556213,
      "recall_at_0.5": 0.8363636363636363,
      "recall_at_tuned_threshold": 0.41818181818181815,
      "threshold_used": 0.6878619194030762
    },
    "edema": {
      "auroc": 0.8209625522009996,
      "average_precision": 0.5201085816180148,
      "ece": 0.24546875623743095,
      "f1_at_0.5": 0.5200945626477541,
      "f1_at_tuned_threshold": 0.5225653206650831,
      "negative_count": 541,
      "positive_count": 135,
      "precision_at_0.5": 0.3819444444444444,
      "precision_at_tuned_threshold": 0.38461538461538464,
      "prevalence": 0.1997041420118343,
      "recall_at_0.5": 0.8148148148148148,
      "recall_at_tuned_threshold": 0.8148148148148148,
      "threshold_used": 0.5066507458686829
    },
    "pleural_effusion": {
      "auroc": 0.8567266150909274,
      "average_precision": 0.813247381612627,
      "ece": 0.17082539334543467,
      "f1_at_0.5": 0.713855421686747,
      "f1_at_tuned_threshold": 0.7236024844720497,
      "negative_count": 407,
      "positive_count": 269,
      "precision_at_0.5": 0.6,
      "precision_at_tuned_threshold": 0.6213333333333333,
      "prevalence": 0.3979289940828402,
      "recall_at_0.5": 0.8810408921933085,
      "recall_at_tuned_threshold": 0.8661710037174721,
      "threshold_used": 0.542506217956543
    },
    "pneumonia": {
      "auroc": 0.6899487912349649,
      "average_precision": 0.1443163869405017,
      "ece": 0.27702220332365207,
      "f1_at_0.5": 0.2338709677419355,
      "f1_at_tuned_threshold": 0.2058823529411765,
      "negative_count": 622,
      "positive_count": 54,
      "precision_at_0.5": 0.14948453608247422,
      "precision_at_tuned_threshold": 0.17073170731707318,
      "prevalence": 0.07988165680473373,
      "recall_at_0.5": 0.5370370370370371,
      "recall_at_tuned_threshold": 0.25925925925925924,
      "threshold_used": 0.6967864632606506
    },
    "pneumothorax": {
      "auroc": 0.7834187653220415,
      "average_precision": 0.1844336020220396,
      "ece": 0.29957687962718965,
      "f1_at_0.5": 0.21674876847290642,
      "f1_at_tuned_threshold": 0.2682926829268293,
      "negative_count": 641,
      "positive_count": 35,
      "precision_at_0.5": 0.13095238095238096,
      "precision_at_tuned_threshold": 0.23404255319148937,
      "prevalence": 0.051775147928994084,
      "recall_at_0.5": 0.6285714285714286,
      "recall_at_tuned_threshold": 0.3142857142857143,
      "threshold_used": 0.7742735743522644
    }
  },
  "loss": 1.233457263404801,
  "macro": {
    "auroc": 0.7648946826988972,
    "average_precision": 0.3968797096387887,
    "ece": 0.26895343434685165,
    "f1_at_0.5": 0.4164575314464316,
    "f1_at_tuned_thresholds": 0.4219273348050792
  },
  "num_examples": 676,
  "split_alias": "d2_test",
  "valid_label_counts": {
    "macro_auroc": 7,
    "macro_average_precision": 7
  }
}