{
  "label_metrics": {
    "atelectasis": {
      "auroc": 0.8205357142857143,
      "average_precision": 0.6673451347247807,
      "ece": 0.10183022409931446,
      "f1_at_0.5": 0.6892655367231638,
      "f1_at_tuned_threshold": 0.693069306930693,
      "negative_count": 154,
      "positive_count": 80,
      "precision_at_0.5": 0.6288659793814433,
      "precision_at_tuned_threshold": 0.5737704918032787,
      "prevalence": 0.3418803418803419,
      "recall_at_0.5": 0.7625,
      "recall_at_tuned_threshold": 0.875,
      "threshold_used": 0.4172539710998535
    },
    "cardiomegaly": {
      "auroc": 0.7663890857547838,
      "average_precision": 0.6208642544149702,
      "ece": 0.18533922048472332,
      "f1_at_0.5": 0.5340909090909091,
      "f1_at_tuned_threshold": 0.3956043956043956,
      "negative_count": 166,
      "positive_count": 68,
      "precision_at_0.5": 0.4351851851851852,
      "precision_at_tuned_threshold": 0.782608695652174,
      "prevalence": 0.2905982905982906,
      "recall_at_0.5": 0.6911764705882353,
      "recall_at_tuned_threshold": 0.2647058823529412,
      "threshold_used": 0.8067746162414551
    },
    "consolidation": {
      "auroc": 0.8792401628222524,
      "average_precision": 0.4673244532877497,
      "ece": 0.27257972407339515,
      "f1_at_0.5": 0.547008547008547,
      "f1_at_tuned_threshold": 0.3508771929824562,
      "negative_count": 201,
      "positive_count": 33,
      "precision_at_0.5": 0.38095238095238093,
      "precision_at_tuned_threshold": 0.4166666666666667,
      "prevalence": 0.14102564102564102,
      "recall_at_0.5": 0.9696969696969697,
      "recall_at_tuned_threshold": 0.30303030303030304,
      "threshold_used": 0.6878619194030762
    },
    "edema": {
      "auroc": 0.8512639623750735,
      "average_precision": 0.6260463851055574,
      "ece": 0.11879875875950914,
      "f1_at_0.5": 0.5979381443298969,
      "f1_at_tuned_threshold": 0.5979381443298969,
      "negative_count": 189,
      "positive_count": 45,
      "precision_at_0.5": 0.5576923076923077,
      "precision_at_tuned_threshold": 0.5576923076923077,
      "prevalence": 0.19230769230769232,
      "recall_at_0.5": 0.6444444444444445,
      "recall_at_tuned_threshold": 0.6444444444444445,
      "threshold_used": 0.5066507458686829
    },
    "pleural_effusion": {
      "auroc": 0.9226919295736884,
      "average_precision": 0.8514953575114804,
      "ece": 0.14983803904828158,
      "f1_at_0.5": 0.7417218543046357,
      "f1_at_tuned_threshold": 0.7586206896551725,
      "negative_count": 167,
      "positive_count": 67,
      "precision_at_0.5": 0.6666666666666666,
      "precision_at_tuned_threshold": 0.7051282051282052,
      "prevalence": 0.2863247863247863,
      "recall_at_0.5": 0.835820895522388,
      "recall_at_tuned_threshold": 0.8208955223880597,
      "threshold_used": 0.542506217956543
    },
    "pneumonia": {
      "auroc": 0.6720132743362832,
      "average_precision": 0.07129041171594364,
      "ece": 0.3101849709397215,
      "f1_at_0.5": 0.06779661016949153,
      "f1_at_tuned_threshold": 0.0,
      "negative_count": 226,
      "positive_count": 8,
      "precision_at_0.5": 0.0392156862745098,
      "precision_at_tuned_threshold": 0.0,
      "prevalence": 0.03418803418803419,
      "recall_at_0.5": 0.25,
      "recall_at_tuned_threshold": 0.0,
      "threshold_used": 0.6967864632606506
    },
    "pneumothorax": {
      "auroc": 0.7555309734513275,
      "average_precision": 0.1367575126540645,
      "ece": 0.3260617650661639,
      "f1_at_0.5": 0.08695652173913043,
      "f1_at_tuned_threshold": 0.2,
      "negative_count": 226,
      "positive_count": 8,
      "precision_at_0.5": 0.04918032786885246,
      "precision_at_tuned_threshold": 0.16666666666666666,
      "prevalence": 0.03418803418803419,
      "recall_at_0.5": 0.375,
      "recall_at_tuned_threshold": 0.25,
      "threshold_used": 0.7742735743522644
    }
  },
  "loss": 1.0706337690353394,
  "macro": {
    "auroc": 0.8096664432284462,
    "average_precision": 0.4915890727735066,
    "ece": 0.20923324321015846,
    "f1_at_0.5": 0.4663968747665392,
    "f1_at_tuned_thresholds": 0.4280156756432306
  },
  "num_examples": 234,
  "split_alias": "target_test",
  "valid_label_counts": {
    "macro_auroc": 7,
    "macro_average_precision": 7
  }
}