{
  "brier_score": 0.050603960640728474,
  "label_metrics": {
    "0": {
      "auprc": 0.2564377645813675,
      "auroc": 0.774672316567631,
      "brier": 0.08507023751735687,
      "ece": 0.018288590125739575
    },
    "1": {
      "auprc": 0.1763027935938287,
      "auroc": 0.8301692977100715,
      "brier": 0.02395009994506836,
      "ece": 0.003594633837230504
    },
    "2": {
      "auprc": 0.16411339321807086,
      "auroc": 0.7830178572435453,
      "brier": 0.041749365627765656,
      "ece": 0.016727655736729505
    },
    "3": {
      "auprc": 0.16782508979098992,
      "auroc": 0.8803341612102054,
      "brier": 0.05480152741074562,
      "ece": 0.0960223731037695
    },
    "4": {
      "auprc": 0.48693368048371016,
      "auroc": 0.860506226255052,
      "brier": 0.09217425435781479,
      "ece": 0.06421389411203564
    },
    "5": {
      "auprc": 0.04029023193559013,
      "auroc": 0.7487141408287453,
      "brier": 0.01427797507494688,
      "ece": 0.004717215303331614
    },
    "6": {
      "auprc": 0.2654544457280307,
      "auroc": 0.8442523583176864,
      "brier": 0.04220426455140114,
      "ece": 0.025194837521295994
    }
  },
  "macro_auprc": 0.22247962847594113,
  "macro_auroc": 0.8173809083047053,
  "macro_ece": 0.032679885677161756,
  "micro_auprc": 0.28042043922699317,
  "micro_auroc": 0.8416462541156353,
  "num_examples": 2000,
  "prediction_artifact": "/workspace/paper_v1/outputs/nih_to_chexpert_seed_sweep/20260420T122137Z__nih_to_chexpert_seed_sweep/seed_1337/ablations/20260420T122211Z__original_gate/metrics/d0_nih_test_predictions.npz",
  "valid_label_counts": {
    "brier_score": 7,
    "macro_auprc": 7,
    "macro_auroc": 7,
    "macro_ece": 7
  }
}
