{
  "brier_score": 0.10467064593519483,
  "label_metrics": {
    "0": {
      "auprc": 0.726327732457291,
      "auroc": 0.8436688311688312,
      "brier": 0.1670575588941574,
      "ece": 0.10427126578158802
    },
    "1": {
      "auprc": 0.6304197694930791,
      "auroc": 0.8017363571934797,
      "brier": 0.1879410445690155,
      "ece": 0.15074393646711978
    },
    "2": {
      "auprc": 0.52439382597334,
      "auroc": 0.8940147746117895,
      "brier": 0.09340980648994446,
      "ece": 0.06906486842104703
    },
    "3": {
      "auprc": 0.6737829612229504,
      "auroc": 0.8664315108759554,
      "brier": 0.10497935861349106,
      "ece": 0.05758692521570075
    },
    "4": {
      "auprc": 0.8591349771220502,
      "auroc": 0.9311824112968093,
      "brier": 0.10477019101381302,
      "ece": 0.09962657144945912
    },
    "5": {
      "auprc": 0.22123308391944105,
      "auroc": 0.8573008849557522,
      "brier": 0.03105723112821579,
      "ece": 0.012454902259712547
    },
    "6": {
      "auprc": 0.10980268975006452,
      "auroc": 0.7627212389380531,
      "brier": 0.04347933083772659,
      "ece": 0.07304573874188285
    }
  },
  "macro_auprc": 0.5350135771340309,
  "macro_auroc": 0.8510080012915244,
  "macro_ece": 0.08097060119093001,
  "micro_auprc": 0.6359683741599386,
  "micro_auroc": 0.8654169740978568,
  "num_examples": 234,
  "prediction_artifact": "/workspace/paper_v1/outputs/nih_to_chexpert_seed_sweep/20260420T122137Z__nih_to_chexpert_seed_sweep/seed_1337/ablations/20260420T122211Z__original_gate/metrics/d1_chexpert_test_predictions.npz",
  "valid_label_counts": {
    "brier_score": 7,
    "macro_auprc": 7,
    "macro_auroc": 7,
    "macro_ece": 7
  }
}
