{
  "label_metrics": {
    "atelectasis": {
      "auroc": 0.7959821428571429,
      "average_precision": 0.6316094658430643,
      "ece": 0.10530394220887429,
      "f1_at_0.5": 0.6272189349112426,
      "f1_at_tuned_threshold": 0.6590909090909091,
      "negative_count": 154,
      "positive_count": 80,
      "precision_at_0.5": 0.5955056179775281,
      "precision_at_tuned_threshold": 0.6041666666666666,
      "prevalence": 0.3418803418803419,
      "recall_at_0.5": 0.6625,
      "recall_at_tuned_threshold": 0.725,
      "threshold_used": 0.48458588123321533
    },
    "cardiomegaly": {
      "auroc": 0.7739192062367115,
      "average_precision": 0.6206155075673745,
      "ece": 0.08163602799373519,
      "f1_at_0.5": 0.6015037593984962,
      "f1_at_tuned_threshold": 0.5272727272727272,
      "negative_count": 166,
      "positive_count": 68,
      "precision_at_0.5": 0.6153846153846154,
      "precision_at_tuned_threshold": 0.6904761904761905,
      "prevalence": 0.2905982905982906,
      "recall_at_0.5": 0.5882352941176471,
      "recall_at_tuned_threshold": 0.4264705882352941,
      "threshold_used": 0.5919001698493958
    },
    "consolidation": {
      "auroc": 0.8542891602593096,
      "average_precision": 0.41472549472242815,
      "ece": 0.2120369021722113,
      "f1_at_0.5": 0.46315789473684216,
      "f1_at_tuned_threshold": 0.3448275862068965,
      "negative_count": 201,
      "positive_count": 33,
      "precision_at_0.5": 0.3548387096774194,
      "precision_at_tuned_threshold": 0.4,
      "prevalence": 0.14102564102564102,
      "recall_at_0.5": 0.6666666666666666,
      "recall_at_tuned_threshold": 0.30303030303030304,
      "threshold_used": 0.6098727583885193
    },
    "edema": {
      "auroc": 0.8452674897119341,
      "average_precision": 0.6197884980508234,
      "ece": 0.15708038143947792,
      "f1_at_0.5": 0.5849056603773585,
      "f1_at_tuned_threshold": 0.5979381443298969,
      "negative_count": 189,
      "positive_count": 45,
      "precision_at_0.5": 0.5081967213114754,
      "precision_at_tuned_threshold": 0.5576923076923077,
      "prevalence": 0.19230769230769232,
      "recall_at_0.5": 0.6888888888888889,
      "recall_at_tuned_threshold": 0.6444444444444445,
      "threshold_used": 0.6007155179977417
    },
    "pleural_effusion": {
      "auroc": 0.9231387970328001,
      "average_precision": 0.8560357229967539,
      "ece": 0.09066265007988446,
      "f1_at_0.5": 0.7555555555555554,
      "f1_at_tuned_threshold": 0.757142857142857,
      "negative_count": 167,
      "positive_count": 67,
      "precision_at_0.5": 0.75,
      "precision_at_tuned_threshold": 0.726027397260274,
      "prevalence": 0.2863247863247863,
      "recall_at_0.5": 0.7611940298507462,
      "recall_at_tuned_threshold": 0.7910447761194029,
      "threshold_used": 0.4688970148563385
    },
    "pneumonia": {
      "auroc": 0.5608407079646017,
      "average_precision": 0.04728577810423006,
      "ece": 0.31048326993098746,
      "f1_at_0.5": 0.061538461538461535,
      "f1_at_tuned_threshold": 0.0,
      "negative_count": 226,
      "positive_count": 8,
      "precision_at_0.5": 0.03508771929824561,
      "precision_at_tuned_threshold": 0.0,
      "prevalence": 0.03418803418803419,
      "recall_at_0.5": 0.25,
      "recall_at_tuned_threshold": 0.0,
      "threshold_used": 0.754191517829895
    },
    "pneumothorax": {
      "auroc": 0.7461283185840708,
      "average_precision": 0.14428354666128568,
      "ece": 0.30832506379311214,
      "f1_at_0.5": 0.09836065573770493,
      "f1_at_tuned_threshold": 0.2857142857142857,
      "negative_count": 226,
      "positive_count": 8,
      "precision_at_0.5": 0.05660377358490566,
      "precision_at_tuned_threshold": 0.23076923076923078,
      "prevalence": 0.03418803418803419,
      "recall_at_0.5": 0.375,
      "recall_at_tuned_threshold": 0.375,
      "threshold_used": 0.7523766160011292
    }
  },
  "loss": 1.2038272619247437,
  "macro": {
    "auroc": 0.7856522603780816,
    "average_precision": 0.4763348591351372,
    "ece": 0.18078974823118327,
    "f1_at_0.5": 0.4560344174650945,
    "f1_at_tuned_thresholds": 0.45314092996536753
  },
  "num_examples": 234,
  "split_alias": "target_test",
  "valid_label_counts": {
    "macro_auroc": 7,
    "macro_average_precision": 7
  }
}