{
  "label_metrics": {
    "atelectasis": {
      "auroc": 0.6516167207482344,
      "average_precision": 0.25878795452344033,
      "ece": 0.30620588824462475,
      "f1_at_0.5": 0.3190789473684211,
      "f1_at_tuned_threshold": 0.3322884012539185,
      "negative_count": 845,
      "positive_count": 155,
      "precision_at_0.5": 0.2141280353200883,
      "precision_at_tuned_threshold": 0.2194616977225673,
      "prevalence": 0.155,
      "recall_at_0.5": 0.6258064516129033,
      "recall_at_tuned_threshold": 0.6838709677419355,
      "threshold_used": 0.48458588123321533
    },
    "cardiomegaly": {
      "auroc": 0.7949819692039566,
      "average_precision": 0.4010423119141298,
      "ece": 0.26043507372799674,
      "f1_at_0.5": 0.3918918918918919,
      "f1_at_tuned_threshold": 0.42622950819672134,
      "negative_count": 877,
      "positive_count": 123,
      "precision_at_0.5": 0.27102803738317754,
      "precision_at_tuned_threshold": 0.32098765432098764,
      "prevalence": 0.123,
      "recall_at_0.5": 0.7073170731707317,
      "recall_at_tuned_threshold": 0.6341463414634146,
      "threshold_used": 0.5919001698493958
    },
    "consolidation": {
      "auroc": 0.6913973744004039,
      "average_precision": 0.1291617593336896,
      "ece": 0.3388907501559887,
      "f1_at_0.5": 0.21243523316062177,
      "f1_at_tuned_threshold": 0.23076923076923075,
      "negative_count": 932,
      "positive_count": 68,
      "precision_at_0.5": 0.1289308176100629,
      "precision_at_tuned_threshold": 0.16265060240963855,
      "prevalence": 0.068,
      "recall_at_0.5": 0.6029411764705882,
      "recall_at_tuned_threshold": 0.39705882352941174,
      "threshold_used": 0.6098727583885193
    },
    "edema": {
      "auroc": 0.790083005679336,
      "average_precision": 0.5105056446827875,
      "ece": 0.18486314185872718,
      "f1_at_0.5": 0.5333333333333333,
      "f1_at_tuned_threshold": 0.5592592592592592,
      "negative_count": 763,
      "positive_count": 237,
      "precision_at_0.5": 0.4215686274509804,
      "precision_at_tuned_threshold": 0.49834983498349833,
      "prevalence": 0.237,
      "recall_at_0.5": 0.7257383966244726,
      "recall_at_tuned_threshold": 0.6371308016877637,
      "threshold_used": 0.6007155179977417
    },
    "pleural_effusion": {
      "auroc": 0.8325576783514202,
      "average_precision": 0.7641474223156122,
      "ece": 0.059630783237138496,
      "f1_at_0.5": 0.6993710691823899,
      "f1_at_tuned_threshold": 0.7097560975609756,
      "negative_count": 614,
      "positive_count": 386,
      "precision_at_0.5": 0.6797066014669927,
      "precision_at_tuned_threshold": 0.6705069124423964,
      "prevalence": 0.386,
      "recall_at_0.5": 0.7202072538860104,
      "recall_at_tuned_threshold": 0.7538860103626943,
      "threshold_used": 0.4688970148563385
    },
    "pneumonia": {
      "auroc": 0.6062112603305785,
      "average_precision": 0.05513196162880456,
      "ece": 0.33759575688929333,
      "f1_at_0.5": 0.07746478873239436,
      "f1_at_tuned_threshold": 0.13157894736842105,
      "negative_count": 968,
      "positive_count": 32,
      "precision_at_0.5": 0.04365079365079365,
      "precision_at_tuned_threshold": 0.11363636363636363,
      "prevalence": 0.032,
      "recall_at_0.5": 0.34375,
      "recall_at_tuned_threshold": 0.15625,
      "threshold_used": 0.754191517829895
    },
    "pneumothorax": {
      "auroc": 0.7945090590658493,
      "average_precision": 0.43164907034011835,
      "ece": 0.29451367128621125,
      "f1_at_0.5": 0.324468085106383,
      "f1_at_tuned_threshold": 0.4916201117318436,
      "negative_count": 911,
      "positive_count": 89,
      "precision_at_0.5": 0.21254355400696864,
      "precision_at_tuned_threshold": 0.4888888888888889,
      "prevalence": 0.089,
      "recall_at_0.5": 0.6853932584269663,
      "recall_at_tuned_threshold": 0.4943820224719101,
      "threshold_used": 0.7523766160011292
    }
  },
  "loss": 1.0193332061767577,
  "macro": {
    "auroc": 0.73733672396854,
    "average_precision": 0.3643465892483689,
    "ece": 0.25459072362856866,
    "f1_at_0.5": 0.36543476411077647,
    "f1_at_tuned_thresholds": 0.4116430794486243
  },
  "num_examples": 1000,
  "split_alias": "target_val",
  "valid_label_counts": {
    "macro_auroc": 7,
    "macro_average_precision": 7
  }
}