{
  "brier_score": 0.05216936620750597,
  "label_metrics": {
    "0": {
      "auprc": 0.29989851306482923,
      "auroc": 0.7977535690705805,
      "brier": 0.09378797560930252,
      "ece": 0.08240030363202094
    },
    "1": {
      "auprc": 0.23816965254768782,
      "auroc": 0.8625073892102993,
      "brier": 0.02409481070935726,
      "ece": 0.020788643054664133
    },
    "2": {
      "auprc": 0.17705934512847635,
      "auroc": 0.8027865644963941,
      "brier": 0.04190313443541527,
      "ece": 0.015509443782269955
    },
    "3": {
      "auprc": 0.1793025988507751,
      "auroc": 0.8836971634324012,
      "brier": 0.058866240084171295,
      "ece": 0.1157116379449144
    },
    "4": {
      "auprc": 0.5041910979884312,
      "auroc": 0.8639442690179363,
      "brier": 0.09078773856163025,
      "ece": 0.062194030243903395
    },
    "5": {
      "auprc": 0.06313311477881949,
      "auroc": 0.8044950738916257,
      "brier": 0.01448988076299429,
      "ece": 0.017417113127186894
    },
    "6": {
      "auprc": 0.2875178002830839,
      "auroc": 0.8599331269629154,
      "brier": 0.041255783289670944,
      "ece": 0.020962112989276648
    }
  },
  "macro_auprc": 0.2498960175203004,
  "macro_auroc": 0.8393024508688789,
  "macro_ece": 0.047854754967748055,
  "micro_auprc": 0.31043954700589954,
  "micro_auroc": 0.8565422413556034,
  "num_examples": 2000,
  "prediction_artifact": "/workspace/paper_v1/outputs/nih_to_chexpert_postmortem/20260420T100814Z__nih_to_chexpert_postmortem/20260420T100823Z__smaller_bottleneck/metrics/d0_nih_test_predictions.npz",
  "valid_label_counts": {
    "brier_score": 7,
    "macro_auprc": 7,
    "macro_auroc": 7,
    "macro_ece": 7
  }
}
