{
  "brier_score": 0.10512082997177329,
  "label_metrics": {
    "0": {
      "auprc": 0.75043354052815,
      "auroc": 0.8580357142857143,
      "brier": 0.167567640542984,
      "ece": 0.12356368678375187
    },
    "1": {
      "auprc": 0.6269655859184537,
      "auroc": 0.7859673990077959,
      "brier": 0.1863725781440735,
      "ece": 0.14311627492818058
    },
    "2": {
      "auprc": 0.49343491098364944,
      "auroc": 0.8974822855419871,
      "brier": 0.09315821528434753,
      "ece": 0.06532827869821818
    },
    "3": {
      "auprc": 0.66274017509886,
      "auroc": 0.8574955908289241,
      "brier": 0.10869774222373962,
      "ece": 0.07096639316942957
    },
    "4": {
      "auprc": 0.8377877298651535,
      "auroc": 0.9213513271963536,
      "brier": 0.11014418303966522,
      "ece": 0.082071706907362
    },
    "5": {
      "auprc": 0.34406305557220196,
      "auroc": 0.883296460176991,
      "brier": 0.03036067821085453,
      "ece": 0.01124112386829578
    },
    "6": {
      "auprc": 0.11050892663520961,
      "auroc": 0.7710176991150444,
      "brier": 0.03954477235674858,
      "ece": 0.060950458141314424
    }
  },
  "macro_auprc": 0.5465619892288113,
  "macro_auroc": 0.8535209251646872,
  "macro_ece": 0.07960541749950747,
  "micro_auprc": 0.6338806552749898,
  "micro_auroc": 0.8654827217583358,
  "num_examples": 234,
  "prediction_artifact": "/workspace/paper_v1/outputs/nih_to_chexpert_postmortem/20260420T100814Z__nih_to_chexpert_postmortem/20260420T100823Z__smaller_bottleneck/metrics/d1_chexpert_test_predictions.npz",
  "valid_label_counts": {
    "brier_score": 7,
    "macro_auprc": 7,
    "macro_auroc": 7,
    "macro_ece": 7
  }
}
