{
  "label_metrics": {
    "atelectasis": {
      "auroc": 0.8079951298701299,
      "average_precision": 0.6412685424322717,
      "ece": 0.11501054926972444,
      "f1_at_0.5": 0.6511627906976744,
      "f1_at_tuned_threshold": 0.6666666666666667,
      "negative_count": 154,
      "positive_count": 80,
      "precision_at_0.5": 0.6086956521739131,
      "precision_at_tuned_threshold": 0.5652173913043478,
      "prevalence": 0.3418803418803419,
      "recall_at_0.5": 0.7,
      "recall_at_tuned_threshold": 0.8125,
      "threshold_used": 0.42763572931289673
    },
    "cardiomegaly": {
      "auroc": 0.7733876683203402,
      "average_precision": 0.619323657163965,
      "ece": 0.08205237651330759,
      "f1_at_0.5": 0.5757575757575757,
      "f1_at_tuned_threshold": 0.38709677419354843,
      "negative_count": 166,
      "positive_count": 68,
      "precision_at_0.5": 0.59375,
      "precision_at_tuned_threshold": 0.72,
      "prevalence": 0.2905982905982906,
      "recall_at_0.5": 0.5588235294117647,
      "recall_at_tuned_threshold": 0.2647058823529412,
      "threshold_used": 0.7254541516304016
    },
    "consolidation": {
      "auroc": 0.8718528569274838,
      "average_precision": 0.45423161487732155,
      "ece": 0.20962910163317014,
      "f1_at_0.5": 0.45454545454545453,
      "f1_at_tuned_threshold": 0.4931506849315069,
      "negative_count": 201,
      "positive_count": 33,
      "precision_at_0.5": 0.36363636363636365,
      "precision_at_tuned_threshold": 0.45,
      "prevalence": 0.14102564102564102,
      "recall_at_0.5": 0.6060606060606061,
      "recall_at_tuned_threshold": 0.5454545454545454,
      "threshold_used": 0.5500938296318054
    },
    "edema": {
      "auroc": 0.8465608465608465,
      "average_precision": 0.6214657918575548,
      "ece": 0.16071563344344333,
      "f1_at_0.5": 0.5636363636363636,
      "f1_at_tuned_threshold": 0.5979381443298969,
      "negative_count": 189,
      "positive_count": 45,
      "precision_at_0.5": 0.47692307692307695,
      "precision_at_tuned_threshold": 0.5576923076923077,
      "prevalence": 0.19230769230769232,
      "recall_at_0.5": 0.6888888888888889,
      "recall_at_tuned_threshold": 0.6444444444444445,
      "threshold_used": 0.5776740908622742
    },
    "pleural_effusion": {
      "auroc": 0.9177763875234606,
      "average_precision": 0.8432545779841617,
      "ece": 0.10610221361772414,
      "f1_at_0.5": 0.7218045112781953,
      "f1_at_tuned_threshold": 0.7517730496453902,
      "negative_count": 167,
      "positive_count": 67,
      "precision_at_0.5": 0.7272727272727273,
      "precision_at_tuned_threshold": 0.7162162162162162,
      "prevalence": 0.2863247863247863,
      "recall_at_0.5": 0.7164179104477612,
      "recall_at_tuned_threshold": 0.7910447761194029,
      "threshold_used": 0.45574355125427246
    },
    "pneumonia": {
      "auroc": 0.6214048672566371,
      "average_precision": 0.06149643611420794,
      "ece": 0.3243861305896851,
      "f1_at_0.5": 0.07547169811320754,
      "f1_at_tuned_threshold": 0.0,
      "negative_count": 226,
      "positive_count": 8,
      "precision_at_0.5": 0.044444444444444446,
      "precision_at_tuned_threshold": 0.0,
      "prevalence": 0.03418803418803419,
      "recall_at_0.5": 0.25,
      "recall_at_tuned_threshold": 0.0,
      "threshold_used": 0.7108290791511536
    },
    "pneumothorax": {
      "auroc": 0.754424778761062,
      "average_precision": 0.12561525423038214,
      "ece": 0.3067279683786487,
      "f1_at_0.5": 0.10526315789473682,
      "f1_at_tuned_threshold": 0.2857142857142857,
      "negative_count": 226,
      "positive_count": 8,
      "precision_at_0.5": 0.061224489795918366,
      "precision_at_tuned_threshold": 0.23076923076923078,
      "prevalence": 0.03418803418803419,
      "recall_at_0.5": 0.375,
      "recall_at_tuned_threshold": 0.375,
      "threshold_used": 0.728651762008667
    }
  },
  "loss": 1.1668174266815186,
  "macro": {
    "auroc": 0.7990575050314229,
    "average_precision": 0.4809508392371236,
    "ece": 0.18637485334938622,
    "f1_at_0.5": 0.4496630788461725,
    "f1_at_tuned_thresholds": 0.45461994364018493
  },
  "num_examples": 234,
  "split_alias": "target_test",
  "valid_label_counts": {
    "macro_auroc": 7,
    "macro_average_precision": 7
  }
}