{
  "brier_score": 0.05229102713721139,
  "label_metrics": {
    "0": {
      "auprc": 0.30467147331656136,
      "auroc": 0.7963600350683507,
      "brier": 0.09734946489334106,
      "ece": 0.08802201480511578
    },
    "1": {
      "auprc": 0.2441906165196038,
      "auroc": 0.8644164704286226,
      "brier": 0.025493483990430832,
      "ece": 0.032021215899847445
    },
    "2": {
      "auprc": 0.18765344034817727,
      "auroc": 0.8069929123602347,
      "brier": 0.04171077162027359,
      "ece": 0.018631629636511205
    },
    "3": {
      "auprc": 0.2085506050504712,
      "auroc": 0.8971135221209493,
      "brier": 0.05941429361701012,
      "ece": 0.12185209365410263
    },
    "4": {
      "auprc": 0.514679071333375,
      "auroc": 0.8658189170759292,
      "brier": 0.08721522241830826,
      "ece": 0.062635611878708
    },
    "5": {
      "auprc": 0.060770573419369374,
      "auroc": 0.8055636047522456,
      "brier": 0.013915058225393295,
      "ece": 0.014599903503432871
    },
    "6": {
      "auprc": 0.2880857606147516,
      "auroc": 0.8581231569035416,
      "brier": 0.04093889519572258,
      "ece": 0.020523729673586785
    }
  },
  "macro_auprc": 0.2583716486574728,
  "macro_auroc": 0.8420555169585534,
  "macro_ece": 0.05118374272161496,
  "micro_auprc": 0.31366148720254555,
  "micro_auroc": 0.8581242453106133,
  "num_examples": 2000,
  "prediction_artifact": "/workspace/paper_v1/outputs/nih_to_chexpert_topk_seed_sweep/20260420T123811Z__nih_to_chexpert_topk_seed_sweep/seed_2027/20260420T123953Z__harder_gate_clipping/metrics/d0_nih_test_predictions.npz",
  "valid_label_counts": {
    "brier_score": 7,
    "macro_auprc": 7,
    "macro_auroc": 7,
    "macro_ece": 7
  }
}
