{
  "brier_score": 0.10634809413126536,
  "label_metrics": {
    "0": {
      "auprc": 0.7572427179338149,
      "auroc": 0.8645292207792207,
      "brier": 0.16558106243610382,
      "ece": 0.12151254640303105
    },
    "1": {
      "auprc": 0.6117012744107765,
      "auroc": 0.7680722891566265,
      "brier": 0.18227076530456543,
      "ece": 0.12493888562561098
    },
    "2": {
      "auprc": 0.5296123712671266,
      "auroc": 0.9039650233680084,
      "brier": 0.0930539146065712,
      "ece": 0.0666220491895309
    },
    "3": {
      "auprc": 0.6360020321419313,
      "auroc": 0.8547912992357436,
      "brier": 0.11350630223751068,
      "ece": 0.05378874556885826
    },
    "4": {
      "auprc": 0.8273311115273277,
      "auroc": 0.909911520243096,
      "brier": 0.11743238568305969,
      "ece": 0.10478503455240759
    },
    "5": {
      "auprc": 0.3590237403100775,
      "auroc": 0.9054203539823008,
      "brier": 0.031251341104507446,
      "ece": 0.01116333156824112
    },
    "6": {
      "auprc": 0.122850334767895,
      "auroc": 0.775995575221239,
      "brier": 0.04134088754653931,
      "ece": 0.07087096519386157
    }
  },
  "macro_auprc": 0.5491090831941355,
  "macro_auroc": 0.8546693259980335,
  "macro_ece": 0.07909736544307736,
  "micro_auprc": 0.630595232297308,
  "micro_auroc": 0.8643090042638576,
  "num_examples": 234,
  "prediction_artifact": "/workspace/paper_v1/outputs/nih_to_chexpert_topk_seed_sweep/20260420T123811Z__nih_to_chexpert_topk_seed_sweep/seed_2027/20260420T123953Z__harder_gate_clipping/metrics/d1_chexpert_test_predictions.npz",
  "valid_label_counts": {
    "brier_score": 7,
    "macro_auprc": 7,
    "macro_auroc": 7,
    "macro_ece": 7
  }
}
