{
  "brier_score": 0.05152114507343088,
  "label_metrics": {
    "0": {
      "auprc": 0.27712420893481765,
      "auroc": 0.7829821086469461,
      "brier": 0.08516298234462738,
      "ece": 0.023263180810958146
    },
    "1": {
      "auprc": 0.18351749241656717,
      "auroc": 0.8373501565058967,
      "brier": 0.02368379384279251,
      "ece": 0.0036960099749267098
    },
    "2": {
      "auprc": 0.1736321179994513,
      "auroc": 0.7885492610698557,
      "brier": 0.041507262736558914,
      "ece": 0.015684584761969746
    },
    "3": {
      "auprc": 0.1839246773949325,
      "auroc": 0.8864897624508323,
      "brier": 0.06420078128576279,
      "ece": 0.11509069704683499
    },
    "4": {
      "auprc": 0.4941924177896814,
      "auroc": 0.8618011352431458,
      "brier": 0.08989162743091583,
      "ece": 0.061082190111279494
    },
    "5": {
      "auprc": 0.04808334489108537,
      "auroc": 0.7703564184294407,
      "brier": 0.014186529442667961,
      "ece": 0.010980230966582892
    },
    "6": {
      "auprc": 0.26796519008083697,
      "auroc": 0.8485714769017373,
      "brier": 0.042015038430690765,
      "ece": 0.02845976006053388
    }
  },
  "macro_auprc": 0.23263420707248178,
  "macro_auroc": 0.8251571884639793,
  "macro_ece": 0.036893807676155126,
  "micro_auprc": 0.27935777511603266,
  "micro_auroc": 0.840792801982005,
  "num_examples": 2000,
  "prediction_artifact": "/workspace/paper_v1/outputs/nih_to_chexpert_postmortem/20260420T100814Z__nih_to_chexpert_postmortem/20260420T100821Z__main_method/metrics/d0_nih_test_predictions.npz",
  "valid_label_counts": {
    "brier_score": 7,
    "macro_auprc": 7,
    "macro_auroc": 7,
    "macro_ece": 7
  }
}
