{
  "brier_score": 0.10542452495012965,
  "label_metrics": {
    "0": {
      "auprc": 0.7370465648835589,
      "auroc": 0.8478896103896104,
      "brier": 0.17360681295394897,
      "ece": 0.12268852703591696
    },
    "1": {
      "auprc": 0.6436302394822386,
      "auroc": 0.8076718639262933,
      "brier": 0.18864688277244568,
      "ece": 0.1561425545085699
    },
    "2": {
      "auprc": 0.5248567406557628,
      "auroc": 0.9001959897482286,
      "brier": 0.09272285550832748,
      "ece": 0.07046584335243346
    },
    "3": {
      "auprc": 0.6609890520402261,
      "auroc": 0.859376837154615,
      "brier": 0.10700423270463943,
      "ece": 0.051446399882308445
    },
    "4": {
      "auprc": 0.853133071909406,
      "auroc": 0.9284118330503173,
      "brier": 0.10454736649990082,
      "ece": 0.07956371286836192
    },
    "5": {
      "auprc": 0.2708328489498566,
      "auroc": 0.8899336283185841,
      "brier": 0.030527260154485703,
      "ece": 0.02138143356762126
    },
    "6": {
      "auprc": 0.11347762005210855,
      "auroc": 0.7682522123893806,
      "brier": 0.040916264057159424,
      "ece": 0.061884031686772645
    }
  },
  "macro_auprc": 0.5434237339961654,
  "macro_auroc": 0.8573902821395756,
  "macro_ece": 0.08051035755742635,
  "micro_auprc": 0.6326232034285689,
  "micro_auroc": 0.867934865984352,
  "num_examples": 234,
  "prediction_artifact": "/workspace/paper_v1/outputs/nih_to_chexpert_postmortem/20260420T100814Z__nih_to_chexpert_postmortem/20260420T100821Z__main_method/metrics/d1_chexpert_test_predictions.npz",
  "valid_label_counts": {
    "brier_score": 7,
    "macro_auprc": 7,
    "macro_auroc": 7,
    "macro_ece": 7
  }
}
