{
  "brier_score": 0.051577297039330006,
  "label_metrics": {
    "0": {
      "auprc": 0.3038690765436653,
      "auroc": 0.7967145068242578,
      "brier": 0.09326942265033722,
      "ece": 0.07264469537138939
    },
    "1": {
      "auprc": 0.2420067576391706,
      "auroc": 0.8624395538370594,
      "brier": 0.024176189675927162,
      "ece": 0.0234853858621791
    },
    "2": {
      "auprc": 0.18531585932886854,
      "auroc": 0.8057637115099435,
      "brier": 0.04103940725326538,
      "ece": 0.012986881775781512
    },
    "3": {
      "auprc": 0.21378736984901495,
      "auroc": 0.8963648679160081,
      "brier": 0.061958976089954376,
      "ece": 0.12634327909629792
    },
    "4": {
      "auprc": 0.513077030922731,
      "auroc": 0.8653698568947369,
      "brier": 0.08598346263170242,
      "ece": 0.05625896507501602
    },
    "5": {
      "auprc": 0.057573443811576606,
      "auroc": 0.8006737177629673,
      "brier": 0.013859306462109089,
      "ece": 0.013105040366761385
    },
    "6": {
      "auprc": 0.28556728768100537,
      "auroc": 0.8576889896307323,
      "brier": 0.04075431451201439,
      "ece": 0.018314080749638376
    }
  },
  "macro_auprc": 0.2573138322537189,
  "macro_auroc": 0.840716457767958,
  "macro_ece": 0.04616261832815196,
  "micro_auprc": 0.30543158173127055,
  "micro_auroc": 0.8554788886972218,
  "num_examples": 2000,
  "prediction_artifact": "/workspace/paper_v1/outputs/nih_to_chexpert_topk_seed_sweep/20260420T123811Z__nih_to_chexpert_topk_seed_sweep/seed_1337/20260420T123902Z__harder_gate_clipping/metrics/d0_nih_test_predictions.npz",
  "valid_label_counts": {
    "brier_score": 7,
    "macro_auprc": 7,
    "macro_auroc": 7,
    "macro_ece": 7
  }
}
