{
  "brier_score": 0.10699031688272953,
  "label_metrics": {
    "0": {
      "auprc": 0.7576429264763884,
      "auroc": 0.8646103896103896,
      "brier": 0.16905726492404938,
      "ece": 0.12453340395138814
    },
    "1": {
      "auprc": 0.6128278513569861,
      "auroc": 0.7694897236002836,
      "brier": 0.1863551139831543,
      "ece": 0.1368837298300022
    },
    "2": {
      "auprc": 0.5281491026129528,
      "auroc": 0.9030604552992613,
      "brier": 0.09527499228715897,
      "ece": 0.08314238687674713
    },
    "3": {
      "auprc": 0.6397800686695163,
      "auroc": 0.8549088771310994,
      "brier": 0.11223430931568146,
      "ece": 0.06843627182145913
    },
    "4": {
      "auprc": 0.8287351975163041,
      "auroc": 0.9110733756367861,
      "brier": 0.11504815518856049,
      "ece": 0.08923277642546047
    },
    "5": {
      "auprc": 0.3768728305007041,
      "auroc": 0.9087389380530972,
      "brier": 0.03113553859293461,
      "ece": 0.00964416190981865
    },
    "6": {
      "auprc": 0.12137175182573029,
      "auroc": 0.7748893805309734,
      "brier": 0.03982684388756752,
      "ece": 0.06394951909971543
    }
  },
  "macro_auprc": 0.5521971041369403,
  "macro_auroc": 0.8552530199802701,
  "macro_ece": 0.08226032141637017,
  "micro_auprc": 0.6303305972588437,
  "micro_auroc": 0.8635395131263988,
  "num_examples": 234,
  "prediction_artifact": "/workspace/paper_v1/outputs/nih_to_chexpert_topk_seed_sweep/20260420T123811Z__nih_to_chexpert_topk_seed_sweep/seed_1337/20260420T123902Z__harder_gate_clipping/metrics/d1_chexpert_test_predictions.npz",
  "valid_label_counts": {
    "brier_score": 7,
    "macro_auprc": 7,
    "macro_auroc": 7,
    "macro_ece": 7
  }
}
