{
  "embedding_sanity": {
    "embedding_dim": 512,
    "no_nan_or_inf": true,
    "normalized_norm_summary": {
      "max": 1.000000060247735,
      "mean": 1.000000012709364,
      "min": 0.9999999419781873,
      "std": 2.708248525340809e-08
    },
    "raw_norm_summary": {
      "max": 1.000000126891608,
      "mean": 1.000000007349233,
      "min": 0.9999998771732992,
      "std": 3.2427247479532006e-08
    },
    "row_count": 78569
  },
  "label_agreement": {
    "chance_query_positive_prevalence": 0.0975437258364436,
    "global_label_prevalence": {
      "atelectasis": 0.10311955213546753,
      "cardiomegaly": 0.024678945541381836,
      "consolidation": 0.04104672372341156,
      "edema": 0.020529724657535553,
      "emphysema": 0.023317083716392517,
      "fibrosis": 0.015667757019400597,
      "hernia": 0.001998243620619178,
      "infiltration": 0.17811095714569092,
      "mass": 0.05112703517079353,
      "nodule": 0.05644720047712326,
      "pleural_effusion": 0.11826547235250473,
      "pleural_thickening": 0.03072458691895008,
      "pneumonia": 0.012829487212002277,
      "pneumothorax": 0.04765238240361214
    },
    "mean_positive_jaccard": 0.13594516594516595,
    "mean_query_positive_neighbor_prevalence": 0.1863354037267081,
    "mean_random_positive_jaccard": 0.0869023569023569,
    "num_queries": 200,
    "per_label": {
      "atelectasis": {
        "chance_prevalence": 0.10311955213546753,
        "mean_neighbor_prevalence": 0.13333333333333336,
        "positive_queries": 21,
        "prevalence_lift": 1.292997599118489
      },
      "cardiomegaly": {
        "chance_prevalence": 0.024678945541381836,
        "mean_neighbor_prevalence": 0.14285714285714285,
        "positive_queries": 7,
        "prevalence_lift": 5.7886242593954815
      },
      "consolidation": {
        "chance_prevalence": 0.04104672372341156,
        "mean_neighbor_prevalence": 0.12307692307692308,
        "positive_queries": 13,
        "prevalence_lift": 2.9984591195697425
      },
      "edema": {
        "chance_prevalence": 0.020529724657535553,
        "mean_neighbor_prevalence": 0.05714285714285715,
        "positive_queries": 7,
        "prevalence_lift": 2.783420532719251
      },
      "emphysema": {
        "chance_prevalence": 0.023317083716392517,
        "mean_neighbor_prevalence": 0.03333333333333333,
        "positive_queries": 6,
        "prevalence_lift": 1.4295669964035482
      },
      "fibrosis": {
        "chance_prevalence": 0.015667757019400597,
        "mean_neighbor_prevalence": 0.1,
        "positive_queries": 2,
        "prevalence_lift": 6.382534518257784
      },
      "hernia": {
        "chance_prevalence": 0.001998243620619178,
        "mean_neighbor_prevalence": null,
        "positive_queries": 0,
        "prevalence_lift": null
      },
      "infiltration": {
        "chance_prevalence": 0.17811095714569092,
        "mean_neighbor_prevalence": 0.27142857142857146,
        "positive_queries": 42,
        "prevalence_lift": 1.5239296659696728
      },
      "mass": {
        "chance_prevalence": 0.05112703517079353,
        "mean_neighbor_prevalence": 0.0,
        "positive_queries": 8,
        "prevalence_lift": 0.0
      },
      "nodule": {
        "chance_prevalence": 0.05644720047712326,
        "mean_neighbor_prevalence": 0.16363636363636364,
        "positive_queries": 11,
        "prevalence_lift": 2.8989278875341506
      },
      "pleural_effusion": {
        "chance_prevalence": 0.11826547235250473,
        "mean_neighbor_prevalence": 0.3103448275862069,
        "positive_queries": 29,
        "prevalence_lift": 2.624137217844834
      },
      "pleural_thickening": {
        "chance_prevalence": 0.03072458691895008,
        "mean_neighbor_prevalence": 0.0,
        "positive_queries": 4,
        "prevalence_lift": 0.0
      },
      "pneumonia": {
        "chance_prevalence": 0.012829487212002277,
        "mean_neighbor_prevalence": 0.0,
        "positive_queries": 2,
        "prevalence_lift": 0.0
      },
      "pneumothorax": {
        "chance_prevalence": 0.04765238240361214,
        "mean_neighbor_prevalence": 0.17777777777777778,
        "positive_queries": 9,
        "prevalence_lift": 3.7307217144362945
      }
    },
    "positive_jaccard_lift": 1.5643438312946256,
    "positive_prevalence_lift": 1.9102756443725133,
    "positive_query_count": 99,
    "sample_queries": [
      {
        "neighbor_row_ids": [
          "00019124_053",
          "00010092_044",
          "00022743_000",
          "00022497_000",
          "00005505_000"
        ],
        "neighbor_similarities": [
          0.9515680074691772,
          0.9440553188323975,
          0.9428452253341675,
          0.9346253275871277,
          0.9309979677200317
        ],
        "query_index": 1548,
        "query_labels": [
          "atelectasis",
          "pleural_thickening"
        ],
        "query_row_id": "00000580_008"
      },
      {
        "neighbor_row_ids": [
          "00020772_006",
          "00013052_005",
          "00028509_001",
          "00005912_000",
          "00006910_000"
        ],
        "neighbor_similarities": [
          0.9912698864936829,
          0.9901142120361328,
          0.9883986711502075,
          0.9879086017608643,
          0.986890971660614
        ],
        "query_index": 2055,
        "query_labels": [
          "consolidation"
        ],
        "query_row_id": "00000798_021"
      },
      {
        "neighbor_row_ids": [
          "00007157_018",
          "00013511_002",
          "00001787_011",
          "00007018_041",
          "00010352_061"
        ],
        "neighbor_similarities": [
          0.9938141107559204,
          0.9915663003921509,
          0.9915234446525574,
          0.9907910823822021,
          0.9900897741317749
        ],
        "query_index": 3387,
        "query_labels": [
          "infiltration"
        ],
        "query_row_id": "00001301_015"
      },
      {
        "neighbor_row_ids": [
          "00004858_003",
          "00021212_010",
          "00014346_031",
          "00016587_035",
          "00014530_003"
        ],
        "neighbor_similarities": [
          0.9787474870681763,
          0.9750213027000427,
          0.9737991690635681,
          0.9721262454986572,
          0.9708207845687866
        ],
        "query_index": 4340,
        "query_labels": [
          "infiltration",
          "pneumothorax"
        ],
        "query_row_id": "00001673_007"
      },
      {
        "neighbor_row_ids": [
          "00002509_006",
          "00015826_026",
          "00000963_007",
          "00016096_000",
          "00017651_013"
        ],
        "neighbor_similarities": [
          0.9772607684135437,
          0.9770221710205078,
          0.9740229845046997,
          0.973358690738678,
          0.9722660779953003
        ],
        "query_index": 4682,
        "query_labels": [
          "infiltration"
        ],
        "query_row_id": "00001806_012"
      },
      {
        "neighbor_row_ids": [
          "00012620_001",
          "00005502_012",
          "00005403_020",
          "00019087_026",
          "00007684_003"
        ],
        "neighbor_similarities": [
          0.9786954522132874,
          0.9773976802825928,
          0.9769154787063599,
          0.9741185903549194,
          0.9724305868148804
        ],
        "query_index": 4922,
        "query_labels": [
          "infiltration"
        ],
        "query_row_id": "00001854_000"
      },
      {
        "neighbor_row_ids": [
          "00002395_004",
          "00012364_076",
          "00006271_068",
          "00016971_021",
          "00022237_023"
        ],
        "neighbor_similarities": [
          0.9853175282478333,
          0.9813423156738281,
          0.9752705693244934,
          0.9737393260002136,
          0.9732621908187866
        ],
        "query_index": 6404,