{
  "label_metrics": {
    "atelectasis": {
      "auroc": 0.8379058441558441,
      "average_precision": 0.7021508551374247,
      "ece": 0.12396294145785011,
      "f1_at_0.5": 0.6741573033707865,
      "f1_at_tuned_threshold": 0.6143790849673203,
      "negative_count": 154,
      "positive_count": 80,
      "precision_at_0.5": 0.6122448979591837,
      "precision_at_tuned_threshold": 0.6438356164383562,
      "prevalence": 0.3418803418803419,
      "recall_at_0.5": 0.75,
      "recall_at_tuned_threshold": 0.5875,
      "threshold_used": 0.5862600803375244
    },
    "cardiomegaly": {
      "auroc": 0.7656803685329554,
      "average_precision": 0.5972351866503933,
      "ece": 0.0991546697921543,
      "f1_at_0.5": 0.5413533834586466,
      "f1_at_tuned_threshold": 0.48148148148148157,
      "negative_count": 166,
      "positive_count": 68,
      "precision_at_0.5": 0.5538461538461539,
      "precision_at_tuned_threshold": 0.65,
      "prevalence": 0.2905982905982906,
      "recall_at_0.5": 0.5294117647058824,
      "recall_at_tuned_threshold": 0.38235294117647056,
      "threshold_used": 0.609933614730835
    },
    "consolidation": {
      "auroc": 0.905171114126338,
      "average_precision": 0.55767462774685,
      "ece": 0.3077572764831781,
      "f1_at_0.5": 0.47761194029850745,
      "f1_at_tuned_threshold": 0.45614035087719296,
      "negative_count": 201,
      "positive_count": 33,
      "precision_at_0.5": 0.31683168316831684,
      "precision_at_tuned_threshold": 0.5416666666666666,
      "prevalence": 0.14102564102564102,
      "recall_at_0.5": 0.9696969696969697,
      "recall_at_tuned_threshold": 0.3939393939393939,
      "threshold_used": 0.7708591818809509
    },
    "edema": {
      "auroc": 0.8417401528512639,
      "average_precision": 0.6210856979037896,
      "ece": 0.07566942836634748,
      "f1_at_0.5": 0.19607843137254902,
      "f1_at_tuned_threshold": 0.0,
      "negative_count": 189,
      "positive_count": 45,
      "precision_at_0.5": 0.8333333333333334,
      "precision_at_tuned_threshold": 0.0,
      "prevalence": 0.19230769230769232,
      "recall_at_0.5": 0.1111111111111111,
      "recall_at_tuned_threshold": 0.0,
      "threshold_used": 0.8554415702819824
    },
    "pleural_effusion": {
      "auroc": 0.9174188935561712,
      "average_precision": 0.8298166622743851,
      "ece": 0.23551522933047978,
      "f1_at_0.5": 0.6885245901639344,
      "f1_at_tuned_threshold": 0.6944444444444445,
      "negative_count": 167,
      "positive_count": 67,
      "precision_at_0.5": 0.5431034482758621,
      "precision_at_tuned_threshold": 0.6493506493506493,
      "prevalence": 0.2863247863247863,
      "recall_at_0.5": 0.9402985074626866,
      "recall_at_tuned_threshold": 0.746268656716418,
      "threshold_used": 0.7010653018951416
    },
    "pneumonia": {
      "auroc": 0.8561946902654868,
      "average_precision": 0.4683871512958859,
      "ece": 0.36311157411863654,
      "f1_at_0.5": 0.20833333333333334,
      "f1_at_tuned_threshold": 0.0,
      "negative_count": 226,
      "positive_count": 8,
      "precision_at_0.5": 0.125,
      "precision_at_tuned_threshold": 0.0,
      "prevalence": 0.03418803418803419,
      "recall_at_0.5": 0.625,
      "recall_at_tuned_threshold": 0.0,
      "threshold_used": 0.876614511013031
    },
    "pneumothorax": {
      "auroc": 0.7704646017699115,
      "average_precision": 0.13332716153527324,
      "ece": 0.4560920231975531,
      "f1_at_0.5": 0.11965811965811966,
      "f1_at_tuned_threshold": 0.13461538461538464,
      "negative_count": 226,
      "positive_count": 8,
      "precision_at_0.5": 0.06422018348623854,
      "precision_at_tuned_threshold": 0.07291666666666667,
      "prevalence": 0.03418803418803419,
      "recall_at_0.5": 0.875,
      "recall_at_tuned_threshold": 0.875,
      "threshold_used": 0.5271471738815308
    }
  },
  "loss": 3.98111629486084,
  "macro": {
    "auroc": 0.8420822378939958,
    "average_precision": 0.5585253346491431,
    "ece": 0.23732330610659993,
    "f1_at_0.5": 0.41510244309369676,
    "f1_at_tuned_thresholds": 0.34015153519797486
  },
  "num_examples": 234,
  "split_alias": "d1_transfer",
  "valid_label_counts": {
    "macro_auroc": 7,
    "macro_average_precision": 7
  }
}