{
  "label_metrics": {
    "atelectasis": {
      "auroc": 0.7959821428571429,
      "average_precision": 0.6317259569253882,
      "ece": 0.1053062496463542,
      "f1_at_0.5": 0.6272189349112426,
      "f1_at_tuned_threshold": 0.6590909090909091,
      "negative_count": 154,
      "positive_count": 80,
      "precision_at_0.5": 0.5955056179775281,
      "precision_at_tuned_threshold": 0.6041666666666666,
      "prevalence": 0.3418803418803419,
      "recall_at_0.5": 0.6625,
      "recall_at_tuned_threshold": 0.725,
      "threshold_used": 0.48482978343963623
    },
    "cardiomegaly": {
      "auroc": 0.7739192062367115,
      "average_precision": 0.6200713824892454,
      "ece": 0.0838853690039279,
      "f1_at_0.5": 0.6015037593984962,
      "f1_at_tuned_threshold": 0.5272727272727272,
      "negative_count": 166,
      "positive_count": 68,
      "precision_at_0.5": 0.6153846153846154,
      "precision_at_tuned_threshold": 0.6904761904761905,
      "prevalence": 0.2905982905982906,
      "recall_at_0.5": 0.5882352941176471,
      "recall_at_tuned_threshold": 0.4264705882352941,
      "threshold_used": 0.5926666259765625
    },
    "consolidation": {
      "auroc": 0.8542137795869139,
      "average_precision": 0.41449358377623147,
      "ece": 0.21190174478715593,
      "f1_at_0.5": 0.46315789473684216,
      "f1_at_tuned_threshold": 0.3448275862068965,
      "negative_count": 201,
      "positive_count": 33,
      "precision_at_0.5": 0.3548387096774194,
      "precision_at_tuned_threshold": 0.4,
      "prevalence": 0.14102564102564102,
      "recall_at_0.5": 0.6666666666666666,
      "recall_at_tuned_threshold": 0.30303030303030304,
      "threshold_used": 0.6103373765945435
    },
    "edema": {
      "auroc": 0.8455614344503234,
      "average_precision": 0.6199472871951198,
      "ece": 0.15691974784635382,
      "f1_at_0.5": 0.5849056603773585,
      "f1_at_tuned_threshold": 0.5979381443298969,
      "negative_count": 189,
      "positive_count": 45,
      "precision_at_0.5": 0.5081967213114754,
      "precision_at_tuned_threshold": 0.5576923076923077,
      "prevalence": 0.19230769230769232,
      "recall_at_0.5": 0.6888888888888889,
      "recall_at_tuned_threshold": 0.6444444444444445,
      "threshold_used": 0.6014180183410645
    },
    "pleural_effusion": {
      "auroc": 0.9230494235409777,
      "average_precision": 0.8559526669221669,
      "ece": 0.09021041541622969,
      "f1_at_0.5": 0.7555555555555554,
      "f1_at_tuned_threshold": 0.757142857142857,
      "negative_count": 167,
      "positive_count": 67,
      "precision_at_0.5": 0.75,
      "precision_at_tuned_threshold": 0.726027397260274,
      "prevalence": 0.2863247863247863,
      "recall_at_0.5": 0.7611940298507462,
      "recall_at_tuned_threshold": 0.7910447761194029,
      "threshold_used": 0.46886661648750305
    },
    "pneumonia": {
      "auroc": 0.5600110619469026,
      "average_precision": 0.04714059808100126,
      "ece": 0.3101328490319834,
      "f1_at_0.5": 0.061538461538461535,
      "f1_at_tuned_threshold": 0.0,
      "negative_count": 226,
      "positive_count": 8,
      "precision_at_0.5": 0.03508771929824561,
      "precision_at_tuned_threshold": 0.0,
      "prevalence": 0.03418803418803419,
      "recall_at_0.5": 0.25,
      "recall_at_tuned_threshold": 0.0,
      "threshold_used": 0.7550956010818481
    },
    "pneumothorax": {
      "auroc": 0.7461283185840708,
      "average_precision": 0.14431754638928784,
      "ece": 0.30828134704691196,
      "f1_at_0.5": 0.12903225806451613,
      "f1_at_tuned_threshold": 0.2857142857142857,
      "negative_count": 226,
      "positive_count": 8,
      "precision_at_0.5": 0.07407407407407407,
      "precision_at_tuned_threshold": 0.23076923076923078,
      "prevalence": 0.03418803418803419,
      "recall_at_0.5": 0.5,
      "recall_at_tuned_threshold": 0.375,
      "threshold_used": 0.7527403235435486
    }
  },
  "loss": 1.2041412591934204,
  "macro": {
    "auroc": 0.7855521953147205,
    "average_precision": 0.4762355745397772,
    "ece": 0.18094824611127383,
    "f1_at_0.5": 0.46041607494035325,
    "f1_at_tuned_thresholds": 0.45314092996536753
  },
  "num_examples": 234,
  "split_alias": "target_test",
  "valid_label_counts": {
    "macro_auroc": 7,
    "macro_average_precision": 7
  }
}