{
  "label_metrics": {
    "atelectasis": {
      "auroc": 0.7952776785617647,
      "average_precision": 0.2836750572343995,
      "ece": 0.24278070629816034,
      "f1_at_0.5": 0.345,
      "f1_at_tuned_threshold": 0.3355408388520971,
      "negative_count": 1794,
      "positive_count": 206,
      "precision_at_0.5": 0.23232323232323232,
      "precision_at_tuned_threshold": 0.3076923076923077,
      "prevalence": 0.103,
      "recall_at_0.5": 0.6699029126213593,
      "recall_at_tuned_threshold": 0.36893203883495146,
      "threshold_used": 0.6958796977996826
    },
    "cardiomegaly": {
      "auroc": 0.8740200211258734,
      "average_precision": 0.2508051493442665,
      "ece": 0.2656505889138721,
      "f1_at_0.5": 0.18518518518518517,
      "f1_at_tuned_threshold": 0.32307692307692304,
      "negative_count": 1947,
      "positive_count": 53,
      "precision_at_0.5": 0.10554089709762533,
      "precision_at_tuned_threshold": 0.2727272727272727,
      "prevalence": 0.0265,
      "recall_at_0.5": 0.7547169811320755,
      "recall_at_tuned_threshold": 0.39622641509433965,
      "threshold_used": 0.8351565599441528
    },
    "consolidation": {
      "auroc": 0.8148643086309071,
      "average_precision": 0.19093532904805113,
      "ece": 0.26943961002788286,
      "f1_at_0.5": 0.21542940320232898,
      "f1_at_tuned_threshold": 0.25084745762711863,
      "negative_count": 1907,
      "positive_count": 93,
      "precision_at_0.5": 0.12457912457912458,
      "precision_at_tuned_threshold": 0.18316831683168316,
      "prevalence": 0.0465,
      "recall_at_0.5": 0.7956989247311828,
      "recall_at_tuned_threshold": 0.3978494623655914,
      "threshold_used": 0.768178403377533
    },
    "edema": {
      "auroc": 0.8984682297298903,
      "average_precision": 0.17764005576711436,
      "ece": 0.25523477709381986,
      "f1_at_0.5": 0.13610586011342155,
      "f1_at_tuned_threshold": 0.28260869565217395,
      "negative_count": 1957,
      "positive_count": 43,
      "precision_at_0.5": 0.07407407407407407,
      "precision_at_tuned_threshold": 0.2653061224489796,
      "prevalence": 0.0215,
      "recall_at_0.5": 0.8372093023255814,
      "recall_at_tuned_threshold": 0.3023255813953488,
      "threshold_used": 0.9408569931983948
    },
    "pleural_effusion": {
      "auroc": 0.8678693876387276,
      "average_precision": 0.5169662016542914,
      "ece": 0.2086052118796924,
      "f1_at_0.5": 0.4674046740467405,
      "f1_at_tuned_threshold": 0.5282331511839707,
      "negative_count": 1761,
      "positive_count": 239,
      "precision_at_0.5": 0.3310104529616725,
      "precision_at_tuned_threshold": 0.46774193548387094,
      "prevalence": 0.1195,
      "recall_at_0.5": 0.7949790794979079,
      "recall_at_tuned_threshold": 0.606694560669456,
      "threshold_used": 0.748510479927063
    },
    "pneumonia": {
      "auroc": 0.8175166618371487,
      "average_precision": 0.06431861049107393,
      "ece": 0.4055757782598146,
      "f1_at_0.5": 0.0604467805519054,
      "f1_at_tuned_threshold": 0.10389610389610389,
      "negative_count": 1972,
      "positive_count": 28,
      "precision_at_0.5": 0.03137789904502047,
      "precision_at_tuned_threshold": 0.06349206349206349,
      "prevalence": 0.014,
      "recall_at_0.5": 0.8214285714285714,
      "recall_at_tuned_threshold": 0.2857142857142857,
      "threshold_used": 0.8664951324462891
    },
    "pneumothorax": {
      "auroc": 0.8634121036814002,
      "average_precision": 0.2832484237841794,
      "ece": 0.24935648689882445,
      "f1_at_0.5": 0.26151012891344383,
      "f1_at_tuned_threshold": 0.26394052044609667,
      "negative_count": 1907,
      "positive_count": 93,
      "precision_at_0.5": 0.15777777777777777,
      "precision_at_tuned_threshold": 0.15955056179775282,
      "prevalence": 0.0465,
      "recall_at_0.5": 0.7634408602150538,
      "recall_at_tuned_threshold": 0.7634408602150538,
      "threshold_used": 0.5028349757194519
    }
  },
  "loss": 0.9366748661994934,
  "macro": {
    "auroc": 0.8473469130293877,
    "average_precision": 0.2525126896176252,
    "ece": 0.2709490227674381,
    "f1_at_0.5": 0.23872600457328932,
    "f1_at_tuned_thresholds": 0.2983062415334978
  },
  "num_examples": 2000,
  "split_alias": "d0_test",
  "valid_label_counts": {
    "macro_auroc": 7,
    "macro_average_precision": 7
  }
}