{
  "label_metrics": {
    "atelectasis": {
      "auroc": 0.8435064935064935,
      "average_precision": 0.7359328976185251,
      "ece": 0.07479656020823845,
      "f1_at_0.5": 0.6369426751592356,
      "f1_at_tuned_threshold": 0.38,
      "negative_count": 154,
      "positive_count": 80,
      "precision_at_0.5": 0.6493506493506493,
      "precision_at_tuned_threshold": 0.95,
      "prevalence": 0.3418803418803419,
      "recall_at_0.5": 0.625,
      "recall_at_tuned_threshold": 0.2375,
      "threshold_used": 0.6958796977996826
    },
    "cardiomegaly": {
      "auroc": 0.7703756201275691,
      "average_precision": 0.5809789320062052,
      "ece": 0.19242998404450237,
      "f1_at_0.5": 0.5730337078651685,
      "f1_at_tuned_threshold": 0.3181818181818182,
      "negative_count": 166,
      "positive_count": 68,
      "precision_at_0.5": 0.4636363636363636,
      "precision_at_tuned_threshold": 0.7,
      "prevalence": 0.2905982905982906,
      "recall_at_0.5": 0.75,
      "recall_at_tuned_threshold": 0.20588235294117646,
      "threshold_used": 0.8351565599441528
    },
    "consolidation": {
      "auroc": 0.9152721242273482,
      "average_precision": 0.6035850309458963,
      "ece": 0.30528983403538684,
      "f1_at_0.5": 0.512,
      "f1_at_tuned_threshold": 0.5714285714285713,
      "negative_count": 201,
      "positive_count": 33,
      "precision_at_0.5": 0.34782608695652173,
      "precision_at_tuned_threshold": 0.6,
      "prevalence": 0.14102564102564102,
      "recall_at_0.5": 0.9696969696969697,
      "recall_at_tuned_threshold": 0.5454545454545454,
      "threshold_used": 0.768178403377533
    },
    "edema": {
      "auroc": 0.8298647854203409,
      "average_precision": 0.5939313648269552,
      "ece": 0.08453625415079646,
      "f1_at_0.5": 0.5176470588235293,
      "f1_at_tuned_threshold": 0.0,
      "negative_count": 189,
      "positive_count": 45,
      "precision_at_0.5": 0.55,
      "precision_at_tuned_threshold": 0.0,
      "prevalence": 0.19230769230769232,
      "recall_at_0.5": 0.4888888888888889,
      "recall_at_tuned_threshold": 0.0,
      "threshold_used": 0.9408569931983948
    },
    "pleural_effusion": {
      "auroc": 0.9002591831262847,
      "average_precision": 0.8073922134337773,
      "ece": 0.20843325529892365,
      "f1_at_0.5": 0.6593406593406593,
      "f1_at_tuned_threshold": 0.6984126984126985,
      "negative_count": 167,
      "positive_count": 67,
      "precision_at_0.5": 0.5217391304347826,
      "precision_at_tuned_threshold": 0.7457627118644068,
      "prevalence": 0.2863247863247863,
      "recall_at_0.5": 0.8955223880597015,
      "recall_at_tuned_threshold": 0.6567164179104478,
      "threshold_used": 0.748510479927063
    },
    "pneumonia": {
      "auroc": 0.7970132743362832,
      "average_precision": 0.36017123770204756,
      "ece": 0.3868476983130584,
      "f1_at_0.5": 0.13333333333333333,
      "f1_at_tuned_threshold": 0.0,
      "negative_count": 226,
      "positive_count": 8,
      "precision_at_0.5": 0.07462686567164178,
      "precision_at_tuned_threshold": 0.0,
      "prevalence": 0.03418803418803419,
      "recall_at_0.5": 0.625,
      "recall_at_tuned_threshold": 0.0,
      "threshold_used": 0.8664951324462891
    },
    "pneumothorax": {
      "auroc": 0.8019911504424779,
      "average_precision": 0.16312195785143546,
      "ece": 0.42605624796812797,
      "f1_at_0.5": 0.1308411214953271,
      "f1_at_tuned_threshold": 0.13461538461538464,
      "negative_count": 226,
      "positive_count": 8,
      "precision_at_0.5": 0.0707070707070707,
      "precision_at_tuned_threshold": 0.07291666666666667,
      "prevalence": 0.03418803418803419,
      "recall_at_0.5": 0.875,
      "recall_at_tuned_threshold": 0.875,
      "threshold_used": 0.5028349757194519
    }
  },
  "loss": 3.0601940155029297,
  "macro": {
    "auroc": 0.8368975187409712,
    "average_precision": 0.5493019477692632,
    "ece": 0.23976997628843347,
    "f1_at_0.5": 0.4518769365738932,
    "f1_at_tuned_thresholds": 0.30037692466263893
  },
  "num_examples": 234,
  "split_alias": "d1_transfer",
  "valid_label_counts": {
    "macro_auroc": 7,
    "macro_average_precision": 7
  }
}