{
  "label_metrics": {
    "atelectasis": {
      "auroc": 0.7803165584415584,
      "average_precision": 0.6698497898566156,
      "ece": 0.2010359962800596,
      "f1_at_0.5": 0.6203703703703705,
      "f1_at_tuned_threshold": 0.5112781954887219,
      "negative_count": 154,
      "positive_count": 80,
      "precision_at_0.5": 0.49264705882352944,
      "precision_at_tuned_threshold": 0.6415094339622641,
      "prevalence": 0.3418803418803419,
      "recall_at_0.5": 0.8375,
      "recall_at_tuned_threshold": 0.425,
      "threshold_used": 0.7266196608543396
    },
    "cardiomegaly": {
      "auroc": 0.5507618710134656,
      "average_precision": 0.2951579908977373,
      "ece": 0.19772666978779424,
      "f1_at_0.5": 0.1320754716981132,
      "f1_at_tuned_threshold": 0.0,
      "negative_count": 166,
      "positive_count": 68,
      "precision_at_0.5": 0.18421052631578946,
      "precision_at_tuned_threshold": 0.0,
      "prevalence": 0.2905982905982906,
      "recall_at_0.5": 0.10294117647058823,
      "recall_at_tuned_threshold": 0.0,
      "threshold_used": 0.8088233470916748
    },
    "consolidation": {
      "auroc": 0.8239107492838836,
      "average_precision": 0.39116236108033564,
      "ece": 0.3349666053909726,
      "f1_at_0.5": 0.4081632653061224,
      "f1_at_tuned_threshold": 0.2857142857142857,
      "negative_count": 201,
      "positive_count": 33,
      "precision_at_0.5": 0.2631578947368421,
      "precision_at_tuned_threshold": 0.4375,
      "prevalence": 0.14102564102564102,
      "recall_at_0.5": 0.9090909090909091,
      "recall_at_tuned_threshold": 0.21212121212121213,
      "threshold_used": 0.8060905337333679
    },
    "edema": {
      "auroc": 0.8345091122868901,
      "average_precision": 0.5675670071909722,
      "ece": 0.12188209254460208,
      "f1_at_0.5": 0.5581395348837209,
      "f1_at_tuned_threshold": 0.15999999999999998,
      "negative_count": 189,
      "positive_count": 45,
      "precision_at_0.5": 0.5853658536585366,
      "precision_at_tuned_threshold": 0.8,
      "prevalence": 0.19230769230769232,
      "recall_at_0.5": 0.5333333333333333,
      "recall_at_tuned_threshold": 0.08888888888888889,
      "threshold_used": 0.7764534950256348
    },
    "pleural_effusion": {
      "auroc": 0.789659486996157,
      "average_precision": 0.5834147141827656,
      "ece": 0.1998106344633007,
      "f1_at_0.5": 0.5934065934065934,
      "f1_at_tuned_threshold": 0.5793103448275863,
      "negative_count": 167,
      "positive_count": 67,
      "precision_at_0.5": 0.46956521739130436,
      "precision_at_tuned_threshold": 0.5384615384615384,
      "prevalence": 0.2863247863247863,
      "recall_at_0.5": 0.8059701492537313,
      "recall_at_tuned_threshold": 0.6268656716417911,
      "threshold_used": 0.6710395812988281
    },
    "pneumonia": {
      "auroc": 0.7394911504424779,
      "average_precision": 0.11685648261924002,
      "ece": 0.3860045097287158,
      "f1_at_0.5": 0.12631578947368421,
      "f1_at_tuned_threshold": 0.125,
      "negative_count": 226,
      "positive_count": 8,
      "precision_at_0.5": 0.06896551724137931,
      "precision_at_tuned_threshold": 0.125,
      "prevalence": 0.03418803418803419,
      "recall_at_0.5": 0.75,
      "recall_at_tuned_threshold": 0.125,
      "threshold_used": 0.7390459179878235
    },
    "pneumothorax": {
      "auroc": 0.5907079646017699,
      "average_precision": 0.054793137002656936,
      "ece": 0.6085737098215114,
      "f1_at_0.5": 0.06451612903225806,
      "f1_at_tuned_threshold": 0.06666666666666667,
      "negative_count": 226,
      "positive_count": 8,
      "precision_at_0.5": 0.033707865168539325,
      "precision_at_tuned_threshold": 0.03488372093023256,
      "prevalence": 0.03418803418803419,
      "recall_at_0.5": 0.75,
      "recall_at_tuned_threshold": 0.75,
      "threshold_used": 0.5225067734718323
    }
  },
  "loss": 4.931344032287598,
  "macro": {
    "auroc": 0.7299081275808862,
    "average_precision": 0.3826859261186176,
    "ece": 0.29285717400242234,
    "f1_at_0.5": 0.3575695934529804,
    "f1_at_tuned_thresholds": 0.2468527846710372
  },
  "num_examples": 234,
  "split_alias": "d1_transfer",
  "valid_label_counts": {
    "macro_auroc": 7,
    "macro_average_precision": 7
  }
}