{
  "brier_score": 0.06160754284688404,
  "label_metrics": {
    "0": {
      "auprc": 0.29285917864203503,
      "auroc": 0.7883343615720145,
      "brier": 0.09770552814006805,
      "ece": 0.10857348307594657
    },
    "1": {
      "auprc": 0.23370174757356849,
      "auroc": 0.8574391177525171,
      "brier": 0.02592758648097515,
      "ece": 0.03489167298004031
    },
    "2": {
      "auprc": 0.17552530818899603,
      "auroc": 0.7921804782606243,
      "brier": 0.04363369569182396,
      "ece": 0.028064441829919816
    },
    "3": {
      "auprc": 0.1887868745765703,
      "auroc": 0.8942139725018123,
      "brier": 0.09033580124378204,
      "ece": 0.16128098895185394
    },
    "4": {
      "auprc": 0.48996466354145013,
      "auroc": 0.8624830414442155,
      "brier": 0.09938264638185501,
      "ece": 0.08389924199692905
    },
    "5": {
      "auprc": 0.0528653354985994,
      "auroc": 0.7754093016516952,
      "brier": 0.02586442418396473,
      "ece": 0.0683213158743456
    },
    "6": {
      "auprc": 0.24822261596586245,
      "auroc": 0.8438407451889192,
      "brier": 0.048403117805719376,
      "ece": 0.04189671877026558
    }
  },
  "macro_auprc": 0.240275103426726,
  "macro_auroc": 0.8305572883388282,
  "macro_ece": 0.07527540906847155,
  "micro_auprc": 0.2755728781623364,
  "micro_auroc": 0.8418338045845114,
  "num_examples": 2000,
  "prediction_artifact": "/workspace/paper_v1/outputs/nih_to_chexpert_seed_sweep/20260420T122137Z__nih_to_chexpert_seed_sweep/seed_31415/20260420T122202Z__lwf/metrics/d0_nih_test_predictions.npz",
  "valid_label_counts": {
    "brier_score": 7,
    "macro_auprc": 7,
    "macro_auroc": 7,
    "macro_ece": 7
  }
}
