{
  "label_metrics": {
    "atelectasis": {
      "auroc": 0.6518266844817713,
      "average_precision": 0.259235563266426,
      "ece": 0.31984120387861525,
      "f1_at_0.5": 0.3271028037383178,
      "f1_at_tuned_threshold": 0.3311036789297659,
      "negative_count": 845,
      "positive_count": 155,
      "precision_at_0.5": 0.21560574948665298,
      "precision_at_tuned_threshold": 0.2234762979683973,
      "prevalence": 0.155,
      "recall_at_0.5": 0.6774193548387096,
      "recall_at_tuned_threshold": 0.6387096774193548,
      "threshold_used": 0.5220059156417847
    },
    "cardiomegaly": {
      "auroc": 0.7954130396492106,
      "average_precision": 0.40335357230307545,
      "ece": 0.3432667582229846,
      "f1_at_0.5": 0.3617021276595745,
      "f1_at_tuned_threshold": 0.41635687732342,
      "negative_count": 877,
      "positive_count": 123,
      "precision_at_0.5": 0.23129251700680273,
      "precision_at_tuned_threshold": 0.3835616438356164,
      "prevalence": 0.123,
      "recall_at_0.5": 0.8292682926829268,
      "recall_at_tuned_threshold": 0.45528455284552843,
      "threshold_used": 0.7513172626495361
    },
    "consolidation": {
      "auroc": 0.6895512496844232,
      "average_precision": 0.12758624015814007,
      "ece": 0.3689682466213838,
      "f1_at_0.5": 0.2,
      "f1_at_tuned_threshold": 0.23318385650224216,
      "negative_count": 932,
      "positive_count": 68,
      "precision_at_0.5": 0.11827956989247312,
      "precision_at_tuned_threshold": 0.16774193548387098,
      "prevalence": 0.068,
      "recall_at_0.5": 0.6470588235294118,
      "recall_at_tuned_threshold": 0.38235294117647056,
      "threshold_used": 0.6542301177978516
    },
    "edema": {
      "auroc": 0.7878627005325415,
      "average_precision": 0.5045747126837442,
      "ece": 0.15222047155245735,
      "f1_at_0.5": 0.5427135678391959,
      "f1_at_tuned_threshold": 0.5535055350553506,
      "negative_count": 763,
      "positive_count": 237,
      "precision_at_0.5": 0.45,
      "precision_at_tuned_threshold": 0.4918032786885246,
      "prevalence": 0.237,
      "recall_at_0.5": 0.6835443037974683,
      "recall_at_tuned_threshold": 0.6329113924050633,
      "threshold_used": 0.5464774370193481
    },
    "pleural_effusion": {
      "auroc": 0.8337580800324045,
      "average_precision": 0.7669471965358177,
      "ece": 0.1004388700995397,
      "f1_at_0.5": 0.7071178529754959,
      "f1_at_tuned_threshold": 0.7126696832579185,
      "negative_count": 614,
      "positive_count": 386,
      "precision_at_0.5": 0.643312101910828,
      "precision_at_tuned_threshold": 0.6325301204819277,
      "prevalence": 0.386,
      "recall_at_0.5": 0.7849740932642487,
      "recall_at_tuned_threshold": 0.8160621761658031,
      "threshold_used": 0.4765355587005615
    },
    "pneumonia": {
      "auroc": 0.6016593491735537,
      "average_precision": 0.05861142186460255,
      "ece": 0.33932440050239826,
      "f1_at_0.5": 0.08362369337979093,
      "f1_at_tuned_threshold": 0.14285714285714285,
      "negative_count": 968,
      "positive_count": 32,
      "precision_at_0.5": 0.047058823529411764,
      "precision_at_tuned_threshold": 0.10606060606060606,
      "prevalence": 0.032,
      "recall_at_0.5": 0.375,
      "recall_at_tuned_threshold": 0.21875,
      "threshold_used": 0.7034705877304077
    },
    "pneumothorax": {
      "auroc": 0.7949284031623478,
      "average_precision": 0.433765617816018,
      "ece": 0.313279232133663,
      "f1_at_0.5": 0.3209876543209877,
      "f1_at_tuned_threshold": 0.5088757396449705,
      "negative_count": 911,
      "positive_count": 89,
      "precision_at_0.5": 0.20569620253164558,
      "precision_at_tuned_threshold": 0.5375,
      "prevalence": 0.089,
      "recall_at_0.5": 0.7303370786516854,
      "recall_at_tuned_threshold": 0.48314606741573035,
      "threshold_used": 0.7894650101661682
    }
  },
  "loss": 1.0247059488296508,
  "macro": {
    "auroc": 0.7364285009594645,
    "average_precision": 0.36486776066111776,
    "ece": 0.27676274043014887,
    "f1_at_0.5": 0.36332109998762324,
    "f1_at_tuned_thresholds": 0.41407893051011574
  },
  "num_examples": 1000,
  "split_alias": "target_val",
  "valid_label_counts": {
    "macro_auroc": 7,
    "macro_average_precision": 7
  }
}