{
  "labels": {
    "atelectasis": {
      "best_f1": 0.333889816360601,
      "threshold": 0.5220059060424087
    },
    "cardiomegaly": {
      "best_f1": 0.4222222222222222,
      "threshold": 0.751317260415159
    },
    "consolidation": {
      "best_f1": 0.24107142857142858,
      "threshold": 0.654230099418377
    },
    "edema": {
      "best_f1": 0.5535055350553506,
      "threshold": 0.5464774465610145
    },
    "pleural_effusion": {
      "best_f1": 0.7126696832579186,
      "threshold": 0.4765355625236682
    },
    "pneumonia": {
      "best_f1": 0.14285714285714285,
      "threshold": 0.7034706054139007
    },
    "pneumothorax": {
      "best_f1": 0.5088757396449705,
      "threshold": 0.7894650333825763
    }
  },
  "macro_threshold": 0.6347860097885132,
  "selection_metric": "per_label_f1",
  "selection_split": "target_val"
}