{
  "brier_score": 0.043226865120232105,
  "label_metrics": {
    "0": {
      "auprc": 0.2781801947763254,
      "auroc": 0.7869002392007879,
      "brier": 0.08471867442131042,
      "ece": 0.040347390308976175
    },
    "1": {
      "auprc": 0.2351832167515106,
      "auroc": 0.856276225639833,
      "brier": 0.02346549741923809,
      "ece": 0.015606189100071787
    },
    "2": {
      "auprc": 0.17886098966028957,
      "auroc": 0.7982419044719229,
      "brier": 0.04219139367341995,
      "ece": 0.02487536624073982
    },
    "3": {
      "auprc": 0.18382699771703348,
      "auroc": 0.8931444664947535,
      "brier": 0.019078196957707405,
      "ece": 0.005395535066723823
    },
    "4": {
      "auprc": 0.4964533463298175,
      "auroc": 0.862744399221629,
      "brier": 0.07968300580978394,
      "ece": 0.029420028258115054
    },
    "5": {
      "auprc": 0.056971267305866775,
      "auroc": 0.7989169805853377,
      "brier": 0.013684152625501156,
      "ece": 0.008702780120074749
    },
    "6": {
      "auprc": 0.27696371427551864,
      "auroc": 0.8524902594290418,
      "brier": 0.03976713493466377,
      "ece": 0.024388522014953194
    }
  },
  "macro_auprc": 0.24377710383090886,
  "macro_auroc": 0.8355306392919007,
  "macro_ece": 0.021247973015664945,
  "micro_auprc": 0.33028218203295134,
  "micro_auroc": 0.8666267665669165,
  "num_examples": 2000,
  "prediction_artifact": "/workspace/paper_v1/outputs/nih_to_chexpert_seed_sweep/20260420T121957Z__nih_to_chexpert_seed_sweep/seed_1337/20260420T122006Z__labelwise_trust_region/metrics/d0_nih_test_predictions.npz",
  "valid_label_counts": {
    "brier_score": 7,
    "macro_auprc": 7,
    "macro_auroc": 7,
    "macro_ece": 7
  }
}
