{
  "argv": [
    "/workspace/scripts/23_evaluate_domain_transfer_source_memory.py",
    "--memory-root",
    "/workspace/experiments/exp0040__domain_transfer_source_retrieval_memory_building__domain_transfer_source_retrieval_memory__resnet50_default_avg_pilot5h_d0_train",
    "--baseline-experiment-dir",
    "/workspace/experiments/exp0013__domain_transfer_linear_probe__resnet50_default_avg_pilot5h",
    "--query-embedding-root",
    "/workspace/experiments/exp0012__embedding_generation__domain_transfer_resnet50_default_avg_pilot5h",
    "--manifest-csv",
    "/workspace/manifest_common_labels_pilot5h.csv",
    "--query-domain",
    "d0_nih",
    "--query-split",
    "val",
    "--split-alias",
    "d0_val",
    "--experiment-name",
    "domain_transfer_source_memory_selection__resnet50_default_avg_pilot5h_d0_val"
  ],
  "baseline_comparison": {
    "macro": {
      "auroc": {
        "archived": 0.7376169170752449,
        "delta": 0.0,
        "reconstructed": 0.7376169170752449
      },
      "average_precision": {
        "archived": 0.12728280935906708,
        "delta": 0.0,
        "reconstructed": 0.12728280935906708
      },
      "ece": {
        "archived": 0.40469665870855476,
        "delta": -1.1403384347907775e-09,
        "reconstructed": 0.4046966575682163
      },
      "f1_at_0.5": {
        "archived": 0.18379009478401379,
        "delta": 0.0,
        "reconstructed": 0.18379009478401379
      },
      "f1_at_tuned_thresholds": {
        "archived": 0.20958460619345126,
        "delta": 0.004848188579928692,
        "reconstructed": 0.21443279477337995
      }
    },
    "matches_archived_metrics_within_5e-4": false,
    "max_abs_delta": 0.017014178482068376,
    "per_label": {
      "atelectasis": {
        "auroc": {
          "archived": 0.7104975103021978,
          "delta": 0.0,
          "reconstructed": 0.7104975103021978
        },
        "average_precision": {
          "archived": 0.2204369134936413,
          "delta": 0.0,
          "reconstructed": 0.2204369134936413
        },
        "ece": {
          "archived": 0.37119478278673895,
          "delta": -2.347600558394447e-09,
          "reconstructed": 0.3711947804391384
        },
        "f1_at_0.5": {
          "archived": 0.2811881188118812,
          "delta": 0.0,
          "reconstructed": 0.2811881188118812
        },
        "f1_at_tuned_threshold": {
          "archived": 0.32304038004750596,
          "delta": 0.003973837961972759,
          "reconstructed": 0.3270142180094787
        }
      },
      "cardiomegaly": {
        "auroc": {
          "archived": 0.7030584192439863,
          "delta": 0.0,
          "reconstructed": 0.7030584192439863
        },
        "average_precision": {
          "archived": 0.07224024740738842,
          "delta": 0.0,
          "reconstructed": 0.07224024740738842
        },
        "ece": {
          "archived": 0.45163348202273157,
          "delta": -2.8177998823153416e-10,
          "reconstructed": 0.4516334817409516
        },
        "f1_at_0.5": {
          "archived": 0.0975609756097561,
          "delta": 0.0,
          "reconstructed": 0.0975609756097561
        },
        "f1_at_tuned_threshold": {
          "archived": 0.12844036697247707,
          "delta": 0.017014178482068376,
          "reconstructed": 0.14545454545454545
        }
      },
      "consolidation": {
        "auroc": {
          "archived": 0.7049949867833379,
          "delta": 0.0,
          "reconstructed": 0.7049949867833379
        },
        "average_precision": {
          "archived": 0.09102893667630177,
          "delta": 0.0,
          "reconstructed": 0.09102893667630177
        },
        "ece": {
          "archived": 0.39320387377213617,
          "delta": -2.8796115492113472e-09,
          "reconstructed": 0.3932038708925246
        },
        "f1_at_0.5": {
          "archived": 0.16422287390029325,
          "delta": 0.0,
          "reconstructed": 0.16422287390029325
        },
        "f1_at_tuned_threshold": {
          "archived": 0.17518248175182483,
          "delta": 0.0,
          "reconstructed": 0.17518248175182483
        }
      },
      "edema": {
        "auroc": {
          "archived": 0.8447589743589744,
          "delta": 0.0,
          "reconstructed": 0.8447589743589744
        },
        "average_precision": {
          "archived": 0.09321792136301753,
          "delta": 0.0,
          "reconstructed": 0.09321792136301753
        },
        "ece": {
          "archived": 0.40465214600774313,
          "delta": -1.7544891650622674e-09,
          "reconstructed": 0.40465214425325396
        },
        "f1_at_0.5": {
          "archived": 0.13968253968253969,
          "delta": 0.0,
          "reconstructed": 0.13968253968253969
        },
        "f1_at_tuned_threshold": {
          "archived": 0.1917808219178082,
          "delta": 0.0,
          "reconstructed": 0.1917808219178082
        }
      },
      "pleural_effusion": {
        "auroc": {
          "archived": 0.7571464894119356,
          "delta": 0.0,
          "reconstructed": 0.7571464894119356
        },
        "average_precision": {
          "archived": 0.2760244603135373,
          "delta": 0.0,
          "reconstructed": 0.2760244603135373
        },
        "ece": {
          "archived": 0.3388648748775043,
          "delta": -6.635703098112344e-10,
          "reconstructed": 0.33886487421393396
        },
        "f1_at_0.5": {
          "archived": 0.36438923395445133,
          "delta": 0.0,
          "reconstructed": 0.36438923395445133
        },
        "f1_at_tuned_threshold": {
          "archived": 0.3936170212765958,
          "delta": 0.004260962808284807,
          "reconstructed": 0.3978779840848806
        }
      },
      "pneumonia": {
        "auroc": {
          "archived": 0.6649521877716604,
          "delta": 0.0,
          "reconstructed": 0.6649521877716604
        },
        "average_precision": {
          "archived": 0.023976782544889486,
          "delta": 0.0,
          "reconstructed": 0.023976782544889486
        },
        "ece": {
          "archived": 0.4531466264667781,
          "delta": -8.585722688358999e-10,
          "reconstructed": 0.45314662560820584
        },
        "f1_at_0.5": {
          "archived": 0.053571428571428575,
          "delta": 0.0,
          "reconstructed": 0.053571428571428575
        },
        "f1_at_tuned_threshold": {
          "archived": 0.053811659192825115,
          "delta": 0.008688340807174885,
          "reconstructed": 0.0625
        }
      },
      "pneumothorax": {
        "auroc": {
          "archived": 0.7779098516546216,
          "delta": 0.0,
          "reconstructed": 0.7779098516546216
        },
        "average_precision": {
          "archived": 0.11405440371469383,
          "delta": 0.0,
          "reconstructed": 0.11405440371469383
        },
        "ece": {
          "archived": 0.42018082502625104,
          "delta": 8.032549070335904e-10,
          "reconstructed": 0.42018082582950594
        },
        "f1_at_0.5": {
          "archived": 0.18591549295774645,
          "delta": 0.0,
          "reconstructed": 0.18591549295774645
        },
        "f1_at_tuned_threshold": {
          "archived": 0.20121951219512196,
          "delta": 0.0,
          "reconstructed": 0.20121951219512196
        }
      }
    }
  },
  "baseline_experiment_dir": "/workspace/experiments/exp0013__domain_transfer_linear_probe__resnet50_default_avg_pilot5h",
  "baseline_reconstruction": {
    "batch_size": 2048,
    "checkpoint_epoch": 50,
    "checkpoint_label_names": [
      "atelectasis",
      "cardiomegaly",
      "consolidation",
      "edema",
      "pleural_effusion",
      "pneumonia",
      "pneumothorax"
    ],
    "input_dim": 2048,
    "output_dim": 7
  },
  "experiment_dir": "/workspace/experiments/exp0041__domain_transfer_source_memory_selection__resnet50_default_avg_pilot5h_d0_val",
  "experiment_id": "exp0041",