{
  "diagnostic_macro_f1_at_tuned_thresholds": 0.19000029137910052,
  "macro_auroc": 0.6833095782624247,
  "macro_average_precision": 0.12520247506956086,
  "macro_ece": 0.009440808562381636,
  "macro_f1_at_0.5": 0.0097116076821241,
  "per_label": {
    "atelectasis": {
      "auroc": 0.7038573760664658,
      "average_precision": 0.2148354443098938,
      "ece": 0.007348229160444524,
      "f1_at_0.5": 0.0,
      "f1_at_tuned_threshold": 0.29405225125069484,
      "positive_count": 1152,
      "threshold": 0.1597757488489151
    },
    "cardiomegaly": {
      "auroc": 0.6761900356396944,
      "average_precision": 0.07108703702860919,
      "ece": 0.009269751949223014,
      "f1_at_0.5": 0.0,
      "f1_at_tuned_threshold": 0.14746543778801843,
      "positive_count": 303,
      "threshold": 0.06016234681010246
    },
    "consolidation": {
      "auroc": 0.7134791940760868,
      "average_precision": 0.08735809509246309,
      "ece": 0.012854832981377164,
      "f1_at_0.5": 0.0,
      "f1_at_tuned_threshold": 0.1674704077159141,
      "positive_count": 454,
      "threshold": 0.09942301362752914
    },
    "edema": {
      "auroc": 0.816839545011206,
      "average_precision": 0.10453257130264963,
      "ece": 0.005014681716950376,
      "f1_at_0.5": 0.0,
      "f1_at_tuned_threshold": 0.20168067226890757,
      "positive_count": 253,
      "threshold": 0.13972635567188263
    },
    "emphysema": {
      "auroc": 0.7437662762699582,
      "average_precision": 0.07010258989337385,
      "ece": 0.004834377838341678,
      "f1_at_0.5": 0.0,
      "f1_at_tuned_threshold": 0.16074766355140188,
      "positive_count": 194,
      "threshold": 0.11990052461624146
    },
    "fibrosis": {
      "auroc": 0.6274288496816847,
      "average_precision": 0.03907341831965287,
      "ece": 0.0023321251619259535,
      "f1_at_0.5": 0.0,
      "f1_at_tuned_threshold": 0.07216494845360824,
      "positive_count": 158,
      "threshold": 0.11923060566186905
    },
    "hernia": {
      "auroc": 0.5558125502815768,
      "average_precision": 0.005414207806965073,
      "ece": 0.0011585833494336395,
      "f1_at_0.5": 0.0,
      "f1_at_tuned_threshold": 0.025974025974025972,
      "positive_count": 32,
      "threshold": 0.039976831525564194
    },
    "infiltration": {
      "auroc": 0.6719481014754405,
      "average_precision": 0.32566467003919614,
      "ece": 0.018977956434446004,
      "f1_at_0.5": 0.09287646528403967,
      "f1_at_tuned_threshold": 0.38488872264821394,
      "positive_count": 2014,
      "threshold": 0.20011360943317413
    },
    "mass": {
      "auroc": 0.644815999124112,
      "average_precision": 0.10764906692929369,
      "ece": 0.0120790766880656,
      "f1_at_0.5": 0.0,
      "f1_at_tuned_threshold": 0.19188191881918823,
      "positive_count": 584,
      "threshold": 0.10040873289108276
    },
    "nodule": {
      "auroc": 0.5625311740379455,
      "average_precision": 0.0837542793376908,
      "ece": 0.022956704891861492,
      "f1_at_0.5": 0.0,
      "f1_at_tuned_threshold": 0.13887307911212293,
      "positive_count": 660,
      "threshold": 0.10015537589788437
    },
    "pleural_effusion": {
      "auroc": 0.7867877760056682,
      "average_precision": 0.36276675459893704,
      "ece": 0.019397586719568358,
      "f1_at_0.5": 0.03913347309573724,
      "f1_at_tuned_threshold": 0.41364902506963785,
      "positive_count": 1390,
      "threshold": 0.15985353291034698
    },
    "pleural_thickening": {
      "auroc": 0.64140526045699,
      "average_precision": 0.057735617475328856,
      "ece": 0.006732914368842404,
      "f1_at_0.5": 0.0,
      "f1_at_tuned_threshold": 0.10799584631360332,
      "positive_count": 309,
      "threshold": 0.08004096150398254
    },
    "pneumonia": {
      "auroc": 0.6363884631134105,
      "average_precision": 0.030301875371334108,
      "ece": 0.0018092870075736788,
      "f1_at_0.5": 0.0,
      "f1_at_tuned_threshold": 0.08398950131233597,
      "positive_count": 146,
      "threshold": 0.07957327365875244
    },
    "pneumothorax": {
      "auroc": 0.7850834944337044,
      "average_precision": 0.19255902346846349,
      "ece": 0.0074052116052890195,
      "f1_at_0.5": 0.003952569169960474,
      "f1_at_tuned_threshold": 0.26917057902973396,
      "positive_count": 504,
      "threshold": 0.14049631357192993
    }
  },
  "thresholds": {
    "atelectasis": {
      "best_f1": 0.29405225125069484,
      "prevalence": 0.10268294856939121,
      "threshold": 0.1597757488489151
    },
    "cardiomegaly": {
      "best_f1": 0.14746543778801843,
      "prevalence": 0.027007754701845084,
      "threshold": 0.06016234681010246
    },
    "consolidation": {
      "best_f1": 0.1674704077159141,
      "prevalence": 0.04046706480078438,
      "threshold": 0.09942301362752914
    },
    "edema": {
      "best_f1": 0.20168067226890757,
      "prevalence": 0.022551029503520812,
      "threshold": 0.13972635567188263
    },
    "emphysema": {
      "best_f1": 0.16074766355140188,
      "prevalence": 0.01729209376949817,
      "threshold": 0.11990052461624146
    },
    "fibrosis": {
      "best_f1": 0.07216494845360824,
      "prevalence": 0.014083251626704697,
      "threshold": 0.11923060566186905
    },
    "hernia": {
      "best_f1": 0.025974025974025972,
      "prevalence": 0.0028523041269275335,
      "threshold": 0.039976831525564194
    },
    "infiltration": {
      "best_f1": 0.38488872264821394,
      "prevalence": 0.17951689098850165,
      "threshold": 0.20011360943317413
    },
    "mass": {
      "best_f1": 0.19188191881918823,
      "prevalence": 0.052054550316427486,
      "threshold": 0.10040873289108276
    },
    "nodule": {
      "best_f1": 0.13887307911212293,
      "prevalence": 0.05882877261788038,
      "threshold": 0.10015537589788437
    },
    "pleural_effusion": {
      "best_f1": 0.41364902506963785,
      "prevalence": 0.12389696051341474,
      "threshold": 0.15985353291034698
    },
    "pleural_thickening": {
      "best_f1": 0.10799584631360332,
      "prevalence": 0.027542561725643996,
      "threshold": 0.08004096150398254
    },
    "pneumonia": {
      "best_f1": 0.08398950131233597,
      "prevalence": 0.013013637579106872,
      "threshold": 0.07957327365875244
    },
    "pneumothorax": {
      "best_f1": 0.26917057902973396,
      "prevalence": 0.044923789999108656,
      "threshold": 0.14049631357192993
    }
  }
}