{
  "brier_score": 0.06479497573205403,
  "label_metrics": {
    "0": {
      "auprc": 0.29401308686261923,
      "auroc": 0.7889567165633017,
      "brier": 0.09858186542987823,
      "ece": 0.11305159135349095
    },
    "1": {
      "auprc": 0.22258706036221962,
      "auroc": 0.8520219786609298,
      "brier": 0.027846019715070724,
      "ece": 0.048436628006398676
    },
    "2": {
      "auprc": 0.18125474772719197,
      "auroc": 0.7923834655570028,
      "brier": 0.043829284608364105,
      "ece": 0.03343004616536201
    },
    "3": {
      "auprc": 0.17893155467755,
      "auroc": 0.8962341505151454,
      "brier": 0.1069750189781189,
      "ece": 0.1896227613928495
    },
    "4": {
      "auprc": 0.4963960886861717,
      "auroc": 0.8634880808973601,
      "brier": 0.1009664237499237,
      "ece": 0.09522999246418477
    },
    "5": {
      "auprc": 0.0520963783156271,
      "auroc": 0.7728194726166329,
      "brier": 0.026986945420503616,
      "ece": 0.07822811953164635
    },
    "6": {
      "auprc": 0.2508615049985865,
      "auroc": 0.8501840982007431,
      "brier": 0.04837927222251892,
      "ece": 0.04769531534379348
    }
  },
  "macro_auprc": 0.23944863166142372,
  "macro_auroc": 0.830869709001588,
  "macro_ece": 0.08652777917967511,
  "micro_auprc": 0.267817395508446,
  "micro_auroc": 0.8396922992307481,
  "num_examples": 2000,
  "prediction_artifact": "/workspace/paper_v1/outputs/nih_to_chexpert/20260420T091929Z__nih_to_chexpert/20260420T091940Z__fixed_alpha_mix/metrics/d0_nih_test_mixed_probabilities.npz",
  "valid_label_counts": {
    "brier_score": 7,
    "macro_auprc": 7,
    "macro_auroc": 7,
    "macro_ece": 7
  }
}
