{
  "brier_score": 0.1061389824109418,
  "label_metrics": {
    "0": {
      "auprc": 0.7262483865351053,
      "auroc": 0.8392857142857143,
      "brier": 0.17203298211097717,
      "ece": 0.12284122496588618
    },
    "1": {
      "auprc": 0.6454113999993288,
      "auroc": 0.8076718639262934,
      "brier": 0.1776813417673111,
      "ece": 0.1286263280731236
    },
    "2": {
      "auprc": 0.5468695370026525,
      "auroc": 0.9056233981607116,
      "brier": 0.09192716330289841,
      "ece": 0.06837698696260779
    },
    "3": {
      "auprc": 0.6516859757799025,
      "auroc": 0.8583186360964139,
      "brier": 0.11389459669589996,
      "ece": 0.08757626021710727
    },
    "4": {
      "auprc": 0.8562246929863779,
      "auroc": 0.9301993028867638,
      "brier": 0.10826291888952255,
      "ece": 0.09571711988880849
    },
    "5": {
      "auprc": 0.14735332120065725,
      "auroc": 0.8102876106194691,
      "brier": 0.03280073031783104,
      "ece": 0.036362417237275936
    },
    "6": {
      "auprc": 0.10369322181493655,
      "auroc": 0.7682522123893805,
      "brier": 0.046373143792152405,
      "ece": 0.0912566198847997
    }
  },
  "macro_auprc": 0.52535521933128,
  "macro_auroc": 0.8456626769092496,
  "macro_ece": 0.090108136747087,
  "micro_auprc": 0.6268181365564797,
  "micro_auroc": 0.863709970023937,
  "num_examples": 234,
  "prediction_artifact": "/workspace/paper_v1/outputs/nih_to_chexpert/20260420T091929Z__nih_to_chexpert/20260420T091940Z__fixed_alpha_mix/metrics/d1_chexpert_test_mixed_probabilities.npz",
  "valid_label_counts": {
    "brier_score": 7,
    "macro_auprc": 7,
    "macro_auroc": 7,
    "macro_ece": 7
  }
}
