{
  "brier_score": 0.13505394969667708,
  "label_metrics": {
    "0": {
      "auprc": 0.9796825396825397,
      "auroc": 0.9803921568627452,
      "brier": 0.108157679438591,
      "ece": 0.20805342542007565
    },
    "1": {
      "auprc": 0.9590686274509803,
      "auroc": 0.9568627450980391,
      "brier": 0.13556432723999023,
      "ece": 0.21208557789213955
    },
    "2": {
      "auprc": 0.9483668730650154,
      "auroc": 0.9490196078431372,
      "brier": 0.1344105303287506,
      "ece": 0.19242670387029648
    },
    "3": {
      "auprc": 0.9235563048063048,
      "auroc": 0.9296875,
      "brier": 0.1484244018793106,
      "ece": 0.2203467758372426
    },
    "4": {
      "auprc": 0.9939896036387265,
      "auroc": 0.9920634920634921,
      "brier": 0.09889933466911316,
      "ece": 0.21960966481128708
    },
    "5": {
      "auprc": 0.8804788465221116,
      "auroc": 0.8571428571428572,
      "brier": 0.16449925303459167,
      "ece": 0.1840823928359896
    },
    "6": {
      "auprc": 0.8999455858898582,
      "auroc": 0.8941176470588236,
      "brier": 0.1554221212863922,
      "ece": 0.20469703269191086
    }
  },
  "macro_auprc": 0.9407269115793623,
  "macro_auroc": 0.9370408580098708,
  "macro_ece": 0.2059002247655631,
  "micro_auprc": 0.9340495904455954,
  "micro_auroc": 0.9354272959183674,
  "num_examples": 32,
  "prediction_artifact": "/workspace/paper_v1/outputs/smoke/20260420T071854Z__smoke__finetune/metrics/d0_nih_test_predictions.npz",
  "valid_label_counts": {
    "brier_score": 7,
    "macro_auprc": 7,
    "macro_auroc": 7,
    "macro_ece": 7
  }
}
