{
  "brier_score": 0.14483333166156495,
  "label_metrics": {
    "0": {
      "auprc": 0.8779556700609332,
      "auroc": 0.8391608391608392,
      "brier": 0.17875505983829498,
      "ece": 0.22472801866630712
    },
    "1": {
      "auprc": 0.936337488352291,
      "auroc": 0.859375,
      "brier": 0.1691659688949585,
      "ece": 0.18579563436408836
    },
    "2": {
      "auprc": 0.985969387755102,
      "auroc": 0.9785714285714286,
      "brier": 0.1432306170463562,
      "ece": 0.2075842954218388
    },
    "3": {
      "auprc": 0.9517723796671165,
      "auroc": 0.9037037037037038,
      "brier": 0.1263527274131775,
      "ece": 0.1964508177091678
    },
    "4": {
      "auprc": 0.9770716619981327,
      "auroc": 0.953125,
      "brier": 0.11629267781972885,
      "ece": 0.23814243202408153
    },
    "5": {
      "auprc": 0.7972222222222223,
      "auroc": 0.8888888888888888,
      "brier": 0.14319643378257751,
      "ece": 0.22173271576563516
    },
    "6": {
      "auprc": 0.9481612685560054,
      "auroc": 0.8962962962962964,
      "brier": 0.1368398368358612,
      "ece": 0.14367724892993766
    }
  },
  "macro_auprc": 0.9249271540874006,
  "macro_auroc": 0.9027315938030224,
  "macro_ece": 0.20258730898300809,
  "micro_auprc": 0.9287637840708108,
  "micro_auroc": 0.8954838709677421,
  "num_examples": 24,
  "prediction_artifact": "/workspace/paper_v1/outputs/smoke/20260420T071854Z__smoke__finetune/metrics/d1_chexpert_test_predictions.npz",
  "valid_label_counts": {
    "brier_score": 7,
    "macro_auprc": 7,
    "macro_auroc": 7,
    "macro_ece": 7
  }
}
