{
  "brier_score": 0.049818451915468485,
  "label_metrics": {
    "0": {
      "auprc": 0.25415229480246054,
      "auroc": 0.773276076674135,
      "brier": 0.0854373574256897,
      "ece": 0.029449271772056824
    },
    "1": {
      "auprc": 0.19335915995565955,
      "auroc": 0.8337451909565756,
      "brier": 0.023815996944904327,
      "ece": 0.003302236215211451
    },
    "2": {
      "auprc": 0.16341019798271905,
      "auroc": 0.78539168090397,
      "brier": 0.04201897233724594,
      "ece": 0.016254395378287878
    },
    "3": {
      "auprc": 0.1706438368143927,
      "auroc": 0.8778861807940488,
      "brier": 0.050338584929704666,
      "ece": 0.08662301296391524
    },
    "4": {
      "auprc": 0.48697514291778127,
      "auroc": 0.860613145345812,
      "brier": 0.08965058624744415,
      "ece": 0.062088348098099225
    },
    "5": {
      "auprc": 0.04529879922031117,
      "auroc": 0.7603230947551434,
      "brier": 0.014440573751926422,
      "ece": 0.010305049052927643
    },
    "6": {
      "auprc": 0.26125531361547294,
      "auroc": 0.8414443673844523,
      "brier": 0.04302709177136421,
      "ece": 0.026721855307463554
    }
  },
  "macro_auprc": 0.2250135350441139,
  "macro_auroc": 0.8189542481163054,
  "macro_ece": 0.03353488125542311,
  "micro_auprc": 0.2812159710831302,
  "micro_auroc": 0.8404132010330027,
  "num_examples": 2000,
  "prediction_artifact": "/workspace/paper_v1/outputs/nih_to_chexpert_seed_sweep/20260420T103712Z__nih_to_chexpert_seed_sweep/seed_1337/ablations/20260420T103736Z__original_gate/metrics/d0_nih_test_predictions.npz",
  "valid_label_counts": {
    "brier_score": 7,
    "macro_auprc": 7,
    "macro_auroc": 7,
    "macro_ece": 7
  }
}
