{
  "brier_score": 0.1049350228692804,
  "label_metrics": {
    "0": {
      "auprc": 0.7131891229111723,
      "auroc": 0.8435876623376624,
      "brier": 0.16937094926834106,
      "ece": 0.12317285432010634
    },
    "1": {
      "auprc": 0.6363025891327716,
      "auroc": 0.7995216158752657,
      "brier": 0.18855662643909454,
      "ece": 0.15317544895104873
    },
    "2": {
      "auprc": 0.5242316439043352,
      "auroc": 0.895220865370119,
      "brier": 0.09199691563844681,
      "ece": 0.0553394171417269
    },
    "3": {
      "auprc": 0.6656291185735768,
      "auroc": 0.8609053497942387,
      "brier": 0.10487165302038193,
      "ece": 0.04352492286672449
    },
    "4": {
      "auprc": 0.8528502517658844,
      "auroc": 0.9293949414603628,
      "brier": 0.10469594597816467,
      "ece": 0.08556203403247473
    },
    "5": {
      "auprc": 0.24371597142513232,
      "auroc": 0.8667035398230089,
      "brier": 0.031002894043922424,
      "ece": 0.014629648886939399
    },
    "6": {
      "auprc": 0.11878999535249535,
      "auroc": 0.7676991150442478,
      "brier": 0.044050175696611404,
      "ece": 0.08106614521935454
    }
  },
  "macro_auprc": 0.5363869561521953,
  "macro_auroc": 0.8518618699578437,
  "macro_ece": 0.07949578163119644,
  "micro_auprc": 0.6311880841965801,
  "micro_auroc": 0.8654948972510172,
  "num_examples": 234,
  "prediction_artifact": "/workspace/paper_v1/outputs/nih_to_chexpert_seed_sweep/20260420T103712Z__nih_to_chexpert_seed_sweep/seed_1337/ablations/20260420T103736Z__original_gate/metrics/d1_chexpert_test_predictions.npz",
  "valid_label_counts": {
    "brier_score": 7,
    "macro_auprc": 7,
    "macro_auroc": 7,
    "macro_ece": 7
  }
}
