{
  "labels": {
    "atelectasis": {
      "best_f1": 0.43686006825938567,
      "threshold": 0.6550197436438677
    },
    "cardiomegaly": {
      "best_f1": 0.3287671232876712,
      "threshold": 0.8219258544721514
    },
    "consolidation": {
      "best_f1": 0.2786885245901639,
      "threshold": 0.8238655400801507
    },
    "edema": {
      "best_f1": 0.4186046511627907,
      "threshold": 0.8968808160325079
    },
    "pleural_effusion": {
      "best_f1": 0.5642857142857143,
      "threshold": 0.7662673828927845
    },
    "pneumonia": {
      "best_f1": 0.13333333333333333,
      "threshold": 0.8941495059983291
    },
    "pneumothorax": {
      "best_f1": 0.3235294117647059,
      "threshold": 0.7000198988593493
    }
  },
  "macro_threshold": 0.7940183877944946,
  "selection_metric": "per_label_f1",
  "selection_split": "d0_val"
}