{
  "brier_score": 0.04525102049644504,
  "label_metrics": {
    "0": {
      "auprc": 0.3045106290808393,
      "auroc": 0.7969363899081079,
      "brier": 0.09598314017057419,
      "ece": 0.08313802455831318
    },
    "1": {
      "auprc": 0.25139461737632335,
      "auroc": 0.8657634871258152,
      "brier": 0.02311539091169834,
      "ece": 0.013561992824543267
    },
    "2": {
      "auprc": 0.18823295326390066,
      "auroc": 0.80716206844055,
      "brier": 0.04097907245159149,
      "ece": 0.011405923288315533
    },
    "3": {
      "auprc": 0.1887049720927654,
      "auroc": 0.9015103801499685,
      "brier": 0.021732272580266,
      "ece": 0.027191531844437122
    },
    "4": {
      "auprc": 0.5163317089646873,
      "auroc": 0.8659234601868946,
      "brier": 0.08186053484678268,
      "ece": 0.04154605400934815
    },
    "5": {
      "auprc": 0.06318204519602529,
      "auroc": 0.811721240220226,
      "brier": 0.013444931246340275,
      "ece": 0.0005204360014759004
    },
    "6": {
      "auprc": 0.2894171889265538,
      "auroc": 0.857508556478396,
      "brier": 0.03964180126786232,
      "ece": 0.012991375222802162
    }
  },
  "macro_auprc": 0.2573963021287279,
  "macro_auroc": 0.8437893689299941,
  "macro_ece": 0.027193619678462184,
  "micro_auprc": 0.34006652120663505,
  "micro_auroc": 0.8700980752451881,
  "num_examples": 2000,
  "prediction_artifact": "/workspace/paper_v1/outputs/nih_to_chexpert_seed_sweep/20260420T103712Z__nih_to_chexpert_seed_sweep/seed_1337/ablations/20260420T103740Z__gate_cap_0p05/metrics/d0_nih_test_predictions.npz",
  "valid_label_counts": {
    "brier_score": 7,
    "macro_auprc": 7,
    "macro_auroc": 7,
    "macro_ece": 7
  }
}
