{
  "brier_score": 0.11813785880804062,
  "label_metrics": {
    "0": {
      "auprc": 0.7573817137952215,
      "auroc": 0.8639610389610389,
      "brier": 0.17129695415496826,
      "ece": 0.12475261684411611
    },
    "1": {
      "auprc": 0.6020226027964581,
      "auroc": 0.7544294826364282,
      "brier": 0.2093680500984192,
      "ece": 0.18466071509079546
    },
    "2": {
      "auprc": 0.5229552223680669,
      "auroc": 0.9024574099200965,
      "brier": 0.09661760926246643,
      "ece": 0.08679383031578146
    },
    "3": {
      "auprc": 0.6547906092584012,
      "auroc": 0.8623162845385068,
      "brier": 0.1659294217824936,
      "ece": 0.1571181900640074
    },
    "4": {
      "auprc": 0.824472615431512,
      "auroc": 0.9075878094557155,
      "brier": 0.11460313200950623,
      "ece": 0.07690096691123441
    },
    "5": {
      "auprc": 0.33351943353077657,
      "auroc": 0.9021017699115044,
      "brier": 0.032886289060115814,
      "ece": 0.024943958967924118
    },
    "6": {
      "auprc": 0.12296383590183001,
      "auroc": 0.7771017699115044,
      "brier": 0.03626355528831482,
      "ece": 0.04585478050459144
    }
  },
  "macro_auprc": 0.5454437190117523,
  "macro_auroc": 0.8528507950478278,
  "macro_ece": 0.10014643695692148,
  "micro_auprc": 0.5923093100221994,
  "micro_auroc": 0.8288856258568504,
  "num_examples": 234,
  "prediction_artifact": "/workspace/paper_v1/outputs/nih_to_chexpert_seed_sweep/20260420T103712Z__nih_to_chexpert_seed_sweep/seed_1337/ablations/20260420T103740Z__gate_cap_0p05/metrics/d1_chexpert_test_predictions.npz",
  "valid_label_counts": {
    "brier_score": 7,
    "macro_auprc": 7,
    "macro_auroc": 7,
    "macro_ece": 7
  }
}
