{
  "label_metrics": {
    "atelectasis": {
      "auroc": 0.8512175324675325,
      "average_precision": 0.7300370631930349,
      "ece": 0.09759373280538994,
      "f1_at_0.5": 0.6266666666666667,
      "f1_at_tuned_threshold": 0.698224852071006,
      "negative_count": 154,
      "positive_count": 80,
      "precision_at_0.5": 0.6714285714285714,
      "precision_at_tuned_threshold": 0.6629213483146067,
      "prevalence": 0.3418803418803419,
      "recall_at_0.5": 0.5875,
      "recall_at_tuned_threshold": 0.7375,
      "threshold_used": 0.4152168929576874
    },
    "cardiomegaly": {
      "auroc": 0.7437987243090007,
      "average_precision": 0.5968351383085563,
      "ece": 0.23896124681793904,
      "f1_at_0.5": 0.5199999999999999,
      "f1_at_tuned_threshold": 0.5280898876404494,
      "negative_count": 166,
      "positive_count": 68,
      "precision_at_0.5": 0.3939393939393939,
      "precision_at_tuned_threshold": 0.42727272727272725,
      "prevalence": 0.2905982905982906,
      "recall_at_0.5": 0.7647058823529411,
      "recall_at_tuned_threshold": 0.6911764705882353,
      "threshold_used": 0.5592957139015198
    },
    "consolidation": {
      "auroc": 0.9181365897783809,
      "average_precision": 0.5884142772070587,
      "ece": 0.27707885284906614,
      "f1_at_0.5": 0.5391304347826088,
      "f1_at_tuned_threshold": 0.5806451612903226,
      "negative_count": 201,
      "positive_count": 33,
      "precision_at_0.5": 0.3780487804878049,
      "precision_at_tuned_threshold": 0.6206896551724138,
      "prevalence": 0.14102564102564102,
      "recall_at_0.5": 0.9393939393939394,
      "recall_at_tuned_threshold": 0.5454545454545454,
      "threshold_used": 0.6855233907699585
    },
    "edema": {
      "auroc": 0.8411522633744856,
      "average_precision": 0.6000686192210807,
      "ece": 0.1004285295271089,
      "f1_at_0.5": 0.5499999999999999,
      "f1_at_tuned_threshold": 0.3448275862068966,
      "negative_count": 189,
      "positive_count": 45,
      "precision_at_0.5": 0.6285714285714286,
      "precision_at_tuned_threshold": 0.7692307692307693,
      "prevalence": 0.19230769230769232,
      "recall_at_0.5": 0.4888888888888889,
      "recall_at_tuned_threshold": 0.2222222222222222,
      "threshold_used": 0.6599812507629395
    },
    "pleural_effusion": {
      "auroc": 0.9070515685047815,
      "average_precision": 0.8156201956876784,
      "ece": 0.14656268275356807,
      "f1_at_0.5": 0.7402597402597402,
      "f1_at_tuned_threshold": 0.6962962962962963,
      "negative_count": 167,
      "positive_count": 67,
      "precision_at_0.5": 0.6551724137931034,
      "precision_at_tuned_threshold": 0.6911764705882353,
      "prevalence": 0.2863247863247863,
      "recall_at_0.5": 0.8507462686567164,
      "recall_at_tuned_threshold": 0.7014925373134329,
      "threshold_used": 0.58835768699646
    },
    "pneumonia": {
      "auroc": 0.8932522123893806,
      "average_precision": 0.3760363655640373,
      "ece": 0.32661548585308176,
      "f1_at_0.5": 0.31578947368421056,
      "f1_at_tuned_threshold": 0.26666666666666666,
      "negative_count": 226,
      "positive_count": 8,
      "precision_at_0.5": 0.2,
      "precision_at_tuned_threshold": 0.2857142857142857,
      "prevalence": 0.03418803418803419,
      "recall_at_0.5": 0.75,
      "recall_at_tuned_threshold": 0.25,
      "threshold_used": 0.6448773741722107
    },
    "pneumothorax": {
      "auroc": 0.7776548672566371,
      "average_precision": 0.1258774926054338,
      "ece": 0.3600530451272211,
      "f1_at_0.5": 0.16216216216216214,
      "f1_at_tuned_threshold": 0.11111111111111112,
      "negative_count": 226,
      "positive_count": 8,
      "precision_at_0.5": 0.09090909090909091,
      "precision_at_tuned_threshold": 0.1,
      "prevalence": 0.03418803418803419,
      "recall_at_0.5": 0.75,
      "recall_at_tuned_threshold": 0.125,
      "threshold_used": 0.824696958065033
    }
  },
  "loss": 1.0588103532791138,
  "macro": {
    "auroc": 0.8474662511543141,
    "average_precision": 0.5475555931124114,
    "ece": 0.2210419393904821,
    "f1_at_0.5": 0.4934297825079126,
    "f1_at_tuned_thresholds": 0.46083736589753554
  },
  "num_examples": 234,
  "split_alias": "d1_test",
  "valid_label_counts": {
    "macro_auroc": 7,
    "macro_average_precision": 7
  }
}