{
  "brier_score": 0.10544202077601637,
  "label_metrics": {
    "0": {
      "auprc": 0.7165327994672155,
      "auroc": 0.8406655844155844,
      "brier": 0.16816939413547516,
      "ece": 0.10627210869366288
    },
    "1": {
      "auprc": 0.6633702880182549,
      "auroc": 0.8200744153082918,
      "brier": 0.18581286072731018,
      "ece": 0.15727203154665792
    },
    "2": {
      "auprc": 0.5195979932895798,
      "auroc": 0.8955223880597015,
      "brier": 0.09255008399486542,
      "ece": 0.05320854064745781
    },
    "3": {
      "auprc": 0.6426496300275572,
      "auroc": 0.8519694297472075,
      "brier": 0.11094576120376587,
      "ece": 0.09819889880525759
    },
    "4": {
      "auprc": 0.8449212585618687,
      "auroc": 0.9259987487711144,
      "brier": 0.1055542528629303,
      "ece": 0.07497873999433133
    },
    "5": {
      "auprc": 0.28247180451127823,
      "auroc": 0.8788716814159292,
      "brier": 0.03051159344613552,
      "ece": 0.02162244875366107
    },
    "6": {
      "auprc": 0.11241248243715349,
      "auroc": 0.7643805309734513,
      "brier": 0.044550199061632156,
      "ece": 0.07343156344424456
    }
  },
  "macro_auprc": 0.5402794651875582,
  "macro_auroc": 0.8539261112416113,
  "macro_ece": 0.08356919026932474,
  "micro_auprc": 0.6257235131505593,
  "micro_auroc": 0.8653268754520151,
  "num_examples": 234,
  "prediction_artifact": "/workspace/paper_v1/outputs/nih_to_chexpert_seed_sweep/20260420T122137Z__nih_to_chexpert_seed_sweep/seed_2027/20260420T122152Z__vq_summary_replay/metrics/d1_chexpert_test_predictions.npz",
  "valid_label_counts": {
    "brier_score": 7,
    "macro_auprc": 7,
    "macro_auroc": 7,
    "macro_ece": 7
  }
}
