{
  "brier_score": 0.04918822752577918,
  "label_metrics": {
    "0": {
      "auprc": 0.2592439446686586,
      "auroc": 0.7762633806323126,
      "brier": 0.08681637793779373,
      "ece": 0.03382215071469546
    },
    "1": {
      "auprc": 0.17867120044960114,
      "auroc": 0.8372823211326568,
      "brier": 0.023764921352267265,
      "ece": 0.006406029526144266
    },
    "2": {
      "auprc": 0.14818027620006113,
      "auroc": 0.7748645341723475,
      "brier": 0.04247043654322624,
      "ece": 0.022085327396169304
    },
    "3": {
      "auprc": 0.1687146146686522,
      "auroc": 0.8782070325961664,
      "brier": 0.04607437178492546,
      "ece": 0.08176294625690207
    },
    "4": {
      "auprc": 0.4850142960763843,
      "auroc": 0.8600310302961184,
      "brier": 0.08838427811861038,
      "ece": 0.056636895211413504
    },
    "5": {
      "auprc": 0.04252040573543965,
      "auroc": 0.7549079976818314,
      "brier": 0.014029106125235558,
      "ece": 0.005635237217415125
    },
    "6": {
      "auprc": 0.26320846960243227,
      "auroc": 0.8389577730038174,
      "brier": 0.042778100818395615,
      "ece": 0.02982237024325877
    }
  },
  "macro_auprc": 0.22079331534303273,
  "macro_auroc": 0.8172162956450358,
  "macro_ece": 0.03373870808085693,
  "micro_auprc": 0.28658854849858567,
  "micro_auroc": 0.8399585998964998,
  "num_examples": 2000,
  "prediction_artifact": "/workspace/paper_v1/outputs/nih_to_chexpert/20260420T091929Z__nih_to_chexpert/20260420T091940Z__main_method/metrics/d0_nih_test_predictions.npz",
  "valid_label_counts": {
    "brier_score": 7,
    "macro_auprc": 7,
    "macro_auroc": 7,
    "macro_ece": 7
  }
}
