{
  "label_metrics": {
    "atelectasis": {
      "auroc": 0.8052759740259741,
      "average_precision": 0.6468561597875568,
      "ece": 0.10960073504681088,
      "f1_at_0.5": 0.6666666666666666,
      "f1_at_tuned_threshold": 0.6470588235294118,
      "negative_count": 154,
      "positive_count": 80,
      "precision_at_0.5": 0.6170212765957447,
      "precision_at_tuned_threshold": 0.6111111111111112,
      "prevalence": 0.3418803418803419,
      "recall_at_0.5": 0.725,
      "recall_at_tuned_threshold": 0.6875,
      "threshold_used": 0.5216158032417297
    },
    "cardiomegaly": {
      "auroc": 0.7723245924875974,
      "average_precision": 0.6253467610467385,
      "ece": 0.13191095094459418,
      "f1_at_0.5": 0.569620253164557,
      "f1_at_tuned_threshold": 0.367816091954023,
      "negative_count": 166,
      "positive_count": 68,
      "precision_at_0.5": 0.5,
      "precision_at_tuned_threshold": 0.8421052631578947,
      "prevalence": 0.2905982905982906,
      "recall_at_0.5": 0.6617647058823529,
      "recall_at_tuned_threshold": 0.23529411764705882,
      "threshold_used": 0.79062819480896
    },
    "consolidation": {
      "auroc": 0.8658224031358359,
      "average_precision": 0.4407571278409256,
      "ece": 0.23724169687088129,
      "f1_at_0.5": 0.5142857142857142,
      "f1_at_tuned_threshold": 0.2909090909090909,
      "negative_count": 201,
      "positive_count": 33,
      "precision_at_0.5": 0.375,
      "precision_at_tuned_threshold": 0.36363636363636365,
      "prevalence": 0.14102564102564102,
      "recall_at_0.5": 0.8181818181818182,
      "recall_at_tuned_threshold": 0.24242424242424243,
      "threshold_used": 0.654053807258606
    },
    "edema": {
      "auroc": 0.8490299823633157,
      "average_precision": 0.6218489732248028,
      "ece": 0.12667493542013325,
      "f1_at_0.5": 0.5882352941176471,
      "f1_at_tuned_threshold": 0.5979381443298969,
      "negative_count": 189,
      "positive_count": 45,
      "precision_at_0.5": 0.5263157894736842,
      "precision_at_tuned_threshold": 0.5576923076923077,
      "prevalence": 0.19230769230769232,
      "recall_at_0.5": 0.6666666666666666,
      "recall_at_tuned_threshold": 0.6444444444444445,
      "threshold_used": 0.5461714267730713
    },
    "pleural_effusion": {
      "auroc": 0.9241219054428457,
      "average_precision": 0.8566689924813702,
      "ece": 0.13645274153512071,
      "f1_at_0.5": 0.7586206896551725,
      "f1_at_tuned_threshold": 0.7567567567567567,
      "negative_count": 167,
      "positive_count": 67,
      "precision_at_0.5": 0.7051282051282052,
      "precision_at_tuned_threshold": 0.691358024691358,
      "prevalence": 0.2863247863247863,
      "recall_at_0.5": 0.8208955223880597,
      "recall_at_tuned_threshold": 0.835820895522388,
      "threshold_used": 0.4761641323566437
    },
    "pneumonia": {
      "auroc": 0.605641592920354,
      "average_precision": 0.052889990488906795,
      "ece": 0.3056064312175541,
      "f1_at_0.5": 0.06349206349206349,
      "f1_at_tuned_threshold": 0.0,
      "negative_count": 226,
      "positive_count": 8,
      "precision_at_0.5": 0.03636363636363636,
      "precision_at_tuned_threshold": 0.0,
      "prevalence": 0.03418803418803419,
      "recall_at_0.5": 0.25,
      "recall_at_tuned_threshold": 0.0,
      "threshold_used": 0.7036570310592651
    },
    "pneumothorax": {
      "auroc": 0.7533185840707964,
      "average_precision": 0.15632225313370615,
      "ece": 0.32461787377305673,
      "f1_at_0.5": 0.08695652173913043,
      "f1_at_tuned_threshold": 0.2,
      "negative_count": 226,
      "positive_count": 8,
      "precision_at_0.5": 0.04918032786885246,
      "precision_at_tuned_threshold": 0.16666666666666666,
      "prevalence": 0.03418803418803419,
      "recall_at_0.5": 0.375,
      "recall_at_tuned_threshold": 0.25,
      "threshold_used": 0.7897557020187378
    }
  },
  "loss": 1.1233081817626953,
  "macro": {
    "auroc": 0.79650500492096,
    "average_precision": 0.4858128940005724,
    "ece": 0.19601505211545017,
    "f1_at_0.5": 0.4639824575887074,
    "f1_at_tuned_thresholds": 0.40863984392559705
  },
  "num_examples": 234,
  "split_alias": "target_test",
  "valid_label_counts": {
    "macro_auroc": 7,
    "macro_average_precision": 7
  }
}