{
  "candidate_method": "labelwise_trust_region",
  "candidate_summary": {
    "average_brier_score_max": 0.08365106422986303,
    "average_brier_score_mean": 0.0832941720395216,
    "average_brier_score_min": 0.08281780533226474,
    "average_brier_score_std": 0.0003505098360491564,
    "average_macro_ece_delta_vs_source_only_mean": -0.0020221361275822025,
    "average_macro_ece_max": 0.06436056040920789,
    "average_macro_ece_mean": 0.06318170973954873,
    "average_macro_ece_min": 0.0620169232471386,
    "average_macro_ece_std": 0.000956837547224993,
    "d0_nih_test_macro_auroc_max": 0.8374456745964381,
    "d0_nih_test_macro_auroc_mean": 0.8357487381523824,
    "d0_nih_test_macro_auroc_min": 0.834269900568808,
    "d0_nih_test_macro_auroc_std": 0.0013056442862561652,
    "d1_chexpert_delta_vs_source_only_mean": 0.005987495189759384,
    "d1_chexpert_test_macro_auroc_max": 0.8560592531343475,
    "d1_chexpert_test_macro_auroc_mean": 0.8560075895708027,
    "d1_chexpert_test_macro_auroc_min": 0.855933875764484,
    "d1_chexpert_test_macro_auroc_std": 5.3507202775337646e-05,
    "method": "labelwise_trust_region",
    "nih_forgetting_macro_auroc_max": 0.010487653323735247,
    "nih_forgetting_macro_auroc_mean": 0.009008815740160955,
    "nih_forgetting_macro_auroc_min": 0.007311879296105106,
    "nih_forgetting_macro_auroc_std": 0.0013056442862561652,
    "num_seeds": 3,
    "seen_average_delta_vs_source_only_mean": -0.001510660275200859,
    "seen_average_macro_auroc_max": 0.8467376572050074,
    "seen_average_macro_auroc_mean": 0.8458781638615925,
    "seen_average_macro_auroc_min": 0.8451645768515778,
    "seen_average_macro_auroc_std": 0.0006504418719513016
  },
  "criteria": {
    "chexpert_variance_not_crazy": true,
    "mean_chexpert_above_source_only": true,
    "mean_forgetting_close_to_reference": false,
    "mean_seen_average_above_reference": false,
    "seen_average_variance_not_crazy": true
  },
  "promote_to_stage2_candidate": false,
  "reference_method": "harder_gate_clipping",
  "reference_summary": {
    "average_brier_score_max": 0.08129070466384292,
    "average_brier_score_mean": 0.07939731407289703,
    "average_brier_score_min": 0.07701344681637629,
    "average_brier_score_std": 0.0017802919597702327,
    "average_macro_ece_delta_vs_source_only_mean": -0.00019545347694528703,
    "average_macro_ece_max": 0.06997442143613468,
    "average_macro_ece_mean": 0.06500839239018565,
    "average_macro_ece_min": 0.057250012863340694,
    "average_macro_ece_std": 0.005557311057694958,
    "d0_nih_test_macro_auroc_max": 0.8430532414602437,
    "d0_nih_test_macro_auroc_mean": 0.840277665203338,
    "d0_nih_test_macro_auroc_min": 0.8348095099294129,
    "d0_nih_test_macro_auroc_std": 0.003866718135600489,
    "d1_chexpert_delta_vs_source_only_mean": 0.004691043355862123,
    "d1_chexpert_test_macro_auroc_max": 0.8566000901780788,
    "d1_chexpert_test_macro_auroc_mean": 0.8547111377369054,
    "d1_chexpert_test_macro_auroc_min": 0.8528633968147986,
    "d1_chexpert_test_macro_auroc_std": 0.0015257769856204177,
    "method": "harder_gate_clipping",
    "nih_forgetting_macro_auroc_max": 0.009948043963130315,
    "nih_forgetting_macro_auroc_mean": 0.00447988868920531,
    "nih_forgetting_macro_auroc_min": 0.0017043124322995151,
    "nih_forgetting_macro_auroc_std": 0.003866718135600489,
    "num_seeds": 3,
    "seen_average_delta_vs_source_only_mean": 0.00010557733332838826,
    "seen_average_macro_auroc_max": 0.8488200852190981,
    "seen_average_macro_auroc_mean": 0.8474944014701218,
    "seen_average_macro_auroc_min": 0.8457048000537459,
    "seen_average_macro_auroc_std": 0.0013134344589560778
  },
  "source_only_reference": {
    "average_brier_score_max": 0.08818298212385603,
    "average_brier_score_mean": 0.08818298212385604,
    "average_brier_score_min": 0.08818298212385603,
    "average_brier_score_std": 1.3877787807814457e-17,
    "average_macro_ece_delta_vs_source_only_mean": 0.0,
    "average_macro_ece_max": 0.06520384586713093,
    "average_macro_ece_mean": 0.06520384586713093,
    "average_macro_ece_min": 0.06520384586713093,
    "average_macro_ece_std": 0.0,
    "d0_nih_test_macro_auroc_max": 0.8447575538925433,
    "d0_nih_test_macro_auroc_mean": 0.8447575538925433,
    "d0_nih_test_macro_auroc_min": 0.8447575538925433,
    "d0_nih_test_macro_auroc_std": 0.0,
    "d1_chexpert_delta_vs_source_only_mean": 0.0,
    "d1_chexpert_test_macro_auroc_max": 0.8500200943810433,
    "d1_chexpert_test_macro_auroc_mean": 0.8500200943810433,
    "d1_chexpert_test_macro_auroc_min": 0.8500200943810433,
    "d1_chexpert_test_macro_auroc_std": 0.0,
    "method": "source_only",
    "nih_forgetting_macro_auroc_max": 0.0,
    "nih_forgetting_macro_auroc_mean": 0.0,
    "nih_forgetting_macro_auroc_min": 0.0,
    "nih_forgetting_macro_auroc_std": 0.0,
    "num_seeds": 3,
    "seen_average_delta_vs_source_only_mean": 0.0,
    "seen_average_macro_auroc_max": 0.8473888241367933,
    "seen_average_macro_auroc_mean": 0.8473888241367934,
    "seen_average_macro_auroc_min": 0.8473888241367933,
    "seen_average_macro_auroc_std": 1.1102230246251565e-16
  }
}
