{
  "embedding_sanity": {
    "embedding_dim": 512,
    "no_nan_or_inf": true,
    "normalized_norm_summary": {
      "max": 1.0000000596092578,
      "mean": 1.0000000126114101,
      "min": 0.999999940981502,
      "std": 2.619719127409592e-08
    },
    "raw_norm_summary": {
      "max": 1.000000116841928,
      "mean": 1.000000006312224,
      "min": 0.9999998892293849,
      "std": 3.039267809227899e-08
    },
    "row_count": 78569
  },
  "label_agreement": {
    "chance_query_positive_prevalence": 0.0975437258364436,
    "global_label_prevalence": {
      "atelectasis": 0.10311955213546753,
      "cardiomegaly": 0.024678945541381836,
      "consolidation": 0.04104672372341156,
      "edema": 0.020529724657535553,
      "emphysema": 0.023317083716392517,
      "fibrosis": 0.015667757019400597,
      "hernia": 0.001998243620619178,
      "infiltration": 0.17811095714569092,
      "mass": 0.05112703517079353,
      "nodule": 0.05644720047712326,
      "pleural_effusion": 0.11826547235250473,
      "pleural_thickening": 0.03072458691895008,
      "pneumonia": 0.012829487212002277,
      "pneumothorax": 0.04765238240361214
    },
    "mean_positive_jaccard": 0.13919191919191917,
    "mean_query_positive_neighbor_prevalence": 0.19254658385093168,
    "mean_random_positive_jaccard": 0.0869023569023569,
    "num_queries": 200,
    "per_label": {
      "atelectasis": {
        "chance_prevalence": 0.10311955213546753,
        "mean_neighbor_prevalence": 0.18095238095238098,
        "positive_queries": 21,
        "prevalence_lift": 1.7547824559465206
      },
      "cardiomegaly": {
        "chance_prevalence": 0.024678945541381836,
        "mean_neighbor_prevalence": 0.14285714285714285,
        "positive_queries": 7,
        "prevalence_lift": 5.7886242593954815
      },
      "consolidation": {
        "chance_prevalence": 0.04104672372341156,
        "mean_neighbor_prevalence": 0.15384615384615388,
        "positive_queries": 13,
        "prevalence_lift": 3.7480738994621787
      },
      "edema": {
        "chance_prevalence": 0.020529724657535553,
        "mean_neighbor_prevalence": 0.1142857142857143,
        "positive_queries": 7,
        "prevalence_lift": 5.566841065438502
      },
      "emphysema": {
        "chance_prevalence": 0.023317083716392517,
        "mean_neighbor_prevalence": 0.03333333333333333,
        "positive_queries": 6,
        "prevalence_lift": 1.4295669964035482
      },
      "fibrosis": {
        "chance_prevalence": 0.015667757019400597,
        "mean_neighbor_prevalence": 0.0,
        "positive_queries": 2,
        "prevalence_lift": 0.0
      },
      "hernia": {
        "chance_prevalence": 0.001998243620619178,
        "mean_neighbor_prevalence": null,
        "positive_queries": 0,
        "prevalence_lift": null
      },
      "infiltration": {
        "chance_prevalence": 0.17811095714569092,
        "mean_neighbor_prevalence": 0.21904761904761902,
        "positive_queries": 42,
        "prevalence_lift": 1.2298379760457006
      },
      "mass": {
        "chance_prevalence": 0.05112703517079353,
        "mean_neighbor_prevalence": 0.05,
        "positive_queries": 8,
        "prevalence_lift": 0.9779561797974674
      },
      "nodule": {
        "chance_prevalence": 0.05644720047712326,
        "mean_neighbor_prevalence": 0.14545454545454548,
        "positive_queries": 11,
        "prevalence_lift": 2.5768247889192453
      },
      "pleural_effusion": {
        "chance_prevalence": 0.11826547235250473,
        "mean_neighbor_prevalence": 0.31724137931034474,
        "positive_queries": 29,
        "prevalence_lift": 2.6824513782413852
      },
      "pleural_thickening": {
        "chance_prevalence": 0.03072458691895008,
        "mean_neighbor_prevalence": 0.2,
        "positive_queries": 4,
        "prevalence_lift": 6.509444716949002
      },
      "pneumonia": {
        "chance_prevalence": 0.012829487212002277,
        "mean_neighbor_prevalence": 0.0,
        "positive_queries": 2,
        "prevalence_lift": 0.0
      },
      "pneumothorax": {
        "chance_prevalence": 0.04765238240361214,
        "mean_neighbor_prevalence": 0.2222222222222222,
        "positive_queries": 9,
        "prevalence_lift": 4.663402143045368
      }
    },
    "positive_jaccard_lift": 1.6017047655947305,
    "positive_prevalence_lift": 1.9739514991849303,
    "positive_query_count": 99,
    "sample_queries": [
      {
        "neighbor_row_ids": [
          "00020147_010",
          "00026746_000",
          "00016778_019",
          "00019979_001",
          "00025695_024"
        ],
        "neighbor_similarities": [
          0.9937149286270142,
          0.9930616617202759,
          0.9925870895385742,
          0.9925558567047119,
          0.99179607629776
        ],
        "query_index": 1548,
        "query_labels": [
          "atelectasis",
          "pleural_thickening"
        ],
        "query_row_id": "00000580_008"
      },
      {
        "neighbor_row_ids": [
          "00012229_003",
          "00021091_008",
          "00030375_004",
          "00006492_005",
          "00020673_018"
        ],
        "neighbor_similarities": [
          0.9952200055122375,
          0.9930713176727295,
          0.9923808574676514,
          0.9922910928726196,
          0.9912937879562378
        ],
        "query_index": 2055,
        "query_labels": [
          "consolidation"
        ],
        "query_row_id": "00000798_021"
      },
      {
        "neighbor_row_ids": [
          "00003789_001",
          "00015732_023",
          "00020928_009",
          "00017606_010",
          "00021182_001"
        ],
        "neighbor_similarities": [
          0.9965900182723999,
          0.9960659742355347,
          0.995104968547821,
          0.9950873851776123,
          0.9947693347930908
        ],
        "query_index": 3387,
        "query_labels": [
          "infiltration"
        ],
        "query_row_id": "00001301_015"
      },
      {
        "neighbor_row_ids": [
          "00029617_006",
          "00023311_010",
          "00011794_013",
          "00028544_011",
          "00012233_004"
        ],
        "neighbor_similarities": [
          0.9951055645942688,
          0.9934718608856201,
          0.9928743243217468,
          0.9914554357528687,
          0.9882476329803467
        ],
        "query_index": 4340,
        "query_labels": [
          "infiltration",
          "pneumothorax"
        ],
        "query_row_id": "00001673_007"
      },
      {
        "neighbor_row_ids": [
          "00025126_000",
          "00018663_003",
          "00005574_000",
          "00017884_000",
          "00027113_000"
        ],
        "neighbor_similarities": [
          0.9974283576011658,
          0.9907776117324829,
          0.9905782341957092,
          0.9878796935081482,
          0.9870503544807434
        ],
        "query_index": 4682,
        "query_labels": [
          "infiltration"
        ],
        "query_row_id": "00001806_012"
      },
      {
        "neighbor_row_ids": [
          "00015119_001",
          "00011140_008",
          "00026753_005",
          "00010693_022",
          "00027415_015"
        ],
        "neighbor_similarities": [
          0.9922261238098145,
          0.9860904812812805,
          0.9860687255859375,
          0.9849149584770203,
          0.9845452308654785
        ],
        "query_index": 4922,
        "query_labels": [
          "infiltration"
        ],
        "query_row_id": "00001854_000"
      },
      {
        "neighbor_row_ids": [
          "00014414_013",
          "00016971_037",
          "00007534_013",
          "00017258_022",
          "00010773_027"
        ],
        "neighbor_similarities": [
          0.996760368347168,
          0.995561420917511,
          0.9943815469741821,
          0.9942254424095154,
          0.9928834438323975
        ],
        "query_index": 6404,