{
  "brier_score": 0.11207913873451096,
  "label_metrics": {
    "0": {
      "auprc": 0.43315994552885045,
      "auroc": 0.7033836677075759,
      "brier": 0.18626011908054352,
      "ece": 0.047686131009776915
    },
    "1": {
      "auprc": 0.47924939253924914,
      "auroc": 0.7852286345001577,
      "brier": 0.14411482214927673,
      "ece": 0.030260312685070657
    },
    "2": {
      "auprc": 0.16211642975284646,
      "auroc": 0.7241106719367588,
      "brier": 0.07180847227573395,
      "ece": 0.009382851994954623
    },
    "3": {
      "auprc": 0.5256281697933863,
      "auroc": 0.8266447593619497,
      "brier": 0.12546920776367188,
      "ece": 0.0339633475537219
    },
    "4": {
      "auprc": 0.826463370004519,
      "auroc": 0.8677876930665035,
      "brier": 0.14220255613327026,
      "ece": 0.054593951490944655
    },
    "5": {
      "auprc": 0.2643495760261576,
      "auroc": 0.7697094200309633,
      "brier": 0.06694098562002182,
      "ece": 0.015495157651823653
    },
    "6": {
      "auprc": 0.1964890183650352,
      "auroc": 0.8132382438154669,
      "brier": 0.04775780811905861,
      "ece": 0.010978798778760715
    }
  },
  "macro_auprc": 0.41249370028714916,
  "macro_auroc": 0.7843004414884822,
  "macro_ece": 0.028908650166436158,
  "micro_auprc": 0.5859609006227278,
  "micro_auroc": 0.839314170269355,
  "num_examples": 676,
  "prediction_artifact": "/workspace/paper_v1/outputs/nih_to_chexpert_to_mimic/20260420T164159Z__nih_to_chexpert_to_mimic_limited/20260420T164229Z__lwf/metrics/d2_mimic_test_predictions.npz",
  "valid_label_counts": {
    "brier_score": 7,
    "macro_auprc": 7,
    "macro_auroc": 7,
    "macro_ece": 7
  }
}
