{
  "label_metrics": {
    "atelectasis": {
      "auroc": 0.8474025974025974,
      "average_precision": 0.7210791029802807,
      "ece": 0.08036497703747118,
      "f1_at_0.5": 0.5972222222222222,
      "f1_at_tuned_threshold": 0.698224852071006,
      "negative_count": 154,
      "positive_count": 80,
      "precision_at_0.5": 0.671875,
      "precision_at_tuned_threshold": 0.6629213483146067,
      "prevalence": 0.3418803418803419,
      "recall_at_0.5": 0.5375,
      "recall_at_tuned_threshold": 0.7375,
      "threshold_used": 0.39969801902770996
    },
    "cardiomegaly": {
      "auroc": 0.7689581856839122,
      "average_precision": 0.6304996676792292,
      "ece": 0.18963139052450645,
      "f1_at_0.5": 0.550561797752809,
      "f1_at_tuned_threshold": 0.5512820512820512,
      "negative_count": 166,
      "positive_count": 68,
      "precision_at_0.5": 0.44545454545454544,
      "precision_at_tuned_threshold": 0.48863636363636365,
      "prevalence": 0.2905982905982906,
      "recall_at_0.5": 0.7205882352941176,
      "recall_at_tuned_threshold": 0.6323529411764706,
      "threshold_used": 0.5530257225036621
    },
    "consolidation": {
      "auroc": 0.9149706015377658,
      "average_precision": 0.5566031421256733,
      "ece": 0.27708469831652427,
      "f1_at_0.5": 0.5565217391304348,
      "f1_at_tuned_threshold": 0.4230769230769231,
      "negative_count": 201,
      "positive_count": 33,
      "precision_at_0.5": 0.3902439024390244,
      "precision_at_tuned_threshold": 0.5789473684210527,
      "prevalence": 0.14102564102564102,
      "recall_at_0.5": 0.9696969696969697,
      "recall_at_tuned_threshold": 0.3333333333333333,
      "threshold_used": 0.7232877612113953
    },
    "edema": {
      "auroc": 0.8464432686654909,
      "average_precision": 0.6207758400501379,
      "ece": 0.09771215803079583,
      "f1_at_0.5": 0.5783132530120482,
      "f1_at_tuned_threshold": 0.2909090909090909,
      "negative_count": 189,
      "positive_count": 45,
      "precision_at_0.5": 0.631578947368421,
      "precision_at_tuned_threshold": 0.8,
      "prevalence": 0.19230769230769232,
      "recall_at_0.5": 0.5333333333333333,
      "recall_at_tuned_threshold": 0.17777777777777778,
      "threshold_used": 0.7079352140426636
    },
    "pleural_effusion": {
      "auroc": 0.9105371346858522,
      "average_precision": 0.8182986478540821,
      "ece": 0.12131670884492084,
      "f1_at_0.5": 0.7412587412587412,
      "f1_at_tuned_threshold": 0.6722689075630253,
      "negative_count": 167,
      "positive_count": 67,
      "precision_at_0.5": 0.6973684210526315,
      "precision_at_tuned_threshold": 0.7692307692307693,
      "prevalence": 0.2863247863247863,
      "recall_at_0.5": 0.7910447761194029,
      "recall_at_tuned_threshold": 0.5970149253731343,
      "threshold_used": 0.6480987071990967
    },
    "pneumonia": {
      "auroc": 0.8202433628318584,
      "average_precision": 0.20152486231380545,
      "ece": 0.3811580866418116,
      "f1_at_0.5": 0.17647058823529416,
      "f1_at_tuned_threshold": 0.2857142857142857,
      "negative_count": 226,
      "positive_count": 8,
      "precision_at_0.5": 0.1,
      "precision_at_tuned_threshold": 0.23076923076923078,
      "prevalence": 0.03418803418803419,
      "recall_at_0.5": 0.75,
      "recall_at_tuned_threshold": 0.375,
      "threshold_used": 0.6071704030036926
    },
    "pneumothorax": {
      "auroc": 0.769358407079646,
      "average_precision": 0.12612071787112983,
      "ece": 0.3992184013899166,
      "f1_at_0.5": 0.1348314606741573,
      "f1_at_tuned_threshold": 0.0,
      "negative_count": 226,
      "positive_count": 8,
      "precision_at_0.5": 0.07407407407407407,
      "precision_at_tuned_threshold": 0.0,
      "prevalence": 0.03418803418803419,
      "recall_at_0.5": 0.75,
      "recall_at_tuned_threshold": 0.0,
      "threshold_used": 0.8947895169258118
    }
  },
  "loss": 1.083208441734314,
  "macro": {
    "auroc": 0.8397019368410176,
    "average_precision": 0.5249859972677626,
    "ece": 0.22092663154084954,
    "f1_at_0.5": 0.4764542574693867,
    "f1_at_tuned_thresholds": 0.4173537300880546
  },
  "num_examples": 234,
  "split_alias": "d1_test",
  "valid_label_counts": {
    "macro_auroc": 7,
    "macro_average_precision": 7
  }
}