{
  "label_metrics": {
    "atelectasis": {
      "auroc": 0.6855777045814262,
      "average_precision": 0.43675613788898743,
      "ece": 0.18204071530726648,
      "f1_at_0.5": 0.5009861932938856,
      "f1_at_tuned_threshold": 0.5315614617940199,
      "negative_count": 482,
      "positive_count": 194,
      "precision_at_0.5": 0.4057507987220447,
      "precision_at_tuned_threshold": 0.39215686274509803,
      "prevalence": 0.2869822485207101,
      "recall_at_0.5": 0.654639175257732,
      "recall_at_tuned_threshold": 0.8247422680412371,
      "threshold_used": 0.39969801902770996
    },
    "cardiomegaly": {
      "auroc": 0.777281614632608,
      "average_precision": 0.4631353403756385,
      "ece": 0.25582140648707596,
      "f1_at_0.5": 0.5031982942430703,
      "f1_at_tuned_threshold": 0.5219399538106235,
      "negative_count": 525,
      "positive_count": 151,
      "precision_at_0.5": 0.3710691823899371,
      "precision_at_tuned_threshold": 0.40070921985815605,
      "prevalence": 0.22337278106508876,
      "recall_at_0.5": 0.7814569536423841,
      "recall_at_tuned_threshold": 0.7483443708609272,
      "threshold_used": 0.5530257225036621
    },
    "consolidation": {
      "auroc": 0.745132484262919,
      "average_precision": 0.19853977151353266,
      "ece": 0.4200168689334842,
      "f1_at_0.5": 0.21818181818181817,
      "f1_at_tuned_threshold": 0.28358208955223885,
      "negative_count": 621,
      "positive_count": 55,
      "precision_at_0.5": 0.12467532467532468,
      "precision_at_tuned_threshold": 0.24050632911392406,
      "prevalence": 0.08136094674556213,
      "recall_at_0.5": 0.8727272727272727,
      "recall_at_tuned_threshold": 0.34545454545454546,
      "threshold_used": 0.7232877612113953
    },
    "edema": {
      "auroc": 0.8075443280618881,
      "average_precision": 0.4949317280193471,
      "ece": 0.23061734326227679,
      "f1_at_0.5": 0.5175879396984925,
      "f1_at_tuned_threshold": 0.4822695035460993,
      "negative_count": 541,
      "positive_count": 135,
      "precision_at_0.5": 0.3916349809885932,
      "precision_at_tuned_threshold": 0.46258503401360546,
      "prevalence": 0.1997041420118343,
      "recall_at_0.5": 0.762962962962963,
      "recall_at_tuned_threshold": 0.5037037037037037,
      "threshold_used": 0.7079352140426636
    },
    "pleural_effusion": {
      "auroc": 0.8579231478859731,
      "average_precision": 0.8108170247501084,
      "ece": 0.10511998360464082,
      "f1_at_0.5": 0.7293354943273906,
      "f1_at_tuned_threshold": 0.7304015296367112,
      "negative_count": 407,
      "positive_count": 269,
      "precision_at_0.5": 0.646551724137931,
      "precision_at_tuned_threshold": 0.7519685039370079,
      "prevalence": 0.3979289940828402,
      "recall_at_0.5": 0.8364312267657993,
      "recall_at_tuned_threshold": 0.7100371747211895,
      "threshold_used": 0.6480987071990967
    },
    "pneumonia": {
      "auroc": 0.7004882696201025,
      "average_precision": 0.16716402998458132,
      "ece": 0.45146547389182023,
      "f1_at_0.5": 0.19770114942528735,
      "f1_at_tuned_threshold": 0.22006472491909385,
      "negative_count": 622,
      "positive_count": 54,
      "precision_at_0.5": 0.11286089238845144,
      "precision_at_tuned_threshold": 0.13333333333333333,
      "prevalence": 0.07988165680473373,
      "recall_at_0.5": 0.7962962962962963,
      "recall_at_tuned_threshold": 0.6296296296296297,
      "threshold_used": 0.6071704030036926
    },
    "pneumothorax": {
      "auroc": 0.7613104524180967,
      "average_precision": 0.18027966962301148,
      "ece": 0.3896115800301263,
      "f1_at_0.5": 0.16835016835016836,
      "f1_at_tuned_threshold": 0.20689655172413796,
      "negative_count": 641,
      "positive_count": 35,
      "precision_at_0.5": 0.09541984732824428,
      "precision_at_tuned_threshold": 0.2608695652173913,
      "prevalence": 0.051775147928994084,
      "recall_at_0.5": 0.7142857142857143,
      "recall_at_tuned_threshold": 0.17142857142857143,
      "threshold_used": 0.8947895169258118
    }
  },
  "loss": 1.140384810210685,
  "macro": {
    "auroc": 0.7621797144947162,
    "average_precision": 0.39308910030788663,
    "ece": 0.29067048164524156,
    "f1_at_0.5": 0.40504872250287327,
    "f1_at_tuned_thresholds": 0.4252451164261321
  },
  "num_examples": 676,
  "split_alias": "target_test",
  "valid_label_counts": {
    "macro_auroc": 7,
    "macro_average_precision": 7
  }
}