{
  "count": 234,
  "max": 5.557321548461914,
  "mean": 4.145434379577637,
  "min": 1.9473462104797363,
  "std": 0.7862303853034973
}
