domain,label_index,label_name,source_only_auroc,main_method_auroc,delta_auroc
d0_nih_test,0,atelectasis,0.797664274658787,0.7829821086469461,-0.014682166011840914
d0_nih_test,1,cardiomegaly,0.8679439098370982,0.8373501565058967,-0.030593753331201512
d0_nih_test,2,consolidation,0.8085547868351461,0.7885492610698557,-0.020005525765290466
d0_nih_test,3,edema,0.9023303347553803,0.8864897624508323,-0.01584057230454794
d0_nih_test,4,pleural_effusion,0.8659899876211452,0.8618011352431458,-0.004188852377999375
d0_nih_test,5,pneumonia,0.8137677484787018,0.7703564184294407,-0.04341133004926112
d0_nih_test,6,pneumothorax,0.8570518350615446,0.8485714769017373,-0.0084803581598073
