{
  "count": 2000,
  "max": 5.268511772155762,
  "mean": 2.6027538776397705,
  "min": 1.1789168119430542,
  "std": 0.7858635783195496
}
