{
  "count": 234,
  "max": 0.9998674392700195,
  "mean": 0.9996245503425598,
  "min": 0.9986497759819031,
  "std": 0.00022098499175626785
}
