{
  "count": 2000,
  "max": 0.9810176491737366,
  "mean": 0.9266047477722168,
  "min": 0.778186559677124,
  "std": 0.03255954384803772
}
