domain,label_index,label_name,source_only_auroc,main_method_auroc,delta_auroc
d1_chexpert_test,0,atelectasis,0.861525974025974,0.8478896103896104,-0.013636363636363558
d1_chexpert_test,1,cardiomegaly,0.739280652019844,0.8076718639262933,0.06839121190644926
d1_chexpert_test,2,consolidation,0.9050203527815468,0.9001959897482286,-0.004824363033318235
d1_chexpert_test,3,edema,0.861845972957084,0.859376837154615,-0.0024691358024689913
d1_chexpert_test,4,pleural_effusion,0.9043703637501117,0.9284118330503173,0.024041469300205565
d1_chexpert_test,5,pneumonia,0.8987831858407079,0.8899336283185841,-0.008849557522123797
d1_chexpert_test,6,pneumothorax,0.7793141592920354,0.7682522123893806,-0.011061946902654829
