{
  "count": 2000,
  "max": 0.9998781681060791,
  "mean": 0.9992977976799011,
  "min": 0.9966769218444824,
  "std": 0.0004118635260965675
}
