{
  "count": 234,
  "max": 0.9441896677017212,
  "mean": 0.8889225125312805,
  "min": 0.7751569747924805,
  "std": 0.024655930697917938
}
