{
  "label_metrics": {
    "atelectasis": {
      "auroc": 0.7995042807199836,
      "average_precision": 0.30726318751089604,
      "ece": 0.26765183161821,
      "f1_at_0.5": 0.35824436536180304,
      "f1_at_tuned_threshold": 0.3580110497237569,
      "negative_count": 1794,
      "positive_count": 206,
      "precision_at_0.5": 0.2370486656200942,
      "precision_at_tuned_threshold": 0.2317596566523605,
      "prevalence": 0.103,
      "recall_at_0.5": 0.7330097087378641,
      "recall_at_tuned_threshold": 0.7864077669902912,
      "threshold_used": 0.465926855802536
    },
    "cardiomegaly": {
      "auroc": 0.8777218943512516,
      "average_precision": 0.25328537456276845,
      "ece": 0.3264663202656912,
      "f1_at_0.5": 0.1512027491408935,
      "f1_at_tuned_threshold": 0.2967741935483871,
      "negative_count": 1947,
      "positive_count": 53,
      "precision_at_0.5": 0.0831758034026465,
      "precision_at_tuned_threshold": 0.22549019607843138,
      "prevalence": 0.0265,
      "recall_at_0.5": 0.8301886792452831,
      "recall_at_tuned_threshold": 0.4339622641509434,
      "threshold_used": 0.8505328893661499
    },
    "consolidation": {
      "auroc": 0.805160388156819,
      "average_precision": 0.1797570086404954,
      "ece": 0.31551925052839724,
      "f1_at_0.5": 0.18901660280970625,
      "f1_at_tuned_threshold": 0.23746701846965704,
      "negative_count": 1907,
      "positive_count": 93,
      "precision_at_0.5": 0.1072463768115942,
      "precision_at_tuned_threshold": 0.15734265734265734,
      "prevalence": 0.0465,
      "recall_at_0.5": 0.7956989247311828,
      "recall_at_tuned_threshold": 0.4838709677419355,
      "threshold_used": 0.7447322010993958
    },
    "edema": {
      "auroc": 0.9064182243823603,
      "average_precision": 0.1989116107672753,
      "ece": 0.2848575981898324,
      "f1_at_0.5": 0.1391941391941392,
      "f1_at_tuned_threshold": 0.11904761904761904,
      "negative_count": 1957,
      "positive_count": 43,
      "precision_at_0.5": 0.07554671968190854,
      "precision_at_tuned_threshold": 0.06359300476947535,
      "prevalence": 0.0215,
      "recall_at_0.5": 0.8837209302325582,
      "recall_at_tuned_threshold": 0.9302325581395349,
      "threshold_used": 0.3784194588661194
    },
    "pleural_effusion": {
      "auroc": 0.8667122854787243,
      "average_precision": 0.4990205466649967,
      "ece": 0.171852963659994,
      "f1_at_0.5": 0.4757952973720608,
      "f1_at_tuned_threshold": 0.5205479452054794,
      "negative_count": 1761,
      "positive_count": 239,
      "precision_at_0.5": 0.35537190082644626,
      "precision_at_tuned_threshold": 0.4405797101449275,
      "prevalence": 0.1195,
      "recall_at_0.5": 0.7196652719665272,
      "recall_at_tuned_threshold": 0.6359832635983264,
      "threshold_used": 0.6563969850540161
    },
    "pneumonia": {
      "auroc": 0.8117936829904375,
      "average_precision": 0.0758474503955898,
      "ece": 0.4218161725081573,
      "f1_at_0.5": 0.06224627875507443,
      "f1_at_tuned_threshold": 0.07889546351084813,
      "negative_count": 1972,
      "positive_count": 28,
      "precision_at_0.5": 0.03234880450070324,
      "precision_at_tuned_threshold": 0.04175365344467641,
      "prevalence": 0.014,
      "recall_at_0.5": 0.8214285714285714,
      "recall_at_tuned_threshold": 0.7142857142857143,
      "threshold_used": 0.6288078427314758
    },
    "pneumothorax": {
      "auroc": 0.8584107222400776,
      "average_precision": 0.2842665319165815,
      "ece": 0.19765710312680027,
      "f1_at_0.5": 0.2891566265060241,
      "f1_at_tuned_threshold": 0.30522088353413657,
      "negative_count": 1907,
      "positive_count": 93,
      "precision_at_0.5": 0.18633540372670807,
      "precision_at_tuned_threshold": 0.24358974358974358,
      "prevalence": 0.0465,
      "recall_at_0.5": 0.6451612903225806,
      "recall_at_tuned_threshold": 0.40860215053763443,
      "threshold_used": 0.6997730731964111
    }
  },
  "loss": 0.6703577008247376,
  "macro": {
    "auroc": 0.8465316397599505,
    "average_precision": 0.25690738720837186,
    "ece": 0.28368874855672604,
    "f1_at_0.5": 0.2378365798771002,
    "f1_at_tuned_thresholds": 0.2737091675771263
  },
  "num_examples": 2000,
  "split_alias": "d0_test",
  "valid_label_counts": {
    "macro_auroc": 7,
    "macro_average_precision": 7
  }
}