{
  "label_metrics": {
    "atelectasis": {
      "auroc": 0.6831180219874236,
      "average_precision": 0.42732907056474295,
      "ece": 0.2657901293008792,
      "f1_at_0.5": 0.5213114754098359,
      "f1_at_tuned_threshold": 0.5198098256735341,
      "negative_count": 482,
      "positive_count": 194,
      "precision_at_0.5": 0.38221153846153844,
      "precision_at_tuned_threshold": 0.37528604118993136,
      "prevalence": 0.2869822485207101,
      "recall_at_0.5": 0.8195876288659794,
      "recall_at_tuned_threshold": 0.845360824742268,
      "threshold_used": 0.465926855802536
    },
    "cardiomegaly": {
      "auroc": 0.7627373068432671,
      "average_precision": 0.45418065807678454,
      "ece": 0.27124619866265326,
      "f1_at_0.5": 0.4958333333333334,
      "f1_at_tuned_threshold": 0.4048582995951417,
      "negative_count": 525,
      "positive_count": 151,
      "precision_at_0.5": 0.3617021276595745,
      "precision_at_tuned_threshold": 0.5208333333333334,
      "prevalence": 0.22337278106508876,
      "recall_at_0.5": 0.7880794701986755,
      "recall_at_tuned_threshold": 0.33112582781456956,
      "threshold_used": 0.8505328893661499
    },
    "consolidation": {
      "auroc": 0.7274776753037623,
      "average_precision": 0.19206064274048706,
      "ece": 0.480897903158007,
      "f1_at_0.5": 0.19342359767891684,
      "f1_at_tuned_threshold": 0.2617801047120419,
      "negative_count": 621,
      "positive_count": 55,
      "precision_at_0.5": 0.10822510822510822,
      "precision_at_tuned_threshold": 0.18382352941176472,
      "prevalence": 0.08136094674556213,
      "recall_at_0.5": 0.9090909090909091,
      "recall_at_tuned_threshold": 0.45454545454545453,
      "threshold_used": 0.7447322010993958
    },
    "edema": {
      "auroc": 0.7972068186485931,
      "average_precision": 0.48537155901785295,
      "ece": 0.25134556934067587,
      "f1_at_0.5": 0.497584541062802,
      "f1_at_tuned_threshold": 0.463035019455253,
      "negative_count": 541,
      "positive_count": 135,
      "precision_at_0.5": 0.36917562724014336,
      "precision_at_tuned_threshold": 0.31398416886543534,
      "prevalence": 0.1997041420118343,
      "recall_at_0.5": 0.762962962962963,
      "recall_at_tuned_threshold": 0.8814814814814815,
      "threshold_used": 0.3784194588661194
    },
    "pleural_effusion": {
      "auroc": 0.8487436405652019,
      "average_precision": 0.7980555563858227,
      "ece": 0.14338068784525318,
      "f1_at_0.5": 0.7261538461538461,
      "f1_at_tuned_threshold": 0.7205882352941178,
      "negative_count": 407,
      "positive_count": 269,
      "precision_at_0.5": 0.6194225721784777,
      "precision_at_tuned_threshold": 0.7127272727272728,
      "prevalence": 0.3979289940828402,
      "recall_at_0.5": 0.8773234200743495,
      "recall_at_tuned_threshold": 0.7286245353159851,
      "threshold_used": 0.6563969850540161
    },
    "pneumonia": {
      "auroc": 0.6480290579969037,
      "average_precision": 0.1378142073014279,
      "ece": 0.43335706126695916,
      "f1_at_0.5": 0.1844660194174757,
      "f1_at_tuned_threshold": 0.20567375886524827,
      "negative_count": 622,
      "positive_count": 54,
      "precision_at_0.5": 0.10614525139664804,
      "precision_at_tuned_threshold": 0.12719298245614036,
      "prevalence": 0.07988165680473373,
      "recall_at_0.5": 0.7037037037037037,
      "recall_at_tuned_threshold": 0.5370370370370371,
      "threshold_used": 0.6288078427314758
    },
    "pneumothorax": {
      "auroc": 0.749988856697125,
      "average_precision": 0.17144102861072444,
      "ece": 0.2851811633822309,
      "f1_at_0.5": 0.22222222222222218,
      "f1_at_tuned_threshold": 0.2298850574712644,
      "negative_count": 641,
      "positive_count": 35,
      "precision_at_0.5": 0.13636363636363635,
      "precision_at_tuned_threshold": 0.19230769230769232,
      "prevalence": 0.051775147928994084,
      "recall_at_0.5": 0.6,
      "recall_at_tuned_threshold": 0.2857142857142857,
      "threshold_used": 0.6997730731964111
    }
  },
  "loss": 1.185261113403817,
  "macro": {
    "auroc": 0.7453287682917538,
    "average_precision": 0.3808932460996918,
    "ece": 0.30445695899380837,
    "f1_at_0.5": 0.40585643361120466,
    "f1_at_tuned_thresholds": 0.4008043287238002
  },
  "num_examples": 676,
  "split_alias": "d2_test",
  "valid_label_counts": {
    "macro_auroc": 7,
    "macro_average_precision": 7
  }
}