{
  "brier_score": 0.05101065829928432,
  "label_metrics": {
    "0": {
      "auprc": 0.30370322755533585,
      "auroc": 0.7969445075819073,
      "brier": 0.09419342130422592,
      "ece": 0.075833878505975
    },
    "1": {
      "auprc": 0.24096205718080288,
      "auroc": 0.8623329553933967,
      "brier": 0.024338597431778908,
      "ece": 0.024042174629867075
    },
    "2": {
      "auprc": 0.1809247731252393,
      "auroc": 0.8028655040005412,
      "brier": 0.04100995138287544,
      "ece": 0.006852443128824235
    },
    "3": {
      "auprc": 0.21774241287986487,
      "auroc": 0.8948556761060474,
      "brier": 0.05854834243655205,
      "ece": 0.11891308468347415
    },
    "4": {
      "auprc": 0.513369831507274,
      "auroc": 0.8659115802879211,
      "brier": 0.0845291018486023,
      "ece": 0.0480921874679625
    },
    "5": {
      "auprc": 0.05685787229709105,
      "auroc": 0.8004563894523327,
      "brier": 0.013908411376178265,
      "ece": 0.013437825487926602
    },
    "6": {
      "auprc": 0.2846614393615187,
      "auroc": 0.8564034034203358,
      "brier": 0.040546782314777374,
      "ece": 0.014863319911062718
    }
  },
  "macro_auprc": 0.25688880198673236,
  "macro_auroc": 0.8399671451774974,
  "macro_ece": 0.04314784483072747,
  "micro_auprc": 0.30711186305592864,
  "micro_auroc": 0.8544573861434652,
  "num_examples": 2000,
  "prediction_artifact": "/workspace/paper_v1/outputs/nih_to_chexpert_seed_sweep/20260420T103712Z__nih_to_chexpert_seed_sweep/seed_1337/ablations/20260420T103741Z__gate_cap_0p1/metrics/d0_nih_test_predictions.npz",
  "valid_label_counts": {
    "brier_score": 7,
    "macro_auprc": 7,
    "macro_auroc": 7,
    "macro_ece": 7
  }
}
