{
  "brier_score": 0.10648478168462004,
  "label_metrics": {
    "0": {
      "auprc": 0.7583122218292406,
      "auroc": 0.8646103896103896,
      "brier": 0.1691594272851944,
      "ece": 0.11841041753944169
    },
    "1": {
      "auprc": 0.6215436044180331,
      "auroc": 0.7761339475549256,
      "brier": 0.18513303995132446,
      "ece": 0.1370731446509942
    },
    "2": {
      "auprc": 0.511305722853236,
      "auroc": 0.9006482737826021,
      "brier": 0.09480340778827667,
      "ece": 0.07918640644026874
    },
    "3": {
      "auprc": 0.6382783563542858,
      "auroc": 0.8510288065843621,
      "brier": 0.1121053472161293,
      "ece": 0.06677464741226447
    },
    "4": {
      "auprc": 0.8295729165114822,
      "auroc": 0.9117883635713648,
      "brier": 0.11340416222810745,
      "ece": 0.08406135242464197
    },
    "5": {
      "auprc": 0.3889023689782703,
      "auroc": 0.9081858407079645,
      "brier": 0.03107055462896824,
      "ece": 0.010025514289736748
    },
    "6": {
      "auprc": 0.1239193127296194,
      "auroc": 0.7787610619469026,
      "brier": 0.03971753269433975,
      "ece": 0.06731751654297113
    }
  },
  "macro_auprc": 0.5531192148105954,
  "macro_auroc": 0.8558795262512159,
  "macro_ece": 0.08040699990004556,
  "micro_auprc": 0.63361185539662,
  "micro_auroc": 0.86551924823638,
  "num_examples": 234,
  "prediction_artifact": "/workspace/paper_v1/outputs/nih_to_chexpert_seed_sweep/20260420T103712Z__nih_to_chexpert_seed_sweep/seed_1337/ablations/20260420T103741Z__gate_cap_0p1/metrics/d1_chexpert_test_predictions.npz",
  "valid_label_counts": {
    "brier_score": 7,
    "macro_auprc": 7,
    "macro_auroc": 7,
    "macro_ece": 7
  }
}
