{
  "label_metrics": {
    "atelectasis": {
      "auroc": 0.6511242603550296,
      "average_precision": 0.25649539265388854,
      "ece": 0.3050238808235002,
      "f1_at_0.5": 0.32333333333333336,
      "f1_at_tuned_threshold": 0.3328894806924101,
      "negative_count": 845,
      "positive_count": 155,
      "precision_at_0.5": 0.21797752808988763,
      "precision_at_tuned_threshold": 0.20973154362416108,
      "prevalence": 0.155,
      "recall_at_0.5": 0.6258064516129033,
      "recall_at_tuned_threshold": 0.8064516129032258,
      "threshold_used": 0.40975210070610046
    },
    "cardiomegaly": {
      "auroc": 0.7947687515643685,
      "average_precision": 0.3970007727962857,
      "ece": 0.2643371173140388,
      "f1_at_0.5": 0.3918918918918919,
      "f1_at_tuned_threshold": 0.4210526315789474,
      "negative_count": 877,
      "positive_count": 123,
      "precision_at_0.5": 0.27102803738317754,
      "precision_at_tuned_threshold": 0.41935483870967744,
      "prevalence": 0.123,
      "recall_at_0.5": 0.7073170731707317,
      "recall_at_tuned_threshold": 0.42276422764227645,
      "threshold_used": 0.7237977981567383
    },
    "consolidation": {
      "auroc": 0.6930699318353951,
      "average_precision": 0.12904247574503566,
      "ece": 0.34030950297132817,
      "f1_at_0.5": 0.21079691516709506,
      "f1_at_tuned_threshold": 0.22834645669291334,
      "negative_count": 932,
      "positive_count": 68,
      "precision_at_0.5": 0.1277258566978193,
      "precision_at_tuned_threshold": 0.15591397849462366,
      "prevalence": 0.068,
      "recall_at_0.5": 0.6029411764705882,
      "recall_at_tuned_threshold": 0.4264705882352941,
      "threshold_used": 0.590484082698822
    },
    "edema": {
      "auroc": 0.7886313740453794,
      "average_precision": 0.5068464276622914,
      "ece": 0.1877327740161888,
      "f1_at_0.5": 0.537037037037037,
      "f1_at_tuned_threshold": 0.556338028169014,
      "negative_count": 763,
      "positive_count": 237,
      "precision_at_0.5": 0.4233576642335766,
      "precision_at_tuned_threshold": 0.4773413897280967,
      "prevalence": 0.237,
      "recall_at_0.5": 0.7341772151898734,
      "recall_at_tuned_threshold": 0.6666666666666666,
      "threshold_used": 0.5757073163986206
    },
    "pleural_effusion": {
      "auroc": 0.8327939612833539,
      "average_precision": 0.7640930178941612,
      "ece": 0.0631890034115328,
      "f1_at_0.5": 0.7036569987389659,
      "f1_at_tuned_threshold": 0.7117903930131004,
      "negative_count": 614,
      "positive_count": 386,
      "precision_at_0.5": 0.6855036855036855,
      "precision_at_tuned_threshold": 0.6150943396226415,
      "prevalence": 0.386,
      "recall_at_0.5": 0.7227979274611399,
      "recall_at_tuned_threshold": 0.844559585492228,
      "threshold_used": 0.38110437989234924
    },
    "pneumonia": {
      "auroc": 0.6119576446280992,
      "average_precision": 0.053735380150104484,
      "ece": 0.3420710338496168,
      "f1_at_0.5": 0.0839160839160839,
      "f1_at_tuned_threshold": 0.13157894736842105,
      "negative_count": 968,
      "positive_count": 32,
      "precision_at_0.5": 0.047244094488188976,
      "precision_at_tuned_threshold": 0.11363636363636363,
      "prevalence": 0.032,
      "recall_at_0.5": 0.375,
      "recall_at_tuned_threshold": 0.15625,
      "threshold_used": 0.7369688749313354
    },
    "pneumothorax": {
      "auroc": 0.7935100334241912,
      "average_precision": 0.42845639643989,
      "ece": 0.2937473471817226,
      "f1_at_0.5": 0.3225806451612903,
      "f1_at_tuned_threshold": 0.4971751412429378,
      "negative_count": 911,
      "positive_count": 89,
      "precision_at_0.5": 0.21201413427561838,
      "precision_at_tuned_threshold": 0.5,
      "prevalence": 0.089,
      "recall_at_0.5": 0.6741573033707865,
      "recall_at_tuned_threshold": 0.4943820224719101,
      "threshold_used": 0.7478001713752747
    }
  },
  "loss": 1.0149551005363464,
  "macro": {
    "auroc": 0.7379794224479738,
    "average_precision": 0.36223855190595095,
    "ece": 0.25663009422398975,
    "f1_at_0.5": 0.3676018436065282,
    "f1_at_tuned_thresholds": 0.41131015410824917
  },
  "num_examples": 1000,
  "split_alias": "target_val",
  "valid_label_counts": {
    "macro_auroc": 7,
    "macro_average_precision": 7
  }
}