{
  "brier_score": 0.06165054866245815,
  "label_metrics": {
    "0": {
      "auprc": 0.29208464366592723,
      "auroc": 0.7881233020532303,
      "brier": 0.09847435355186462,
      "ece": 0.11113463450223209
    },
    "1": {
      "auprc": 0.22218159684511105,
      "auroc": 0.856436123305327,
      "brier": 0.026150088757276535,
      "ece": 0.03603160083945841
    },
    "2": {
      "auprc": 0.1750692779260205,
      "auroc": 0.7919718524282355,
      "brier": 0.04330527409911156,
      "ece": 0.026725161437876524
    },
    "3": {
      "auprc": 0.1848937940803254,
      "auroc": 0.8940832551009494,
      "brier": 0.08952619135379791,
      "ece": 0.1599376173291239
    },
    "4": {
      "auprc": 0.48886513180569224,
      "auroc": 0.8622834591414634,
      "brier": 0.09985505789518356,
      "ece": 0.0846034982148558
    },
    "5": {
      "auprc": 0.05220054882594993,
      "auroc": 0.7751738626485076,
      "brier": 0.02588508278131485,
      "ece": 0.06725547722540796
    },
    "6": {
      "auprc": 0.24875591393978827,
      "auroc": 0.8436433964285512,
      "brier": 0.04835779219865799,
      "ece": 0.041589696411974734
    }
  },
  "macro_auprc": 0.23772155815554497,
  "macro_auroc": 0.8302450358723236,
  "macro_ece": 0.0753253837087042,
  "micro_auprc": 0.2761023648094448,
  "micro_auroc": 0.8418145045362613,
  "num_examples": 2000,
  "prediction_artifact": "/workspace/paper_v1/outputs/nih_to_chexpert_seed_sweep/20260420T121957Z__nih_to_chexpert_seed_sweep/seed_2027/20260420T122012Z__lwf/metrics/d0_nih_test_predictions.npz",
  "valid_label_counts": {
    "brier_score": 7,
    "macro_auprc": 7,
    "macro_auroc": 7,
    "macro_ece": 7
  }
}
