{
  "label_metrics": {
    "atelectasis": {
      "auroc": 0.7736201298701298,
      "average_precision": 0.6034888095740353,
      "ece": 0.12714581439595168,
      "f1_at_0.5": 0.5419354838709678,
      "f1_at_tuned_threshold": 0.6071428571428571,
      "negative_count": 154,
      "positive_count": 80,
      "precision_at_0.5": 0.56,
      "precision_at_tuned_threshold": 0.5795454545454546,
      "prevalence": 0.3418803418803419,
      "recall_at_0.5": 0.525,
      "recall_at_tuned_threshold": 0.6375,
      "threshold_used": 0.45020830631256104
    },
    "cardiomegaly": {
      "auroc": 0.7890680368532955,
      "average_precision": 0.6363875915076728,
      "ece": 0.07927126536099985,
      "f1_at_0.5": 0.578125,
      "f1_at_tuned_threshold": 0.5,
      "negative_count": 166,
      "positive_count": 68,
      "precision_at_0.5": 0.6166666666666667,
      "precision_at_tuned_threshold": 0.78125,
      "prevalence": 0.2905982905982906,
      "recall_at_0.5": 0.5441176470588235,
      "recall_at_tuned_threshold": 0.36764705882352944,
      "threshold_used": 0.6660625338554382
    },
    "consolidation": {
      "auroc": 0.8448665762098598,
      "average_precision": 0.39688408465681524,
      "ece": 0.2038127101498537,
      "f1_at_0.5": 0.47311827956989244,
      "f1_at_tuned_threshold": 0.44155844155844154,
      "negative_count": 201,
      "positive_count": 33,
      "precision_at_0.5": 0.36666666666666664,
      "precision_at_tuned_threshold": 0.38636363636363635,
      "prevalence": 0.14102564102564102,
      "recall_at_0.5": 0.6666666666666666,
      "recall_at_tuned_threshold": 0.5151515151515151,
      "threshold_used": 0.5672774910926819
    },
    "edema": {
      "auroc": 0.8469723691945914,
      "average_precision": 0.617219325902472,
      "ece": 0.1428360966896799,
      "f1_at_0.5": 0.5740740740740741,
      "f1_at_tuned_threshold": 0.606060606060606,
      "negative_count": 189,
      "positive_count": 45,
      "precision_at_0.5": 0.49206349206349204,
      "precision_at_tuned_threshold": 0.5555555555555556,
      "prevalence": 0.19230769230769232,
      "recall_at_0.5": 0.6888888888888889,
      "recall_at_tuned_threshold": 0.6666666666666666,
      "threshold_used": 0.5737380981445312
    },
    "pleural_effusion": {
      "auroc": 0.9256412548038252,
      "average_precision": 0.8608657231255811,
      "ece": 0.07537214112932779,
      "f1_at_0.5": 0.7441860465116278,
      "f1_at_tuned_threshold": 0.7671232876712328,
      "negative_count": 167,
      "positive_count": 67,
      "precision_at_0.5": 0.7741935483870968,
      "precision_at_tuned_threshold": 0.7088607594936709,
      "prevalence": 0.2863247863247863,
      "recall_at_0.5": 0.7164179104477612,
      "recall_at_tuned_threshold": 0.835820895522388,
      "threshold_used": 0.3896045982837677
    },
    "pneumonia": {
      "auroc": 0.5022123893805309,
      "average_precision": 0.0427685784613932,
      "ece": 0.2903125969151426,
      "f1_at_0.5": 0.028985507246376815,
      "f1_at_tuned_threshold": 0.0,
      "negative_count": 226,
      "positive_count": 8,
      "precision_at_0.5": 0.01639344262295082,
      "precision_at_tuned_threshold": 0.0,
      "prevalence": 0.03418803418803419,
      "recall_at_0.5": 0.125,
      "recall_at_tuned_threshold": 0.0,
      "threshold_used": 0.7940657734870911
    },
    "pneumothorax": {
      "auroc": 0.7477876106194691,
      "average_precision": 0.18149929796052605,
      "ece": 0.3231653483243387,
      "f1_at_0.5": 0.11594202898550726,
      "f1_at_tuned_threshold": 0.3157894736842105,
      "negative_count": 226,
      "positive_count": 8,
      "precision_at_0.5": 0.06557377049180328,
      "precision_at_tuned_threshold": 0.2727272727272727,
      "prevalence": 0.03418803418803419,
      "recall_at_0.5": 0.5,
      "recall_at_tuned_threshold": 0.375,
      "threshold_used": 0.7879312038421631
    }
  },
  "loss": 1.2627123594284058,
  "macro": {
    "auroc": 0.7757383381331003,
    "average_precision": 0.47701620159835656,
    "ece": 0.1774165675664706,
    "f1_at_0.5": 0.4366237743226352,
    "f1_at_tuned_thresholds": 0.4625249523024783
  },
  "num_examples": 234,
  "split_alias": "target_test",
  "valid_label_counts": {
    "macro_auroc": 7,
    "macro_average_precision": 7
  }
}