{
  "label_metrics": {
    "atelectasis": {
      "auroc": 0.8123175652472527,
      "average_precision": 0.4089889278313936,
      "ece": 0.26055978875319014,
      "f1_at_0.5": 0.3948717948717949,
      "f1_at_tuned_threshold": 0.40641711229946526,
      "negative_count": 896,
      "positive_count": 104,
      "precision_at_0.5": 0.2692307692307692,
      "precision_at_tuned_threshold": 0.2814814814814815,
      "prevalence": 0.104,
      "recall_at_0.5": 0.7403846153846154,
      "recall_at_tuned_threshold": 0.7307692307692307,
      "threshold_used": 0.5179067254066467
    },
    "cardiomegaly": {
      "auroc": 0.859381443298969,
      "average_precision": 0.2130576701788191,
      "ece": 0.26136747990445064,
      "f1_at_0.5": 0.2042553191489362,
      "f1_at_tuned_threshold": 0.27522935779816515,
      "negative_count": 970,
      "positive_count": 30,
      "precision_at_0.5": 0.11707317073170732,
      "precision_at_tuned_threshold": 0.189873417721519,
      "prevalence": 0.03,
      "recall_at_0.5": 0.8,
      "recall_at_tuned_threshold": 0.5,
      "threshold_used": 0.7314431667327881
    },
    "consolidation": {
      "auroc": 0.7994713335156322,
      "average_precision": 0.16112055588421526,
      "ece": 0.24126117803086392,
      "f1_at_0.5": 0.1931464174454829,
      "f1_at_tuned_threshold": 0.22580645161290322,
      "negative_count": 954,
      "positive_count": 46,
      "precision_at_0.5": 0.11272727272727273,
      "precision_at_tuned_threshold": 0.15,
      "prevalence": 0.046,
      "recall_at_0.5": 0.6739130434782609,
      "recall_at_tuned_threshold": 0.45652173913043476,
      "threshold_used": 0.6533944010734558
    },
    "edema": {
      "auroc": 0.8960820512820513,
      "average_precision": 0.22266449066107596,
      "ece": 0.24087029776305022,
      "f1_at_0.5": 0.1556420233463035,
      "f1_at_tuned_threshold": 0.16736401673640164,
      "negative_count": 975,
      "positive_count": 25,
      "precision_at_0.5": 0.08620689655172414,
      "precision_at_tuned_threshold": 0.09345794392523364,
      "prevalence": 0.025,
      "recall_at_0.5": 0.8,
      "recall_at_tuned_threshold": 0.8,
      "threshold_used": 0.552036702632904
    },
    "pleural_effusion": {
      "auroc": 0.8719534343104137,
      "average_precision": 0.4966223192277018,
      "ece": 0.18709455296657684,
      "f1_at_0.5": 0.5221932114882507,
      "f1_at_tuned_threshold": 0.5012048192771085,
      "negative_count": 874,
      "positive_count": 126,
      "precision_at_0.5": 0.38910505836575876,
      "precision_at_tuned_threshold": 0.35986159169550175,
      "prevalence": 0.126,
      "recall_at_0.5": 0.7936507936507936,
      "recall_at_tuned_threshold": 0.8253968253968254,
      "threshold_used": 0.4430449903011322
    },
    "pneumonia": {
      "auroc": 0.6588669950738916,
      "average_precision": 0.0238359601129464,
      "ece": 0.27045209841083695,
      "f1_at_0.5": 0.03555555555555556,
      "f1_at_tuned_threshold": 0.034782608695652174,
      "negative_count": 986,
      "positive_count": 14,
      "precision_at_0.5": 0.018957345971563982,
      "precision_at_tuned_threshold": 0.019801980198019802,
      "prevalence": 0.014,
      "recall_at_0.5": 0.2857142857142857,
      "recall_at_tuned_threshold": 0.14285714285714285,
      "threshold_used": 0.7043986916542053
    },
    "pneumothorax": {
      "auroc": 0.8704830734119438,
      "average_precision": 0.21145916702337306,
      "ece": 0.1941087182398692,
      "f1_at_0.5": 0.2950819672131148,
      "f1_at_tuned_threshold": 0.25287356321839083,
      "negative_count": 956,
      "positive_count": 44,
      "precision_at_0.5": 0.19424460431654678,
      "precision_at_tuned_threshold": 0.2558139534883721,
      "prevalence": 0.044,
      "recall_at_0.5": 0.6136363636363636,
      "recall_at_tuned_threshold": 0.25,
      "threshold_used": 0.7907369136810303
    }
  },
  "loss": 0.655274890422821,
  "macro": {
    "auroc": 0.8240794137343076,
    "average_precision": 0.2482498701313607,
    "ece": 0.23653058772411972,
    "f1_at_0.5": 0.25724946986706265,
    "f1_at_tuned_thresholds": 0.26623970423401244
  },
  "num_examples": 1000,
  "split_alias": "d0_val",
  "valid_label_counts": {
    "macro_auroc": 7,
    "macro_average_precision": 7
  }
}