{
  "label_metrics": {
    "atelectasis": {
      "auroc": 0.6520022905134568,
      "average_precision": 0.25990170667382706,
      "ece": 0.31933022478639694,
      "f1_at_0.5": 0.325,
      "f1_at_tuned_threshold": 0.3327841845140033,
      "negative_count": 845,
      "positive_count": 155,
      "precision_at_0.5": 0.21443298969072164,
      "precision_at_tuned_threshold": 0.2234513274336283,
      "prevalence": 0.155,
      "recall_at_0.5": 0.6709677419354839,
      "recall_at_tuned_threshold": 0.6516129032258065,
      "threshold_used": 0.5179067254066467
    },
    "cardiomegaly": {
      "auroc": 0.7960063409071947,
      "average_precision": 0.40333764879332246,
      "ece": 0.33780020292417023,
      "f1_at_0.5": 0.36528028933092227,
      "f1_at_tuned_threshold": 0.4236111111111111,
      "negative_count": 877,
      "positive_count": 123,
      "precision_at_0.5": 0.23488372093023255,
      "precision_at_tuned_threshold": 0.3696969696969697,
      "prevalence": 0.123,
      "recall_at_0.5": 0.8211382113821138,
      "recall_at_tuned_threshold": 0.4959349593495935,
      "threshold_used": 0.7314431667327881
    },
    "consolidation": {
      "auroc": 0.6894407977783388,
      "average_precision": 0.12751729822364907,
      "ece": 0.36674102101286815,
      "f1_at_0.5": 0.20137299771167047,
      "f1_at_tuned_threshold": 0.2352941176470588,
      "negative_count": 932,
      "positive_count": 68,
      "precision_at_0.5": 0.11924119241192412,
      "precision_at_tuned_threshold": 0.16993464052287582,
      "prevalence": 0.068,
      "recall_at_0.5": 0.6470588235294118,
      "recall_at_tuned_threshold": 0.38235294117647056,
      "threshold_used": 0.6533944010734558
    },
    "edema": {
      "auroc": 0.7881613218972411,
      "average_precision": 0.5047249310086136,
      "ece": 0.1527484908285,
      "f1_at_0.5": 0.5433333333333333,
      "f1_at_tuned_threshold": 0.549165120593692,
      "negative_count": 763,
      "positive_count": 237,
      "precision_at_0.5": 0.4490358126721763,
      "precision_at_tuned_threshold": 0.4900662251655629,
      "prevalence": 0.237,
      "recall_at_0.5": 0.6877637130801688,
      "recall_at_tuned_threshold": 0.6244725738396625,
      "threshold_used": 0.552036702632904
    },
    "pleural_effusion": {
      "auroc": 0.8339184148790738,
      "average_precision": 0.7668897644194694,
      "ece": 0.09706247847657129,
      "f1_at_0.5": 0.7057444314185228,
      "f1_at_tuned_threshold": 0.711453744493392,
      "negative_count": 614,
      "positive_count": 386,
      "precision_at_0.5": 0.6445396145610278,
      "precision_at_tuned_threshold": 0.6187739463601533,
      "prevalence": 0.386,
      "recall_at_0.5": 0.7797927461139896,
      "recall_at_tuned_threshold": 0.8367875647668394,
      "threshold_used": 0.4430449903011322
    },
    "pneumonia": {
      "auroc": 0.6003357438016529,
      "average_precision": 0.058403905293573984,
      "ece": 0.33762039854461995,
      "f1_at_0.5": 0.0839160839160839,
      "f1_at_tuned_threshold": 0.14432989690721648,
      "negative_count": 968,
      "positive_count": 32,
      "precision_at_0.5": 0.047244094488188976,
      "precision_at_tuned_threshold": 0.1076923076923077,
      "prevalence": 0.032,
      "recall_at_0.5": 0.375,
      "recall_at_tuned_threshold": 0.21875,
      "threshold_used": 0.7043986916542053
    },
    "pneumothorax": {
      "auroc": 0.795014738711627,
      "average_precision": 0.4328149036711924,
      "ece": 0.31200717707435194,
      "f1_at_0.5": 0.3201970443349753,
      "f1_at_tuned_threshold": 0.4999999999999999,
      "negative_count": 911,
      "positive_count": 89,
      "precision_at_0.5": 0.20504731861198738,
      "precision_at_tuned_threshold": 0.5316455696202531,
      "prevalence": 0.089,
      "recall_at_0.5": 0.7303370786516854,
      "recall_at_tuned_threshold": 0.47191011235955055,
      "threshold_used": 0.7907369136810303
    }
  },
  "loss": 1.0247000679969787,
  "macro": {
    "auroc": 0.7364113783555121,
    "average_precision": 0.36479859401194975,
    "ece": 0.27475857052106833,
    "f1_at_0.5": 0.3635491685779297,
    "f1_at_tuned_thresholds": 0.4138054536094962
  },
  "num_examples": 1000,
  "split_alias": "target_val",
  "valid_label_counts": {
    "macro_auroc": 7,
    "macro_average_precision": 7
  }
}