{
  "label_metrics": {
    "atelectasis": {
      "auroc": 0.7823597536556591,
      "average_precision": 0.2809849566290645,
      "ece": 0.22203493574756475,
      "f1_at_0.5": 0.36363636363636365,
      "f1_at_tuned_threshold": 0.3700564971751413,
      "negative_count": 1794,
      "positive_count": 206,
      "precision_at_0.5": 0.2523540489642185,
      "precision_at_tuned_threshold": 0.26095617529880477,
      "prevalence": 0.103,
      "recall_at_0.5": 0.6504854368932039,
      "recall_at_tuned_threshold": 0.6359223300970874,
      "threshold_used": 0.5254687070846558
    },
    "cardiomegaly": {
      "auroc": 0.7962709926253259,
      "average_precision": 0.16055178103902346,
      "ece": 0.2154109367227268,
      "f1_at_0.5": 0.14322250639386191,
      "f1_at_tuned_threshold": 0.12619502868068833,
      "negative_count": 1947,
      "positive_count": 53,
      "precision_at_0.5": 0.08284023668639054,
      "precision_at_tuned_threshold": 0.07021276595744681,
      "prevalence": 0.0265,
      "recall_at_0.5": 0.5283018867924528,
      "recall_at_tuned_threshold": 0.6226415094339622,
      "threshold_used": 0.4102458953857422
    },
    "consolidation": {
      "auroc": 0.7975032562545461,
      "average_precision": 0.1620399547734762,
      "ece": 0.17933729110152874,
      "f1_at_0.5": 0.23838383838383836,
      "f1_at_tuned_threshold": 0.21292775665399238,
      "negative_count": 1907,
      "positive_count": 93,
      "precision_at_0.5": 0.14676616915422885,
      "precision_at_tuned_threshold": 0.16470588235294117,
      "prevalence": 0.0465,
      "recall_at_0.5": 0.6344086021505376,
      "recall_at_tuned_threshold": 0.3010752688172043,
      "threshold_used": 0.6658520698547363
    },
    "edema": {
      "auroc": 0.8834476120307543,
      "average_precision": 0.15273829856142,
      "ece": 0.22469766822676024,
      "f1_at_0.5": 0.14893617021276595,
      "f1_at_tuned_threshold": 0.19808306709265175,
      "negative_count": 1957,
      "positive_count": 43,
      "precision_at_0.5": 0.08196721311475409,
      "precision_at_tuned_threshold": 0.11481481481481481,
      "prevalence": 0.0215,
      "recall_at_0.5": 0.813953488372093,
      "recall_at_tuned_threshold": 0.7209302325581395,
      "threshold_used": 0.7498788237571716
    },
    "pleural_effusion": {
      "auroc": 0.865319961319049,
      "average_precision": 0.4667882055390973,
      "ece": 0.11607849632604793,
      "f1_at_0.5": 0.5075528700906344,
      "f1_at_tuned_threshold": 0.504885993485342,
      "negative_count": 1761,
      "positive_count": 239,
      "precision_at_0.5": 0.3971631205673759,
      "precision_at_tuned_threshold": 0.41333333333333333,
      "prevalence": 0.1195,
      "recall_at_0.5": 0.702928870292887,
      "recall_at_tuned_threshold": 0.6485355648535565,
      "threshold_used": 0.5537082552909851
    },
    "pneumonia": {
      "auroc": 0.7539119095914227,
      "average_precision": 0.041316944169215615,
      "ece": 0.3440894596846833,
      "f1_at_0.5": 0.06896551724137931,
      "f1_at_tuned_threshold": 0.07801418439716312,
      "negative_count": 1972,
      "positive_count": 28,
      "precision_at_0.5": 0.03643724696356275,
      "precision_at_tuned_threshold": 0.04330708661417323,
      "prevalence": 0.014,
      "recall_at_0.5": 0.6428571428571429,
      "recall_at_tuned_threshold": 0.39285714285714285,
      "threshold_used": 0.619486927986145
    },
    "pneumothorax": {
      "auroc": 0.841872896121251,
      "average_precision": 0.27854818813982046,
      "ece": 0.26008632728605363,
      "f1_at_0.5": 0.25547445255474455,
      "f1_at_tuned_threshold": 0.28729281767955805,
      "negative_count": 1907,
      "positive_count": 93,
      "precision_at_0.5": 0.15384615384615385,
      "precision_at_tuned_threshold": 0.29545454545454547,
      "prevalence": 0.0465,
      "recall_at_0.5": 0.7526881720430108,
      "recall_at_tuned_threshold": 0.27956989247311825,
      "threshold_used": 0.923133134841919
    }
  },
  "loss": 0.6996968641281128,
  "macro": {
    "auroc": 0.8172409116568584,
    "average_precision": 0.22042404697873105,
    "ece": 0.22310501644219505,
    "f1_at_0.5": 0.24659595978765544,
    "f1_at_tuned_thresholds": 0.2539221921663624
  },
  "num_examples": 2000,
  "split_alias": "d0_test",
  "valid_label_counts": {
    "macro_auroc": 7,
    "macro_average_precision": 7
  }
}