{
  "label_metrics": {
    "atelectasis": {
      "auroc": 0.8371286916208791,
      "average_precision": 0.4068054025177608,
      "ece": 0.22737219894773017,
      "f1_at_0.5": 0.39999999999999997,
      "f1_at_tuned_threshold": 0.39999999999999997,
      "negative_count": 896,
      "positive_count": 104,
      "precision_at_0.5": 0.27402135231316727,
      "precision_at_tuned_threshold": 0.2796934865900383,
      "prevalence": 0.104,
      "recall_at_0.5": 0.7403846153846154,
      "recall_at_tuned_threshold": 0.7019230769230769,
      "threshold_used": 0.5254687070846558
    },
    "cardiomegaly": {
      "auroc": 0.8060824742268041,
      "average_precision": 0.16451054545202284,
      "ece": 0.21443411810116822,
      "f1_at_0.5": 0.17435897435897435,
      "f1_at_tuned_threshold": 0.15037593984962405,
      "negative_count": 970,
      "positive_count": 30,
      "precision_at_0.5": 0.10303030303030303,
      "precision_at_tuned_threshold": 0.0847457627118644,
      "prevalence": 0.03,
      "recall_at_0.5": 0.5666666666666667,
      "recall_at_tuned_threshold": 0.6666666666666666,
      "threshold_used": 0.4102458953857422
    },
    "consolidation": {
      "auroc": 0.795164524655911,
      "average_precision": 0.1275320898960867,
      "ece": 0.17884896506233444,
      "f1_at_0.5": 0.21757322175732216,
      "f1_at_tuned_threshold": 0.14285714285714285,
      "negative_count": 954,
      "positive_count": 46,
      "precision_at_0.5": 0.13471502590673576,
      "precision_at_tuned_threshold": 0.1125,
      "prevalence": 0.046,
      "recall_at_0.5": 0.5652173913043478,
      "recall_at_tuned_threshold": 0.1956521739130435,
      "threshold_used": 0.6658520698547363
    },
    "edema": {
      "auroc": 0.9021948717948718,
      "average_precision": 0.1888491419284738,
      "ece": 0.23215088332483255,
      "f1_at_0.5": 0.16867469879518074,
      "f1_at_tuned_threshold": 0.20481927710843373,
      "negative_count": 975,
      "positive_count": 25,
      "precision_at_0.5": 0.09375,
      "precision_at_tuned_threshold": 0.12056737588652482,
      "prevalence": 0.025,
      "recall_at_0.5": 0.84,
      "recall_at_tuned_threshold": 0.68,
      "threshold_used": 0.7498788237571716
    },
    "pleural_effusion": {
      "auroc": 0.8668500962551305,
      "average_precision": 0.5229597742711697,
      "ece": 0.11312328205605993,
      "f1_at_0.5": 0.5389221556886228,
      "f1_at_tuned_threshold": 0.551948051948052,
      "negative_count": 874,
      "positive_count": 126,
      "precision_at_0.5": 0.4326923076923077,
      "precision_at_tuned_threshold": 0.46703296703296704,
      "prevalence": 0.126,
      "recall_at_0.5": 0.7142857142857143,
      "recall_at_tuned_threshold": 0.6746031746031746,
      "threshold_used": 0.5537082552909851
    },
    "pneumonia": {
      "auroc": 0.6842219646479282,
      "average_precision": 0.02272263202816873,
      "ece": 0.3500514063491932,
      "f1_at_0.5": 0.05090909090909091,
      "f1_at_tuned_threshold": 0.0,
      "negative_count": 986,
      "positive_count": 14,
      "precision_at_0.5": 0.02681992337164751,
      "precision_at_tuned_threshold": 0.0,
      "prevalence": 0.014,
      "recall_at_0.5": 0.5,
      "recall_at_tuned_threshold": 0.0,
      "threshold_used": 0.619486927986145
    },
    "pneumothorax": {
      "auroc": 0.8623050589577786,
      "average_precision": 0.1928969828911917,
      "ece": 0.2553183097237573,
      "f1_at_0.5": 0.2426470588235294,
      "f1_at_tuned_threshold": 0.13513513513513511,
      "negative_count": 956,
      "positive_count": 44,
      "precision_at_0.5": 0.14473684210526316,
      "precision_at_tuned_threshold": 0.16666666666666666,
      "prevalence": 0.044,
      "recall_at_0.5": 0.75,
      "recall_at_tuned_threshold": 0.11363636363636363,
      "threshold_used": 0.923133134841919
    }
  },
  "loss": 0.6768805718421936,
  "macro": {
    "auroc": 0.8219925260227576,
    "average_precision": 0.23232522414069634,
    "ece": 0.2244713090807251,
    "f1_at_0.5": 0.25615502861896006,
    "f1_at_tuned_thresholds": 0.22644793527119825
  },
  "num_examples": 1000,
  "split_alias": "d0_val",
  "valid_label_counts": {
    "macro_auroc": 7,
    "macro_average_precision": 7
  }
}