{
  "label_metrics": {
    "atelectasis": {
      "auroc": 0.859172077922078,
      "average_precision": 0.7705283050523845,
      "ece": 0.060653904617451584,
      "f1_at_0.5": 0.6285714285714286,
      "f1_at_tuned_threshold": 0.6131386861313869,
      "negative_count": 154,
      "positive_count": 80,
      "precision_at_0.5": 0.7333333333333333,
      "precision_at_tuned_threshold": 0.7368421052631579,
      "prevalence": 0.3418803418803419,
      "recall_at_0.5": 0.55,
      "recall_at_tuned_threshold": 0.525,
      "threshold_used": 0.5254687070846558
    },
    "cardiomegaly": {
      "auroc": 0.8162650602409639,
      "average_precision": 0.6633048152961685,
      "ece": 0.13239573917670444,
      "f1_at_0.5": 0.5511811023622046,
      "f1_at_tuned_threshold": 0.64,
      "negative_count": 166,
      "positive_count": 68,
      "precision_at_0.5": 0.5932203389830508,
      "precision_at_tuned_threshold": 0.5853658536585366,
      "prevalence": 0.2905982905982906,
      "recall_at_0.5": 0.5147058823529411,
      "recall_at_tuned_threshold": 0.7058823529411765,
      "threshold_used": 0.4102458953857422
    },
    "consolidation": {
      "auroc": 0.8863259460274385,
      "average_precision": 0.4975310457700113,
      "ece": 0.12978224356643556,
      "f1_at_0.5": 0.32,
      "f1_at_tuned_threshold": 0.15384615384615385,
      "negative_count": 201,
      "positive_count": 33,
      "precision_at_0.5": 0.47058823529411764,
      "precision_at_tuned_threshold": 0.5,
      "prevalence": 0.14102564102564102,
      "recall_at_0.5": 0.24242424242424243,
      "recall_at_tuned_threshold": 0.09090909090909091,
      "threshold_used": 0.6658520698547363
    },
    "edema": {
      "auroc": 0.8898295120517343,
      "average_precision": 0.6817099726090312,
      "ece": 0.19442392096756062,
      "f1_at_0.5": 0.6,
      "f1_at_tuned_threshold": 0.5277777777777777,
      "negative_count": 189,
      "positive_count": 45,
      "precision_at_0.5": 0.48,
      "precision_at_tuned_threshold": 0.7037037037037037,
      "prevalence": 0.19230769230769232,
      "recall_at_0.5": 0.8,
      "recall_at_tuned_threshold": 0.4222222222222222,
      "threshold_used": 0.7498788237571716
    },
    "pleural_effusion": {
      "auroc": 0.9234962910000893,
      "average_precision": 0.8455925858704697,
      "ece": 0.08518613873532756,
      "f1_at_0.5": 0.6929133858267716,
      "f1_at_tuned_threshold": 0.6722689075630253,
      "negative_count": 167,
      "positive_count": 67,
      "precision_at_0.5": 0.7333333333333333,
      "precision_at_tuned_threshold": 0.7692307692307693,
      "prevalence": 0.2863247863247863,
      "recall_at_0.5": 0.6567164179104478,
      "recall_at_tuned_threshold": 0.5970149253731343,
      "threshold_used": 0.5537082552909851
    },
    "pneumonia": {
      "auroc": 0.6150442477876106,
      "average_precision": 0.06407317881954769,
      "ece": 0.2821785937066682,
      "f1_at_0.5": 0.125,
      "f1_at_tuned_threshold": 0.0,
      "negative_count": 226,
      "positive_count": 8,
      "precision_at_0.5": 0.08333333333333333,
      "precision_at_tuned_threshold": 0.0,
      "prevalence": 0.03418803418803419,
      "recall_at_0.5": 0.25,
      "recall_at_tuned_threshold": 0.0,
      "threshold_used": 0.619486927986145
    },
    "pneumothorax": {
      "auroc": 0.6648230088495575,
      "average_precision": 0.10193070263463921,
      "ece": 0.32122306163821285,
      "f1_at_0.5": 0.14705882352941174,
      "f1_at_tuned_threshold": 0.0,
      "negative_count": 226,
      "positive_count": 8,
      "precision_at_0.5": 0.08333333333333333,
      "precision_at_tuned_threshold": 0.0,
      "prevalence": 0.03418803418803419,
      "recall_at_0.5": 0.625,
      "recall_at_tuned_threshold": 0.0,
      "threshold_used": 0.923133134841919
    }
  },
  "loss": 1.1995666027069092,
  "macro": {
    "auroc": 0.8078508776970674,
    "average_precision": 0.5178100865788932,
    "ece": 0.17226337177262296,
    "f1_at_0.5": 0.43781782004140235,
    "f1_at_tuned_thresholds": 0.3724330750454777
  },
  "num_examples": 234,
  "split_alias": "d1_test",
  "valid_label_counts": {
    "macro_auroc": 7,
    "macro_average_precision": 7
  }
}