{
  "label_metrics": {
    "atelectasis": {
      "auroc": 0.7822900516192505,
      "average_precision": 0.44466579853230687,
      "ece": 0.22129691985747424,
      "f1_at_0.5": 0.48355263157894746,
      "f1_at_tuned_threshold": 0.4923076923076924,
      "negative_count": 799,
      "positive_count": 201,
      "precision_at_0.5": 0.36117936117936117,
      "precision_at_tuned_threshold": 0.375,
      "prevalence": 0.201,
      "recall_at_0.5": 0.7313432835820896,
      "recall_at_tuned_threshold": 0.7164179104477612,
      "threshold_used": 0.5254687070846558
    },
    "cardiomegaly": {
      "auroc": 0.7724415764773489,
      "average_precision": 0.4148009340894791,
      "ece": 0.1907521753802459,
      "f1_at_0.5": 0.4864,
      "f1_at_tuned_threshold": 0.5021037868162692,
      "negative_count": 788,
      "positive_count": 212,
      "precision_at_0.5": 0.36803874092009686,
      "precision_at_tuned_threshold": 0.35728542914171657,
      "prevalence": 0.212,
      "recall_at_0.5": 0.7169811320754716,
      "recall_at_tuned_threshold": 0.8443396226415094,
      "threshold_used": 0.4102458953857422
    },
    "consolidation": {
      "auroc": 0.7746670702179177,
      "average_precision": 0.17566260403033798,
      "ece": 0.3043001139093886,
      "f1_at_0.5": 0.1898148148148148,
      "f1_at_tuned_threshold": 0.24896265560165978,
      "negative_count": 944,
      "positive_count": 56,
      "precision_at_0.5": 0.10904255319148937,
      "precision_at_tuned_threshold": 0.16216216216216217,
      "prevalence": 0.056,
      "recall_at_0.5": 0.7321428571428571,
      "recall_at_tuned_threshold": 0.5357142857142857,
      "threshold_used": 0.6658520698547363
    },
    "edema": {
      "auroc": 0.8767190904139434,
      "average_precision": 0.48861297012224997,
      "ece": 0.21516227451110698,
      "f1_at_0.5": 0.5172413793103449,
      "f1_at_tuned_threshold": 0.543859649122807,
      "negative_count": 864,
      "positive_count": 136,
      "precision_at_0.5": 0.36585365853658536,
      "precision_at_tuned_threshold": 0.45145631067961167,
      "prevalence": 0.136,
      "recall_at_0.5": 0.8823529411764706,
      "recall_at_tuned_threshold": 0.6838235294117647,
      "threshold_used": 0.7498788237571716
    },
    "pleural_effusion": {
      "auroc": 0.8902679771505376,
      "average_precision": 0.7049254813150625,
      "ece": 0.1400399993629691,
      "f1_at_0.5": 0.6868381240544629,
      "f1_at_tuned_threshold": 0.6900958466453674,
      "negative_count": 744,
      "positive_count": 256,
      "precision_at_0.5": 0.5604938271604938,
      "precision_at_tuned_threshold": 0.5837837837837838,
      "prevalence": 0.256,
      "recall_at_0.5": 0.88671875,
      "recall_at_tuned_threshold": 0.84375,
      "threshold_used": 0.5537082552909851
    },
    "pneumonia": {
      "auroc": 0.7205333333333334,
      "average_precision": 0.17057018378970612,
      "ece": 0.34845900097848753,
      "f1_at_0.5": 0.2096069868995633,
      "f1_at_tuned_threshold": 0.25742574257425743,
      "negative_count": 925,
      "positive_count": 75,
      "precision_at_0.5": 0.12532637075718014,
      "precision_at_tuned_threshold": 0.17105263157894737,
      "prevalence": 0.075,
      "recall_at_0.5": 0.64,
      "recall_at_tuned_threshold": 0.52,
      "threshold_used": 0.619486927986145
    },
    "pneumothorax": {
      "auroc": 0.8168058455114823,
      "average_precision": 0.2997487335104881,
      "ece": 0.2588476518675179,
      "f1_at_0.5": 0.19787985865724383,
      "f1_at_tuned_threshold": 0.3939393939393939,
      "negative_count": 958,
      "positive_count": 42,
      "precision_at_0.5": 0.11618257261410789,
      "precision_at_tuned_threshold": 0.5416666666666666,
      "prevalence": 0.042,
      "recall_at_0.5": 0.6666666666666666,
      "recall_at_tuned_threshold": 0.30952380952380953,
      "threshold_used": 0.923133134841919
    }
  },
  "loss": 0.9267843880653381,
  "macro": {
    "auroc": 0.8048178492462591,
    "average_precision": 0.3855695293413758,
    "ece": 0.23983687655245575,
    "f1_at_0.5": 0.3959048279021968,
    "f1_at_tuned_thresholds": 0.4469563952867782
  },
  "num_examples": 1000,
  "split_alias": "target_val",
  "valid_label_counts": {
    "macro_auroc": 7,
    "macro_average_precision": 7
  }
}