{
  "brier_score": 0.1339173593691417,
  "label_metrics": {
    "0": {
      "auprc": 0.757214932932907,
      "auroc": 0.8614448051948052,
      "brier": 0.2135191410779953,
      "ece": 0.19978275334733164
    },
    "1": {
      "auprc": 0.5844566841603045,
      "auroc": 0.7393692416725727,
      "brier": 0.23899732530117035,
      "ece": 0.23135952546428412
    },
    "2": {
      "auprc": 0.5302025196142166,
      "auroc": 0.9050203527815468,
      "brier": 0.10826631635427475,
      "ece": 0.0760160708306437
    },
    "3": {
      "auprc": 0.6476645258057233,
      "auroc": 0.8617283950617284,
      "brier": 0.18433108925819397,
      "ece": 0.18230785988271236
    },
    "4": {
      "auprc": 0.8215326987886271,
      "auroc": 0.9042809902582893,
      "brier": 0.12559926509857178,
      "ece": 0.08918859976001528
    },
    "5": {
      "auprc": 0.33352054531490016,
      "auroc": 0.8993362831858407,
      "brier": 0.03320983797311783,
      "ece": 0.027341996319592
    },
    "6": {
      "auprc": 0.12121960206337509,
      "auroc": 0.7793141592920354,
      "brier": 0.03349854052066803,
      "ece": 0.02833343958720947
    }
  },
  "macro_auprc": 0.5422587869542933,
  "macro_auroc": 0.8500706039209742,
  "macro_ece": 0.11919003502739836,
  "micro_auprc": 0.5655774622481161,
  "micro_auroc": 0.7980426677965524,
  "num_examples": 234,
  "prediction_artifact": "/workspace/paper_v1/outputs/stage0_nih_current/20260420T072208Z__stage0_nih_current/metrics/d1_chexpert_test_predictions.npz",
  "valid_label_counts": {
    "brier_score": 7,
    "macro_auprc": 7,
    "macro_auroc": 7,
    "macro_ece": 7
  }
}
