{
  "brier_score": 0.13102626694100244,
  "label_metrics": {
    "0": {
      "auprc": 0.42861991042936454,
      "auroc": 0.6921225991359028,
      "brier": 0.1939118355512619,
      "ece": 0.08272308642430419
    },
    "1": {
      "auprc": 0.45794434188704536,
      "auroc": 0.7687291075370546,
      "brier": 0.18122774362564087,
      "ece": 0.1609583045714177
    },
    "2": {
      "auprc": 0.12501725166701647,
      "auroc": 0.66921387790953,
      "brier": 0.0739220380783081,
      "ece": 0.024311123542575794
    },
    "3": {
      "auprc": 0.4762170064736253,
      "auroc": 0.7914561511604026,
      "brier": 0.17804266512393951,
      "ece": 0.1716338310434797
    },
    "4": {
      "auprc": 0.8039887201495068,
      "auroc": 0.8545162262634383,
      "brier": 0.16579309105873108,
      "ece": 0.11334628726427372
    },
    "5": {
      "auprc": 0.12024705600939166,
      "auroc": 0.60286411813743,
      "brier": 0.07666993886232376,
      "ece": 0.06086847846280541
    },
    "6": {
      "auprc": 0.17691438503732207,
      "auroc": 0.7621127702250947,
      "brier": 0.04761655628681183,
      "ece": 0.015694055298464536
    }
  },
  "macro_auprc": 0.36984981023618174,
  "macro_auroc": 0.7344306929098361,
  "macro_ece": 0.0899335952296173,
  "micro_auprc": 0.5133100523227356,
  "micro_auroc": 0.7711974732128298,
  "num_examples": 676,
  "prediction_artifact": "/workspace/paper_v1/outputs/stage0_nih_current/20260420T072208Z__stage0_nih_current/metrics/d2_mimic_test_predictions.npz",
  "valid_label_counts": {
    "brier_score": 7,
    "macro_auprc": 7,
    "macro_auroc": 7,
    "macro_ece": 7
  }
}
