{
  "diagnostic_macro_f1_at_tuned_thresholds": 0.19559538684939484,
  "macro_auroc": 0.6832306876809667,
  "macro_average_precision": 0.12716345356630807,
  "macro_ece": 0.009080391678429129,
  "macro_f1_at_0.5": 0.013448715238841167,
  "per_label": {
    "atelectasis": {
      "auroc": 0.7042723906079269,
      "average_precision": 0.21484221377904372,
      "ece": 0.007812177313455011,
      "f1_at_0.5": 0.0,
      "f1_at_tuned_threshold": 0.29753265602322204,
      "positive_count": 1152,
      "threshold": 0.13979795575141907
    },
    "cardiomegaly": {
      "auroc": 0.6687021624478314,
      "average_precision": 0.07575281912491852,
      "ece": 0.009600772992824424,
      "f1_at_0.5": 0.0,
      "f1_at_tuned_threshold": 0.16331360946745563,
      "positive_count": 303,
      "threshold": 0.06020094454288483
    },
    "consolidation": {
      "auroc": 0.7304673736677232,
      "average_precision": 0.09231691965530867,
      "ece": 0.012201178925861826,
      "f1_at_0.5": 0.0,
      "f1_at_tuned_threshold": 0.16613418530351437,
      "positive_count": 454,
      "threshold": 0.11998020112514496
    },
    "edema": {
      "auroc": 0.8168577471581222,
      "average_precision": 0.10564114818983278,
      "ece": 0.004895100476306085,
      "f1_at_0.5": 0.0,
      "f1_at_tuned_threshold": 0.1935483870967742,
      "positive_count": 253,
      "threshold": 0.0999472588300705
    },
    "emphysema": {
      "auroc": 0.7479781190826846,
      "average_precision": 0.0806533352082551,
      "ece": 0.007074497881700664,
      "f1_at_0.5": 0.0,
      "f1_at_tuned_threshold": 0.18487394957983194,
      "positive_count": 194,
      "threshold": 0.14017519354820251
    },
    "fibrosis": {
      "auroc": 0.6086826905800858,
      "average_precision": 0.03421313656862345,
      "ece": 0.0018955050756033645,
      "f1_at_0.5": 0.0,
      "f1_at_tuned_threshold": 0.08695652173913042,
      "positive_count": 158,
      "threshold": 0.09977322071790695
    },
    "hernia": {
      "auroc": 0.5526978859390363,
      "average_precision": 0.0041959282978330055,
      "ece": 0.001119486475068678,
      "f1_at_0.5": 0.0,
      "f1_at_tuned_threshold": 0.014787430683918669,
      "positive_count": 32,
      "threshold": 0.01995968073606491
    },
    "infiltration": {
      "auroc": 0.6709776809481915,
      "average_precision": 0.32309235784272006,
      "ece": 0.02048667257282943,
      "f1_at_0.5": 0.10386151797603195,
      "f1_at_tuned_threshold": 0.38086087624903914,
      "positive_count": 2014,
      "threshold": 0.20051832497119904
    },
    "mass": {
      "auroc": 0.6554272851981374,
      "average_precision": 0.11413236286151271,
      "ece": 0.009758201285224463,
      "f1_at_0.5": 0.0,
      "f1_at_tuned_threshold": 0.19695193434935518,
      "positive_count": 584,
      "threshold": 0.10003476589918137
    },
    "nodule": {
      "auroc": 0.5612227971542301,
      "average_precision": 0.08672884307270029,
      "ece": 0.020636456880171582,
      "f1_at_0.5": 0.0,
      "f1_at_tuned_threshold": 0.13621794871794873,
      "positive_count": 660,
      "threshold": 0.08033118396997452
    },
    "pleural_effusion": {
      "auroc": 0.7871442311000116,
      "average_precision": 0.3649624698783306,
      "ece": 0.015974081261095934,
      "f1_at_0.5": 0.06504065040650407,
      "f1_at_tuned_threshold": 0.4218181818181818,
      "positive_count": 1390,
      "threshold": 0.18024210631847382
    },
    "pleural_thickening": {
      "auroc": 0.6300337566259986,
      "average_precision": 0.05279396885969948,
      "ece": 0.006519280836432417,
      "f1_at_0.5": 0.0,
      "f1_at_tuned_threshold": 0.11858608893956672,
      "positive_count": 309,
      "threshold": 0.08048709481954575
    },
    "pneumonia": {
      "auroc": 0.6410997254830645,
      "average_precision": 0.03433887199327889,
      "ece": 0.0012918978359054481,
      "f1_at_0.5": 0.0,
      "f1_at_tuned_threshold": 0.10120481927710843,
      "positive_count": 146,
      "threshold": 0.06029517948627472
    },
    "pneumothorax": {
      "auroc": 0.7896657815404899,
      "average_precision": 0.1966239745962556,
      "ece": 0.007860173685528483,
      "f1_at_0.5": 0.019379844961240306,
      "f1_at_tuned_threshold": 0.27554882664647995,
      "positive_count": 504,
      "threshold": 0.16012631356716156
    }
  },
  "thresholds": {
    "atelectasis": {
      "best_f1": 0.29753265602322204,
      "prevalence": 0.10268294856939121,
      "threshold": 0.13979795575141907
    },
    "cardiomegaly": {
      "best_f1": 0.16331360946745563,
      "prevalence": 0.027007754701845084,
      "threshold": 0.06020094454288483
    },
    "consolidation": {
      "best_f1": 0.16613418530351437,
      "prevalence": 0.04046706480078438,
      "threshold": 0.11998020112514496
    },
    "edema": {
      "best_f1": 0.1935483870967742,
      "prevalence": 0.022551029503520812,
      "threshold": 0.0999472588300705
    },
    "emphysema": {
      "best_f1": 0.18487394957983194,
      "prevalence": 0.01729209376949817,
      "threshold": 0.14017519354820251
    },
    "fibrosis": {
      "best_f1": 0.08695652173913042,
      "prevalence": 0.014083251626704697,
      "threshold": 0.09977322071790695
    },
    "hernia": {
      "best_f1": 0.014787430683918669,
      "prevalence": 0.0028523041269275335,
      "threshold": 0.01995968073606491
    },
    "infiltration": {
      "best_f1": 0.38086087624903914,
      "prevalence": 0.17951689098850165,
      "threshold": 0.20051832497119904
    },
    "mass": {
      "best_f1": 0.19695193434935518,
      "prevalence": 0.052054550316427486,
      "threshold": 0.10003476589918137
    },
    "nodule": {
      "best_f1": 0.13621794871794873,
      "prevalence": 0.05882877261788038,
      "threshold": 0.08033118396997452
    },
    "pleural_effusion": {
      "best_f1": 0.4218181818181818,
      "prevalence": 0.12389696051341474,
      "threshold": 0.18024210631847382
    },
    "pleural_thickening": {
      "best_f1": 0.11858608893956672,
      "prevalence": 0.027542561725643996,
      "threshold": 0.08048709481954575
    },
    "pneumonia": {
      "best_f1": 0.10120481927710843,
      "prevalence": 0.013013637579106872,
      "threshold": 0.06029517948627472
    },
    "pneumothorax": {
      "best_f1": 0.27554882664647995,
      "prevalence": 0.044923789999108656,
      "threshold": 0.16012631356716156
    }
  }
}