{
  "label_metrics": {
    "atelectasis": {
      "auroc": 0.8599837662337663,
      "average_precision": 0.7717232305917354,
      "ece": 0.06680145298037121,
      "f1_at_0.5": 0.6285714285714286,
      "f1_at_tuned_threshold": 0.6029411764705882,
      "negative_count": 154,
      "positive_count": 80,
      "precision_at_0.5": 0.7333333333333333,
      "precision_at_tuned_threshold": 0.7321428571428571,
      "prevalence": 0.3418803418803419,
      "recall_at_0.5": 0.55,
      "recall_at_tuned_threshold": 0.5125,
      "threshold_used": 0.5386353135108948
    },
    "cardiomegaly": {
      "auroc": 0.8160878809355068,
      "average_precision": 0.6627990557973468,
      "ece": 0.12420838138909591,
      "f1_at_0.5": 0.5555555555555555,
      "f1_at_tuned_threshold": 0.583941605839416,
      "negative_count": 166,
      "positive_count": 68,
      "precision_at_0.5": 0.603448275862069,
      "precision_at_tuned_threshold": 0.5797101449275363,
      "prevalence": 0.2905982905982906,
      "recall_at_0.5": 0.5147058823529411,
      "recall_at_tuned_threshold": 0.5882352941176471,
      "threshold_used": 0.45615628361701965
    },
    "consolidation": {
      "auroc": 0.8860244233378561,
      "average_precision": 0.49350936763921915,
      "ece": 0.1263140370192205,
      "f1_at_0.5": 0.3137254901960784,
      "f1_at_tuned_threshold": 0.15384615384615385,
      "negative_count": 201,
      "positive_count": 33,
      "precision_at_0.5": 0.4444444444444444,
      "precision_at_tuned_threshold": 0.5,
      "prevalence": 0.14102564102564102,
      "recall_at_0.5": 0.24242424242424243,
      "recall_at_tuned_threshold": 0.09090909090909091,
      "threshold_used": 0.6712565422058105
    },
    "edema": {
      "auroc": 0.8907701352145797,
      "average_precision": 0.6830097303888144,
      "ece": 0.1905283751718607,
      "f1_at_0.5": 0.6,
      "f1_at_tuned_threshold": 0.5866666666666667,
      "negative_count": 189,
      "positive_count": 45,
      "precision_at_0.5": 0.48,
      "precision_at_tuned_threshold": 0.7333333333333333,
      "prevalence": 0.19230769230769232,
      "recall_at_0.5": 0.8,
      "recall_at_tuned_threshold": 0.4888888888888889,
      "threshold_used": 0.7249047160148621
    },
    "pleural_effusion": {
      "auroc": 0.9222450621145768,
      "average_precision": 0.8425421422707163,
      "ece": 0.08131247348897232,
      "f1_at_0.5": 0.703125,
      "f1_at_tuned_threshold": 0.6610169491525423,
      "negative_count": 167,
      "positive_count": 67,
      "precision_at_0.5": 0.7377049180327869,
      "precision_at_tuned_threshold": 0.7647058823529411,
      "prevalence": 0.2863247863247863,
      "recall_at_0.5": 0.6716417910447762,
      "recall_at_tuned_threshold": 0.582089552238806,
      "threshold_used": 0.5695432424545288
    },
    "pneumonia": {
      "auroc": 0.6144911504424779,
      "average_precision": 0.06420379122332825,
      "ece": 0.28372532797322236,
      "f1_at_0.5": 0.12121212121212122,
      "f1_at_tuned_threshold": 0.0,
      "negative_count": 226,
      "positive_count": 8,
      "precision_at_0.5": 0.08,
      "precision_at_tuned_threshold": 0.0,
      "prevalence": 0.03418803418803419,
      "recall_at_0.5": 0.25,
      "recall_at_tuned_threshold": 0.0,
      "threshold_used": 0.7211882472038269
    },
    "pneumothorax": {
      "auroc": 0.6637168141592921,
      "average_precision": 0.10116182342749153,
      "ece": 0.32309165444591353,
      "f1_at_0.5": 0.14705882352941174,
      "f1_at_tuned_threshold": 0.0,
      "negative_count": 226,
      "positive_count": 8,
      "precision_at_0.5": 0.08333333333333333,
      "precision_at_tuned_threshold": 0.0,
      "prevalence": 0.03418803418803419,
      "recall_at_0.5": 0.625,
      "recall_at_tuned_threshold": 0.0,
      "threshold_used": 0.9243908524513245
    }
  },
  "loss": 1.1952823400497437,
  "macro": {
    "auroc": 0.8076170332054365,
    "average_precision": 0.5169927344769503,
    "ece": 0.17085452892409378,
    "f1_at_0.5": 0.4384640598663707,
    "f1_at_tuned_thresholds": 0.36977322171076665
  },
  "num_examples": 234,
  "split_alias": "d1_test",
  "valid_label_counts": {
    "macro_auroc": 7,
    "macro_average_precision": 7
  }
}