{
  "label_metrics": {
    "atelectasis": {
      "auroc": 0.6111548005344531,
      "average_precision": 0.22080713929857476,
      "ece": 0.2483170086832707,
      "f1_at_0.5": 0.2846580406654344,
      "f1_at_tuned_threshold": 0.2751540041067762,
      "negative_count": 845,
      "positive_count": 155,
      "precision_at_0.5": 0.19948186528497408,
      "precision_at_tuned_threshold": 0.20180722891566266,
      "prevalence": 0.155,
      "recall_at_0.5": 0.4967741935483871,
      "recall_at_tuned_threshold": 0.432258064516129,
      "threshold_used": 0.5386353135108948
    },
    "cardiomegaly": {
      "auroc": 0.7918439617691502,
      "average_precision": 0.3597877770086847,
      "ece": 0.2750885894968642,
      "f1_at_0.5": 0.3798627002288329,
      "f1_at_tuned_threshold": 0.36149312377210213,
      "negative_count": 877,
      "positive_count": 123,
      "precision_at_0.5": 0.2643312101910828,
      "precision_at_tuned_threshold": 0.23834196891191708,
      "prevalence": 0.123,
      "recall_at_0.5": 0.6747967479674797,
      "recall_at_tuned_threshold": 0.7479674796747967,
      "threshold_used": 0.45615628361701965
    },
    "consolidation": {
      "auroc": 0.6958312294875032,
      "average_precision": 0.13402346328203008,
      "ece": 0.23404072932494846,
      "f1_at_0.5": 0.23529411764705885,
      "f1_at_tuned_threshold": 0.06666666666666667,
      "negative_count": 932,
      "positive_count": 68,
      "precision_at_0.5": 0.16470588235294117,
      "precision_at_tuned_threshold": 0.13636363636363635,
      "prevalence": 0.068,
      "recall_at_0.5": 0.4117647058823529,
      "recall_at_tuned_threshold": 0.04411764705882353,
      "threshold_used": 0.6712565422058105
    },
    "edema": {
      "auroc": 0.7676393981120494,
      "average_precision": 0.4509362722079089,
      "ece": 0.21885941669997377,
      "f1_at_0.5": 0.5209580838323353,
      "f1_at_tuned_threshold": 0.43705463182897863,
      "negative_count": 763,
      "positive_count": 237,
      "precision_at_0.5": 0.4037122969837587,
      "precision_at_tuned_threshold": 0.5,
      "prevalence": 0.237,
      "recall_at_0.5": 0.7341772151898734,
      "recall_at_tuned_threshold": 0.3881856540084388,
      "threshold_used": 0.7249047160148621
    },
    "pleural_effusion": {
      "auroc": 0.8319057906195676,
      "average_precision": 0.7562219826785607,
      "ece": 0.03233607221457838,
      "f1_at_0.5": 0.6887417218543045,
      "f1_at_tuned_threshold": 0.668555240793201,
      "negative_count": 614,
      "positive_count": 386,
      "precision_at_0.5": 0.7046070460704607,
      "precision_at_tuned_threshold": 0.7375,
      "prevalence": 0.386,
      "recall_at_0.5": 0.6735751295336787,
      "recall_at_tuned_threshold": 0.6113989637305699,
      "threshold_used": 0.5695432424545288
    },
    "pneumonia": {
      "auroc": 0.6069214876033058,
      "average_precision": 0.0566035742750769,
      "ece": 0.3001960735900834,
      "f1_at_0.5": 0.08187134502923975,
      "f1_at_tuned_threshold": 0.0,
      "negative_count": 968,
      "positive_count": 32,
      "precision_at_0.5": 0.050359712230215826,
      "precision_at_tuned_threshold": 0.0,
      "prevalence": 0.032,
      "recall_at_0.5": 0.21875,
      "recall_at_tuned_threshold": 0.0,
      "threshold_used": 0.7211882472038269
    },
    "pneumothorax": {
      "auroc": 0.7544246969005538,
      "average_precision": 0.3785720330991344,
      "ece": 0.34950034667735425,
      "f1_at_0.5": 0.2630480167014614,
      "f1_at_tuned_threshold": 0.2631578947368421,
      "negative_count": 911,
      "positive_count": 89,
      "precision_at_0.5": 0.16153846153846155,
      "precision_at_tuned_threshold": 0.6,
      "prevalence": 0.089,
      "recall_at_0.5": 0.7078651685393258,
      "recall_at_tuned_threshold": 0.16853932584269662,
      "threshold_used": 0.9243908524513245
    }
  },
  "loss": 1.1881149911880493,
  "macro": {
    "auroc": 0.7228173378609404,
    "average_precision": 0.33670746312142436,
    "ece": 0.2369054623838676,
    "f1_at_0.5": 0.3506334322798096,
    "f1_at_tuned_thresholds": 0.2960116517006524
  },
  "num_examples": 1000,
  "split_alias": "d1_val",
  "valid_label_counts": {
    "macro_auroc": 7,
    "macro_average_precision": 7
  }
}