{
  "label_metrics": {
    "atelectasis": {
      "auroc": 0.7820347573770696,
      "average_precision": 0.4430255527067549,
      "ece": 0.2196742802423211,
      "f1_at_0.5": 0.4859504132231404,
      "f1_at_tuned_threshold": 0.49295774647887325,
      "negative_count": 799,
      "positive_count": 201,
      "precision_at_0.5": 0.36386138613861385,
      "precision_at_tuned_threshold": 0.3814713896457766,
      "prevalence": 0.201,
      "recall_at_0.5": 0.7313432835820896,
      "recall_at_tuned_threshold": 0.6965174129353234,
      "threshold_used": 0.5386353135108948
    },
    "cardiomegaly": {
      "auroc": 0.7726271429939661,
      "average_precision": 0.4151228300160079,
      "ece": 0.18979813457842887,
      "f1_at_0.5": 0.48874598070739556,
      "f1_at_tuned_threshold": 0.5007587253414264,
      "negative_count": 788,
      "positive_count": 212,
      "precision_at_0.5": 0.37073170731707317,
      "precision_at_tuned_threshold": 0.3691275167785235,
      "prevalence": 0.212,
      "recall_at_0.5": 0.7169811320754716,
      "recall_at_tuned_threshold": 0.7783018867924528,
      "threshold_used": 0.45615628361701965
    },
    "consolidation": {
      "auroc": 0.7749697336561744,
      "average_precision": 0.17869454705645,
      "ece": 0.3073075067251092,
      "f1_at_0.5": 0.19047619047619047,
      "f1_at_tuned_threshold": 0.2510460251046025,
      "negative_count": 944,
      "positive_count": 56,
      "precision_at_0.5": 0.10909090909090909,
      "precision_at_tuned_threshold": 0.16393442622950818,
      "prevalence": 0.056,
      "recall_at_0.5": 0.75,
      "recall_at_tuned_threshold": 0.5357142857142857,
      "threshold_used": 0.6712565422058105
    },
    "edema": {
      "auroc": 0.8763616557734205,
      "average_precision": 0.4879675964979639,
      "ece": 0.212249378479606,
      "f1_at_0.5": 0.5173913043478261,
      "f1_at_tuned_threshold": 0.5485714285714286,
      "negative_count": 864,
      "positive_count": 136,
      "precision_at_0.5": 0.36728395061728397,
      "precision_at_tuned_threshold": 0.4485981308411215,
      "prevalence": 0.136,
      "recall_at_0.5": 0.875,
      "recall_at_tuned_threshold": 0.7058823529411765,
      "threshold_used": 0.7249047160148621
    },
    "pleural_effusion": {
      "auroc": 0.8895276797715054,
      "average_precision": 0.7023612413799658,
      "ece": 0.14029792105341365,
      "f1_at_0.5": 0.6838124054462935,
      "f1_at_tuned_threshold": 0.6881028938906752,
      "negative_count": 744,
      "positive_count": 256,
      "precision_at_0.5": 0.5580246913580247,
      "precision_at_tuned_threshold": 0.5846994535519126,
      "prevalence": 0.256,
      "recall_at_0.5": 0.8828125,
      "recall_at_tuned_threshold": 0.8359375,
      "threshold_used": 0.5695432424545288
    },
    "pneumonia": {
      "auroc": 0.7194666666666667,
      "average_precision": 0.1716666712036721,
      "ece": 0.34451849067414203,
      "f1_at_0.5": 0.21029082774049218,
      "f1_at_tuned_threshold": 0.2543352601156069,
      "negative_count": 925,
      "positive_count": 75,
      "precision_at_0.5": 0.12634408602150538,
      "precision_at_tuned_threshold": 0.22448979591836735,
      "prevalence": 0.075,
      "recall_at_0.5": 0.6266666666666667,
      "recall_at_tuned_threshold": 0.29333333333333333,
      "threshold_used": 0.7211882472038269
    },
    "pneumothorax": {
      "auroc": 0.8175762998309971,
      "average_precision": 0.2997161211047296,
      "ece": 0.25665936706916,
      "f1_at_0.5": 0.20216606498194947,
      "f1_at_tuned_threshold": 0.3939393939393939,
      "negative_count": 958,
      "positive_count": 42,
      "precision_at_0.5": 0.11914893617021277,
      "precision_at_tuned_threshold": 0.5416666666666666,
      "prevalence": 0.042,
      "recall_at_0.5": 0.6666666666666666,
      "recall_at_tuned_threshold": 0.30952380952380953,
      "threshold_used": 0.9243908524513245
    }
  },
  "loss": 0.927078974723816,
  "macro": {
    "auroc": 0.8046519908671143,
    "average_precision": 0.385507794280792,
    "ece": 0.238643582688883,
    "f1_at_0.5": 0.3969761695604697,
    "f1_at_tuned_thresholds": 0.4471016390631438
  },
  "num_examples": 1000,
  "split_alias": "target_val",
  "valid_label_counts": {
    "macro_auroc": 7,
    "macro_average_precision": 7
  }
}