{
  "brier_score": 0.1056231004851205,
  "label_metrics": {
    "0": {
      "auprc": 0.7840689358876991,
      "auroc": 0.8642045454545455,
      "brier": 0.18616150319576263,
      "ece": 0.15815457926155665
    },
    "1": {
      "auprc": 0.6731237413882494,
      "auroc": 0.8358433734939759,
      "brier": 0.16784247756004333,
      "ece": 0.11479125458460587
    },
    "2": {
      "auprc": 0.5448177061602959,
      "auroc": 0.9101462385044474,
      "brier": 0.10482493042945862,
      "ece": 0.09097133283941156
    },
    "3": {
      "auprc": 0.6907483780153054,
      "auroc": 0.874074074074074,
      "brier": 0.10868706554174423,
      "ece": 0.06762802246639617
    },
    "4": {
      "auprc": 0.8431465197588487,
      "auroc": 0.9226025560818663,
      "brier": 0.10616962611675262,
      "ece": 0.07182317647016329
    },
    "5": {
      "auprc": 0.1060687602429384,
      "auroc": 0.769358407079646,
      "brier": 0.03246341273188591,
      "ece": 0.013878569627801578
    },
    "6": {
      "auprc": 0.12211853790863224,
      "auroc": 0.7533185840707965,
      "brier": 0.03321268782019615,
      "ece": 0.017881136156745955
    }
  },
  "macro_auprc": 0.5377275113374241,
  "macro_auroc": 0.8470782541084788,
  "macro_ece": 0.07644686734381156,
  "micro_auprc": 0.6856716161579128,
  "micro_auroc": 0.8946357214344679,
  "num_examples": 234,
  "prediction_artifact": "/workspace/paper_v1/outputs/nih_to_chexpert_to_mimic/20260420T164756Z__nih_to_chexpert_to_mimic_harder_gate_only/20260420T164800Z__lwf/metrics/d1_chexpert_test_predictions.npz",
  "valid_label_counts": {
    "brier_score": 7,
    "macro_auprc": 7,
    "macro_auroc": 7,
    "macro_ece": 7
  }
}
