{
  "brier_score": 0.06778268755546638,
  "label_metrics": {
    "0": {
      "auprc": 0.29179678052371394,
      "auroc": 0.7876660064291976,
      "brier": 0.10009191185235977,
      "ece": 0.11569495119620113
    },
    "1": {
      "auprc": 0.22329787402346465,
      "auroc": 0.8540667306257328,
      "brier": 0.02805112861096859,
      "ece": 0.04413849589135498
    },
    "2": {
      "auprc": 0.17784097841027288,
      "auroc": 0.7926879465015703,
      "brier": 0.04358327388763428,
      "ece": 0.029469626169651743
    },
    "3": {
      "auprc": 0.20376900996702885,
      "auroc": 0.8943684567028317,
      "brier": 0.12077787518501282,
      "ece": 0.20240203222027048
    },
    "4": {
      "auprc": 0.48882563109776145,
      "auroc": 0.8630532765949359,
      "brier": 0.10464785993099213,
      "ece": 0.09487046989426018
    },
    "5": {
      "auprc": 0.05284608357590775,
      "auroc": 0.7736525644740655,
      "brier": 0.027894344180822372,
      "ece": 0.07842283110064455
    },
    "6": {
      "auprc": 0.2511197113795593,
      "auroc": 0.8472520594752778,
      "brier": 0.0494324192404747,
      "ece": 0.047192260637879374
    }
  },
  "macro_auprc": 0.24135658128252985,
  "macro_auroc": 0.830392434400516,
  "macro_ece": 0.08745580958718036,
  "micro_auprc": 0.25940745784402264,
  "micro_auroc": 0.8366775916939793,
  "num_examples": 2000,
  "prediction_artifact": "/workspace/paper_v1/outputs/nih_to_chexpert/20260420T091540Z__nih_to_chexpert/20260420T091544Z__finetune_seq/metrics/d0_nih_test_predictions.npz",
  "valid_label_counts": {
    "brier_score": 7,
    "macro_auprc": 7,
    "macro_auroc": 7,
    "macro_ece": 7
  }
}
