{
  "label_metrics": {
    "atelectasis": {
      "auroc": 0.6206604313800343,
      "average_precision": 0.22924488994574366,
      "ece": 0.2594840289510074,
      "f1_at_0.5": 0.2767527675276753,
      "f1_at_tuned_threshold": 0.2876480541455161,
      "negative_count": 845,
      "positive_count": 155,
      "precision_at_0.5": 0.1937984496124031,
      "precision_at_tuned_threshold": 0.19495412844036697,
      "prevalence": 0.155,
      "recall_at_0.5": 0.4838709677419355,
      "recall_at_tuned_threshold": 0.5483870967741935,
      "threshold_used": 0.4688306152820587
    },
    "cardiomegaly": {
      "auroc": 0.8009566982784994,
      "average_precision": 0.395890208408806,
      "ece": 0.35674576100180744,
      "f1_at_0.5": 0.3475298126064736,
      "f1_at_tuned_threshold": 0.3275590551181102,
      "negative_count": 877,
      "positive_count": 123,
      "precision_at_0.5": 0.21982758620689655,
      "precision_at_tuned_threshold": 0.203125,
      "prevalence": 0.123,
      "recall_at_0.5": 0.8292682926829268,
      "recall_at_tuned_threshold": 0.8455284552845529,
      "threshold_used": 0.4734208285808563
    },
    "consolidation": {
      "auroc": 0.697061979298157,
      "average_precision": 0.1323201358176787,
      "ece": 0.2873512024574708,
      "f1_at_0.5": 0.22442244224422442,
      "f1_at_tuned_threshold": 0.048192771084337345,
      "negative_count": 932,
      "positive_count": 68,
      "precision_at_0.5": 0.14468085106382977,
      "precision_at_tuned_threshold": 0.13333333333333333,
      "prevalence": 0.068,
      "recall_at_0.5": 0.5,
      "recall_at_tuned_threshold": 0.029411764705882353,
      "threshold_used": 0.7327401638031006
    },
    "edema": {
      "auroc": 0.775945496070917,
      "average_precision": 0.47027253352575776,
      "ece": 0.18393497448767895,
      "f1_at_0.5": 0.5278688524590165,
      "f1_at_tuned_threshold": 0.5,
      "negative_count": 763,
      "positive_count": 237,
      "precision_at_0.5": 0.4316353887399464,
      "precision_at_tuned_threshold": 0.5205479452054794,
      "prevalence": 0.237,
      "recall_at_0.5": 0.679324894514768,
      "recall_at_tuned_threshold": 0.4810126582278481,
      "threshold_used": 0.6501749157905579
    },
    "pleural_effusion": {
      "auroc": 0.834129381782586,
      "average_precision": 0.7641479901755573,
      "ece": 0.07796372807042516,
      "f1_at_0.5": 0.7101449275362319,
      "f1_at_tuned_threshold": 0.6758620689655173,
      "negative_count": 614,
      "positive_count": 386,
      "precision_at_0.5": 0.665158371040724,
      "precision_at_tuned_threshold": 0.7227138643067846,
      "prevalence": 0.386,
      "recall_at_0.5": 0.7616580310880829,
      "recall_at_tuned_threshold": 0.6347150259067358,
      "threshold_used": 0.618973433971405
    },
    "pneumonia": {
      "auroc": 0.6195118801652892,
      "average_precision": 0.05695075179842464,
      "ece": 0.28010539655202765,
      "f1_at_0.5": 0.11188811188811189,
      "f1_at_tuned_threshold": 0.0425531914893617,
      "negative_count": 968,
      "positive_count": 32,
      "precision_at_0.5": 0.07207207207207207,
      "precision_at_tuned_threshold": 0.06666666666666667,
      "prevalence": 0.032,
      "recall_at_0.5": 0.25,
      "recall_at_tuned_threshold": 0.03125,
      "threshold_used": 0.678989827632904
    },
    "pneumothorax": {
      "auroc": 0.7679547108375782,
      "average_precision": 0.4022948786619239,
      "ece": 0.34919892199866304,
      "f1_at_0.5": 0.2711864406779661,
      "f1_at_tuned_threshold": 0.25688073394495414,
      "negative_count": 911,
      "positive_count": 89,
      "precision_at_0.5": 0.1671018276762402,
      "precision_at_tuned_threshold": 0.7,
      "prevalence": 0.089,
      "recall_at_0.5": 0.7191011235955056,
      "recall_at_tuned_threshold": 0.15730337078651685,
      "threshold_used": 0.9167730808258057
    }
  },
  "loss": 1.1552916059494018,
  "macro": {
    "auroc": 0.7308886539732945,
    "average_precision": 0.3501601983334131,
    "ece": 0.2563977162170115,
    "f1_at_0.5": 0.3528276221342429,
    "f1_at_tuned_thresholds": 0.3055279821068281
  },
  "num_examples": 1000,
  "split_alias": "d1_val",
  "valid_label_counts": {
    "macro_auroc": 7,
    "macro_average_precision": 7
  }
}