{
  "label_metrics": {
    "atelectasis": {
      "auroc": 0.702838259828036,
      "average_precision": 0.4542064884037886,
      "ece": 0.1887826091355583,
      "f1_at_0.5": 0.5257142857142858,
      "f1_at_tuned_threshold": 0.5345454545454545,
      "negative_count": 482,
      "positive_count": 194,
      "precision_at_0.5": 0.4169184290030212,
      "precision_at_tuned_threshold": 0.41292134831460675,
      "prevalence": 0.2869822485207101,
      "recall_at_0.5": 0.711340206185567,
      "recall_at_tuned_threshold": 0.7577319587628866,
      "threshold_used": 0.4688306152820587
    },
    "cardiomegaly": {
      "auroc": 0.7933396404919584,
      "average_precision": 0.4756473246170248,
      "ece": 0.29105890863603967,
      "f1_at_0.5": 0.5086705202312138,
      "f1_at_tuned_threshold": 0.4963235294117647,
      "negative_count": 525,
      "positive_count": 151,
      "precision_at_0.5": 0.358695652173913,
      "precision_at_tuned_threshold": 0.3435114503816794,
      "prevalence": 0.22337278106508876,
      "recall_at_0.5": 0.8741721854304636,
      "recall_at_tuned_threshold": 0.8940397350993378,
      "threshold_used": 0.4734208285808563
    },
    "consolidation": {
      "auroc": 0.7253989167032645,
      "average_precision": 0.1925068483367506,
      "ece": 0.3578987455952165,
      "f1_at_0.5": 0.22282608695652176,
      "f1_at_tuned_threshold": 0.25,
      "negative_count": 621,
      "positive_count": 55,
      "precision_at_0.5": 0.13099041533546327,
      "precision_at_tuned_threshold": 0.2653061224489796,
      "prevalence": 0.08136094674556213,
      "recall_at_0.5": 0.7454545454545455,
      "recall_at_tuned_threshold": 0.23636363636363636,
      "threshold_used": 0.7327401638031006
    },
    "edema": {
      "auroc": 0.8352023002669953,
      "average_precision": 0.5544246269068609,
      "ece": 0.2437826621718998,
      "f1_at_0.5": 0.5410628019323671,
      "f1_at_tuned_threshold": 0.5449101796407185,
      "negative_count": 541,
      "positive_count": 135,
      "precision_at_0.5": 0.4014336917562724,
      "precision_at_tuned_threshold": 0.457286432160804,
      "prevalence": 0.1997041420118343,
      "recall_at_0.5": 0.8296296296296296,
      "recall_at_tuned_threshold": 0.674074074074074,
      "threshold_used": 0.6501749157905579
    },
    "pleural_effusion": {
      "auroc": 0.8668560415772312,
      "average_precision": 0.8250009405198295,
      "ece": 0.13297230464347887,
      "f1_at_0.5": 0.7413249211356466,
      "f1_at_tuned_threshold": 0.7473309608540926,
      "negative_count": 407,
      "positive_count": 269,
      "precision_at_0.5": 0.6438356164383562,
      "precision_at_tuned_threshold": 0.7167235494880546,
      "prevalence": 0.3979289940828402,
      "recall_at_0.5": 0.8736059479553904,
      "recall_at_tuned_threshold": 0.7806691449814126,
      "threshold_used": 0.618973433971405
    },
    "pneumonia": {
      "auroc": 0.7066214124091937,
      "average_precision": 0.17657387531906543,
      "ece": 0.348564147815632,
      "f1_at_0.5": 0.22429906542056074,
      "f1_at_tuned_threshold": 0.22857142857142856,
      "negative_count": 622,
      "positive_count": 54,
      "precision_at_0.5": 0.1348314606741573,
      "precision_at_tuned_threshold": 0.18604651162790697,
      "prevalence": 0.07988165680473373,
      "recall_at_0.5": 0.6666666666666666,
      "recall_at_tuned_threshold": 0.2962962962962963,
      "threshold_used": 0.678989827632904
    },
    "pneumothorax": {
      "auroc": 0.8075328727434812,
      "average_precision": 0.233439446628383,
      "ece": 0.3493562920417027,
      "f1_at_0.5": 0.20392156862745098,
      "f1_at_tuned_threshold": 0.11320754716981132,
      "negative_count": 641,
      "positive_count": 35,
      "precision_at_0.5": 0.11818181818181818,
      "precision_at_tuned_threshold": 0.16666666666666666,
      "prevalence": 0.051775147928994084,
      "recall_at_0.5": 0.7428571428571429,
      "recall_at_tuned_threshold": 0.08571428571428572,
      "threshold_used": 0.9167730808258057
    }
  },
  "loss": 1.0978795579199254,
  "macro": {
    "auroc": 0.7768270634314515,
    "average_precision": 0.4159713643902433,
    "ece": 0.27320223857707543,
    "f1_at_0.5": 0.4239741785740067,
    "f1_at_tuned_thresholds": 0.4164127285990386
  },
  "num_examples": 676,
  "split_alias": "target_test",
  "valid_label_counts": {
    "macro_auroc": 7,
    "macro_average_precision": 7
  }
}