{
  "label_metrics": {
    "atelectasis": {
      "auroc": 0.7765428178257648,
      "average_precision": 0.44557753418634793,
      "ece": 0.21512031505123141,
      "f1_at_0.5": 0.4827586206896552,
      "f1_at_tuned_threshold": 0.48064516129032253,
      "negative_count": 799,
      "positive_count": 201,
      "precision_at_0.5": 0.36939313984168864,
      "precision_at_tuned_threshold": 0.3556085918854415,
      "prevalence": 0.201,
      "recall_at_0.5": 0.6965174129353234,
      "recall_at_tuned_threshold": 0.7412935323383084,
      "threshold_used": 0.4688306152820587
    },
    "cardiomegaly": {
      "auroc": 0.7666830284455511,
      "average_precision": 0.4212036307413398,
      "ece": 0.224129731985667,
      "f1_at_0.5": 0.4718417047184171,
      "f1_at_tuned_threshold": 0.48979591836734704,
      "negative_count": 788,
      "positive_count": 212,
      "precision_at_0.5": 0.34831460674157305,
      "precision_at_tuned_threshold": 0.35443037974683544,
      "prevalence": 0.212,
      "recall_at_0.5": 0.7311320754716981,
      "recall_at_tuned_threshold": 0.7924528301886793,
      "threshold_used": 0.4734208285808563
    },
    "consolidation": {
      "auroc": 0.7857332021791767,
      "average_precision": 0.17991389877747682,
      "ece": 0.32109680637536747,
      "f1_at_0.5": 0.1936936936936937,
      "f1_at_tuned_threshold": 0.2748091603053436,
      "negative_count": 944,
      "positive_count": 56,
      "precision_at_0.5": 0.11082474226804123,
      "precision_at_tuned_threshold": 0.24,
      "prevalence": 0.056,
      "recall_at_0.5": 0.7678571428571429,
      "recall_at_tuned_threshold": 0.32142857142857145,
      "threshold_used": 0.7327401638031006
    },
    "edema": {
      "auroc": 0.8760127314814815,
      "average_precision": 0.4907052763861918,
      "ece": 0.21937666879696138,
      "f1_at_0.5": 0.5,
      "f1_at_tuned_threshold": 0.5478036175710594,
      "negative_count": 864,
      "positive_count": 136,
      "precision_at_0.5": 0.35365853658536583,
      "precision_at_tuned_threshold": 0.42231075697211157,
      "prevalence": 0.136,
      "recall_at_0.5": 0.8529411764705882,
      "recall_at_tuned_threshold": 0.7794117647058824,
      "threshold_used": 0.6501749157905579
    },
    "pleural_effusion": {
      "auroc": 0.8922106014784946,
      "average_precision": 0.7165992503061339,
      "ece": 0.16694990601641152,
      "f1_at_0.5": 0.6814814814814814,
      "f1_at_tuned_threshold": 0.7004909983633387,
      "negative_count": 744,
      "positive_count": 256,
      "precision_at_0.5": 0.548926014319809,
      "precision_at_tuned_threshold": 0.6028169014084507,
      "prevalence": 0.256,
      "recall_at_0.5": 0.8984375,
      "recall_at_tuned_threshold": 0.8359375,
      "threshold_used": 0.618973433971405
    },
    "pneumonia": {
      "auroc": 0.7220036036036036,
      "average_precision": 0.1786308018671976,
      "ece": 0.2836952331713975,
      "f1_at_0.5": 0.22872340425531915,
      "f1_at_tuned_threshold": 0.2751322751322751,
      "negative_count": 925,
      "positive_count": 75,
      "precision_at_0.5": 0.14285714285714285,
      "precision_at_tuned_threshold": 0.22807017543859648,
      "prevalence": 0.075,
      "recall_at_0.5": 0.5733333333333334,
      "recall_at_tuned_threshold": 0.3466666666666667,
      "threshold_used": 0.678989827632904
    },
    "pneumothorax": {
      "auroc": 0.8140719753454618,
      "average_precision": 0.2936793264669159,
      "ece": 0.25331141856337475,
      "f1_at_0.5": 0.21686746987951808,
      "f1_at_tuned_threshold": 0.4307692307692308,
      "negative_count": 958,
      "positive_count": 42,
      "precision_at_0.5": 0.13043478260869565,
      "precision_at_tuned_threshold": 0.6086956521739131,
      "prevalence": 0.042,
      "recall_at_0.5": 0.6428571428571429,
      "recall_at_tuned_threshold": 0.3333333333333333,
      "threshold_used": 0.9167730808258057
    }
  },
  "loss": 0.9322330794334411,
  "macro": {
    "auroc": 0.8047511371942191,
    "average_precision": 0.38947281696165764,
    "ece": 0.24052572570863015,
    "f1_at_0.5": 0.3964809106740121,
    "f1_at_tuned_thresholds": 0.457063765971274
  },
  "num_examples": 1000,
  "split_alias": "target_val",
  "valid_label_counts": {
    "macro_auroc": 7,
    "macro_average_precision": 7
  }
}