{
  "brier_score": 0.06180306949785778,
  "label_metrics": {
    "0": {
      "auprc": 0.29141227362278166,
      "auroc": 0.7878094186663204,
      "brier": 0.09873052686452866,
      "ece": 0.11235767215676605
    },
    "1": {
      "auprc": 0.23069060232044217,
      "auroc": 0.8558401410975762,
      "brier": 0.026362979784607887,
      "ece": 0.036944998447317634
    },
    "2": {
      "auprc": 0.1757016687921508,
      "auroc": 0.7922143094766875,
      "brier": 0.043000929057598114,
      "ece": 0.024429655035957697
    },
    "3": {
      "auprc": 0.18851073855692613,
      "auroc": 0.8940000713004004,
      "brier": 0.08949659764766693,
      "ece": 0.15995818887202767
    },
    "4": {
      "auprc": 0.4883732205128462,
      "auroc": 0.8621812920102928,
      "brier": 0.10070225596427917,
      "ece": 0.08662968270480632
    },
    "5": {
      "auprc": 0.051961336581732694,
      "auroc": 0.7742321066357578,
      "brier": 0.025611920282244682,
      "ece": 0.06636452985927463
    },
    "6": {
      "auprc": 0.24945960207254111,
      "auroc": 0.8444553456140647,
      "brier": 0.04871627688407898,
      "ece": 0.04313707082346082
    }
  },
  "macro_auprc": 0.2394442060656315,
  "macro_auroc": 0.8301046692572999,
  "macro_ece": 0.075688828271373,
  "micro_auprc": 0.27689808391314946,
  "micro_auroc": 0.8418006045015112,
  "num_examples": 2000,
  "prediction_artifact": "/workspace/paper_v1/outputs/nih_to_chexpert/20260420T091540Z__nih_to_chexpert/20260420T091546Z__lwf/metrics/d0_nih_test_predictions.npz",
  "valid_label_counts": {
    "brier_score": 7,
    "macro_auprc": 7,
    "macro_auroc": 7,
    "macro_ece": 7
  }
}
