{
  "label_metrics": {
    "atelectasis": {
      "auroc": 0.8347570398351648,
      "average_precision": 0.38471071482142144,
      "ece": 0.26722757451241735,
      "f1_at_0.5": 0.38571428571428573,
      "f1_at_tuned_threshold": 0.4539877300613496,
      "negative_count": 896,
      "positive_count": 104,
      "precision_at_0.5": 0.2563291139240506,
      "precision_at_tuned_threshold": 0.3333333333333333,
      "prevalence": 0.104,
      "recall_at_0.5": 0.7788461538461539,
      "recall_at_tuned_threshold": 0.7115384615384616,
      "threshold_used": 0.6181217432022095
    },
    "cardiomegaly": {
      "auroc": 0.889553264604811,
      "average_precision": 0.2094967887808535,
      "ece": 0.3867331063086502,
      "f1_at_0.5": 0.14025974025974025,
      "f1_at_tuned_threshold": 0.34210526315789475,
      "negative_count": 970,
      "positive_count": 30,
      "precision_at_0.5": 0.07605633802816901,
      "precision_at_tuned_threshold": 0.2826086956521739,
      "prevalence": 0.03,
      "recall_at_0.5": 0.9,
      "recall_at_tuned_threshold": 0.43333333333333335,
      "threshold_used": 0.8918620347976685
    },
    "consolidation": {
      "auroc": 0.838437699389299,
      "average_precision": 0.21008477699315817,
      "ece": 0.320756390603523,
      "f1_at_0.5": 0.1925925925925926,
      "f1_at_tuned_threshold": 0.2987012987012987,
      "negative_count": 954,
      "positive_count": 46,
      "precision_at_0.5": 0.10863509749303621,
      "precision_at_tuned_threshold": 0.21296296296296297,
      "prevalence": 0.046,
      "recall_at_0.5": 0.8478260869565217,
      "recall_at_tuned_threshold": 0.5,
      "threshold_used": 0.7652942538261414
    },
    "edema": {
      "auroc": 0.8946461538461539,
      "average_precision": 0.25937118097181855,
      "ece": 0.2687492104759299,
      "f1_at_0.5": 0.16541353383458646,
      "f1_at_tuned_threshold": 0.34146341463414637,
      "negative_count": 975,
      "positive_count": 25,
      "precision_at_0.5": 0.0912863070539419,
      "precision_at_tuned_threshold": 0.4375,
      "prevalence": 0.025,
      "recall_at_0.5": 0.88,
      "recall_at_tuned_threshold": 0.28,
      "threshold_used": 0.947717547416687
    },
    "pleural_effusion": {
      "auroc": 0.8851385710653445,
      "average_precision": 0.5215547528095537,
      "ece": 0.1811923600033838,
      "f1_at_0.5": 0.5372340425531915,
      "f1_at_tuned_threshold": 0.5956112852664577,
      "negative_count": 874,
      "positive_count": 126,
      "precision_at_0.5": 0.404,
      "precision_at_tuned_threshold": 0.49222797927461137,
      "prevalence": 0.126,
      "recall_at_0.5": 0.8015873015873016,
      "recall_at_tuned_threshold": 0.753968253968254,
      "threshold_used": 0.6306704878807068
    },
    "pneumonia": {
      "auroc": 0.7210228919153868,
      "average_precision": 0.0685345206567229,
      "ece": 0.41569108808556215,
      "f1_at_0.5": 0.05249343832020998,
      "f1_at_tuned_threshold": 0.0,
      "negative_count": 986,
      "positive_count": 14,
      "precision_at_0.5": 0.027247956403269755,
      "precision_at_tuned_threshold": 0.0,
      "prevalence": 0.014,
      "recall_at_0.5": 0.7142857142857143,
      "recall_at_tuned_threshold": 0.0,
      "threshold_used": 0.9228169322013855
    },
    "pneumothorax": {
      "auroc": 0.8846995055154051,
      "average_precision": 0.21565824666986477,
      "ece": 0.1906555078364808,
      "f1_at_0.5": 0.3023255813953489,
      "f1_at_tuned_threshold": 0.32653061224489793,
      "negative_count": 956,
      "positive_count": 44,
      "precision_at_0.5": 0.203125,
      "precision_at_tuned_threshold": 0.23300970873786409,
      "prevalence": 0.044,
      "recall_at_0.5": 0.5909090909090909,
      "recall_at_tuned_threshold": 0.5454545454545454,
      "threshold_used": 0.5936282277107239
    }
  },
  "loss": 0.9409257898330688,
  "macro": {
    "auroc": 0.8497507323102235,
    "average_precision": 0.2670587116719133,
    "ece": 0.29014360540370676,
    "f1_at_0.5": 0.2537190306671365,
    "f1_at_tuned_thresholds": 0.33691422915229213
  },
  "num_examples": 1000,
  "split_alias": "d0_val",
  "valid_label_counts": {
    "macro_auroc": 7,
    "macro_average_precision": 7
  }
}