{
  "label_metrics": {
    "atelectasis": {
      "auroc": 0.7104975103021978,
      "average_precision": 0.2204369134936413,
      "ece": 0.37119478278673895,
      "f1_at_0.5": 0.2811881188118812,
      "f1_at_tuned_threshold": 0.32304038004750596,
      "negative_count": 896,
      "positive_count": 104,
      "precision_at_0.5": 0.1770573566084788,
      "precision_at_tuned_threshold": 0.21451104100946372,
      "prevalence": 0.104,
      "recall_at_0.5": 0.6826923076923077,
      "recall_at_tuned_threshold": 0.6538461538461539,
      "threshold_used": 0.5291431546211243
    },
    "cardiomegaly": {
      "auroc": 0.7030584192439863,
      "average_precision": 0.07224024740738842,
      "ece": 0.45163348202273157,
      "f1_at_0.5": 0.0975609756097561,
      "f1_at_tuned_threshold": 0.12844036697247707,
      "negative_count": 970,
      "positive_count": 30,
      "precision_at_0.5": 0.05309734513274336,
      "precision_at_tuned_threshold": 0.08860759493670886,
      "prevalence": 0.03,
      "recall_at_0.5": 0.6,
      "recall_at_tuned_threshold": 0.23333333333333334,
      "threshold_used": 0.5409395694732666
    },
    "consolidation": {
      "auroc": 0.7049949867833379,
      "average_precision": 0.09102893667630177,
      "ece": 0.39320387377213617,
      "f1_at_0.5": 0.16422287390029325,
      "f1_at_tuned_threshold": 0.17518248175182483,
      "negative_count": 954,
      "positive_count": 46,
      "precision_at_0.5": 0.09491525423728814,
      "precision_at_tuned_threshold": 0.10526315789473684,
      "prevalence": 0.046,
      "recall_at_0.5": 0.6086956521739131,
      "recall_at_tuned_threshold": 0.5217391304347826,
      "threshold_used": 0.5573534369468689
    },
    "edema": {
      "auroc": 0.8447589743589744,
      "average_precision": 0.09321792136301753,
      "ece": 0.40465214600774313,
      "f1_at_0.5": 0.13968253968253969,
      "f1_at_tuned_threshold": 0.1917808219178082,
      "negative_count": 975,
      "positive_count": 25,
      "precision_at_0.5": 0.07586206896551724,
      "precision_at_tuned_threshold": 0.14583333333333334,
      "prevalence": 0.025,
      "recall_at_0.5": 0.88,
      "recall_at_tuned_threshold": 0.28,
      "threshold_used": 0.6362733244895935
    },
    "pleural_effusion": {
      "auroc": 0.7571464894119356,
      "average_precision": 0.2760244603135373,
      "ece": 0.3388648748775043,
      "f1_at_0.5": 0.36438923395445133,
      "f1_at_tuned_threshold": 0.3936170212765958,
      "negative_count": 874,
      "positive_count": 126,
      "precision_at_0.5": 0.24649859943977592,
      "precision_at_tuned_threshold": 0.296,
      "prevalence": 0.126,
      "recall_at_0.5": 0.6984126984126984,
      "recall_at_tuned_threshold": 0.5873015873015873,
      "threshold_used": 0.5480690598487854
    },
    "pneumonia": {
      "auroc": 0.6649521877716604,
      "average_precision": 0.023976782544889486,
      "ece": 0.4531466264667781,
      "f1_at_0.5": 0.053571428571428575,
      "f1_at_tuned_threshold": 0.053811659192825115,
      "negative_count": 986,
      "positive_count": 14,
      "precision_at_0.5": 0.027950310559006212,
      "precision_at_tuned_threshold": 0.028708133971291867,
      "prevalence": 0.014,
      "recall_at_0.5": 0.6428571428571429,
      "recall_at_tuned_threshold": 0.42857142857142855,
      "threshold_used": 0.5413454174995422
    },
    "pneumothorax": {
      "auroc": 0.7779098516546216,
      "average_precision": 0.11405440371469383,
      "ece": 0.42018082502625104,
      "f1_at_0.5": 0.18591549295774645,
      "f1_at_tuned_threshold": 0.20121951219512196,
      "negative_count": 956,
      "positive_count": 44,
      "precision_at_0.5": 0.10610932475884244,
      "precision_at_tuned_threshold": 0.11619718309859155,
      "prevalence": 0.044,
      "recall_at_0.5": 0.75,
      "recall_at_tuned_threshold": 0.75,
      "threshold_used": 0.5059574246406555
    }
  },
  "loss": 1.238380789756775,
  "macro": {
    "auroc": 0.7376169170752449,
    "average_precision": 0.12728280935906708,
    "ece": 0.40469665870855476,
    "f1_at_0.5": 0.18379009478401379,
    "f1_at_tuned_thresholds": 0.20958460619345126
  },
  "num_examples": 1000,
  "split_alias": "d0_val",
  "valid_label_counts": {
    "macro_auroc": 7,
    "macro_average_precision": 7
  }
}