{
  "labels": {
    "atelectasis": {
      "best_f1": 0.3359013867488444,
      "threshold": 0.4716795142778686
    },
    "cardiomegaly": {
      "best_f1": 0.42729970326409494,
      "threshold": 0.6201616435491707
    },
    "consolidation": {
      "best_f1": 0.23931623931623933,
      "threshold": 0.611903902601394
    },
    "edema": {
      "best_f1": 0.5608856088560885,
      "threshold": 0.6027048247721297
    },
    "pleural_effusion": {
      "best_f1": 0.7113276492082826,
      "threshold": 0.4660253339987369
    },
    "pneumonia": {
      "best_f1": 0.13513513513513514,
      "threshold": 0.7590468412771528
    },
    "pneumothorax": {
      "best_f1": 0.4942528735632184,
      "threshold": 0.7664684879310303
    }
  },
  "macro_threshold": 0.6139985918998718,
  "selection_metric": "per_label_f1",
  "selection_split": "target_val"
}