{
  "label_metrics": {
    "atelectasis": {
      "auroc": 0.800974025974026,
      "average_precision": 0.6331645447367673,
      "ece": 0.11147533173446064,
      "f1_at_0.5": 0.6272189349112426,
      "f1_at_tuned_threshold": 0.6834170854271356,
      "negative_count": 154,
      "positive_count": 80,
      "precision_at_0.5": 0.5955056179775281,
      "precision_at_tuned_threshold": 0.5714285714285714,
      "prevalence": 0.3418803418803419,
      "recall_at_0.5": 0.6625,
      "recall_at_tuned_threshold": 0.85,
      "threshold_used": 0.4085127115249634
    },
    "cardiomegaly": {
      "auroc": 0.7739192062367115,
      "average_precision": 0.6212796466981969,
      "ece": 0.10145246491187057,
      "f1_at_0.5": 0.5909090909090909,
      "f1_at_tuned_threshold": 0.543859649122807,
      "negative_count": 166,
      "positive_count": 68,
      "precision_at_0.5": 0.609375,
      "precision_at_tuned_threshold": 0.6739130434782609,
      "prevalence": 0.2905982905982906,
      "recall_at_0.5": 0.5735294117647058,
      "recall_at_tuned_threshold": 0.45588235294117646,
      "threshold_used": 0.5797573328018188
    },
    "consolidation": {
      "auroc": 0.8609980401025177,
      "average_precision": 0.42973241564024794,
      "ece": 0.21311680005670408,
      "f1_at_0.5": 0.46315789473684216,
      "f1_at_tuned_threshold": 0.4126984126984127,
      "negative_count": 201,
      "positive_count": 33,
      "precision_at_0.5": 0.3548387096774194,
      "precision_at_tuned_threshold": 0.43333333333333335,
      "prevalence": 0.14102564102564102,
      "recall_at_0.5": 0.6666666666666666,
      "recall_at_tuned_threshold": 0.3939393939393939,
      "threshold_used": 0.5914872884750366
    },
    "edema": {
      "auroc": 0.8470311581422693,
      "average_precision": 0.6207394770673337,
      "ece": 0.1560509784646854,
      "f1_at_0.5": 0.5794392523364486,
      "f1_at_tuned_threshold": 0.606060606060606,
      "negative_count": 189,
      "positive_count": 45,
      "precision_at_0.5": 0.5,
      "precision_at_tuned_threshold": 0.5555555555555556,
      "prevalence": 0.19230769230769232,
      "recall_at_0.5": 0.6888888888888889,
      "recall_at_tuned_threshold": 0.6666666666666666,
      "threshold_used": 0.5783886313438416
    },
    "pleural_effusion": {
      "auroc": 0.9206363392617749,
      "average_precision": 0.8505843242114055,
      "ece": 0.09687613882263044,
      "f1_at_0.5": 0.746268656716418,
      "f1_at_tuned_threshold": 0.7417218543046357,
      "negative_count": 167,
      "positive_count": 67,
      "precision_at_0.5": 0.746268656716418,
      "precision_at_tuned_threshold": 0.6666666666666666,
      "prevalence": 0.2863247863247863,
      "recall_at_0.5": 0.746268656716418,
      "recall_at_tuned_threshold": 0.835820895522388,
      "threshold_used": 0.38173800706863403
    },
    "pneumonia": {
      "auroc": 0.5846238938053098,
      "average_precision": 0.0518855845457906,
      "ece": 0.3129728231287178,
      "f1_at_0.5": 0.06666666666666668,
      "f1_at_tuned_threshold": 0.0,
      "negative_count": 226,
      "positive_count": 8,
      "precision_at_0.5": 0.038461538461538464,
      "precision_at_tuned_threshold": 0.0,
      "prevalence": 0.03418803418803419,
      "recall_at_0.5": 0.25,
      "recall_at_tuned_threshold": 0.0,
      "threshold_used": 0.7407373785972595
    },
    "pneumothorax": {
      "auroc": 0.7477876106194691,
      "average_precision": 0.14462449860326504,
      "ece": 0.30744220630108343,
      "f1_at_0.5": 0.09999999999999999,
      "f1_at_tuned_threshold": 0.2857142857142857,
      "negative_count": 226,
      "positive_count": 8,
      "precision_at_0.5": 0.057692307692307696,
      "precision_at_tuned_threshold": 0.23076923076923078,
      "prevalence": 0.03418803418803419,
      "recall_at_0.5": 0.375,
      "recall_at_tuned_threshold": 0.375,
      "threshold_used": 0.7520125508308411
    }
  },
  "loss": 1.1887516975402832,
  "macro": {
    "auroc": 0.7908528963060112,
    "average_precision": 0.47885864164328673,
    "ece": 0.18562667763145033,
    "f1_at_0.5": 0.4533800708966727,
    "f1_at_tuned_thresholds": 0.46763884190398325
  },
  "num_examples": 234,
  "split_alias": "target_test",
  "valid_label_counts": {
    "macro_auroc": 7,
    "macro_average_precision": 7
  }
}