{
  "label_metrics": {
    "atelectasis": {
      "auroc": 0.6512120633708723,
      "average_precision": 0.25642024108852424,
      "ece": 0.30524189462009876,
      "f1_at_0.5": 0.32558139534883723,
      "f1_at_tuned_threshold": 0.3320053120849934,
      "negative_count": 845,
      "positive_count": 155,
      "precision_at_0.5": 0.21923937360178972,
      "precision_at_tuned_threshold": 0.20903010033444816,
      "prevalence": 0.155,
      "recall_at_0.5": 0.632258064516129,
      "recall_at_tuned_threshold": 0.8064516129032258,
      "threshold_used": 0.4085127115249634
    },
    "cardiomegaly": {
      "auroc": 0.7950607670272826,
      "average_precision": 0.397687256153314,
      "ece": 0.26337747224230307,
      "f1_at_0.5": 0.3918918918918919,
      "f1_at_tuned_threshold": 0.424731182795699,
      "negative_count": 877,
      "positive_count": 123,
      "precision_at_0.5": 0.27102803738317754,
      "precision_at_tuned_threshold": 0.3172690763052209,
      "prevalence": 0.123,
      "recall_at_0.5": 0.7073170731707317,
      "recall_at_tuned_threshold": 0.6422764227642277,
      "threshold_used": 0.5797573328018188
    },
    "consolidation": {
      "auroc": 0.6929989270386266,
      "average_precision": 0.1292012911546765,
      "ece": 0.3398482388160217,
      "f1_at_0.5": 0.21079691516709506,
      "f1_at_tuned_threshold": 0.23715415019762845,
      "negative_count": 932,
      "positive_count": 68,
      "precision_at_0.5": 0.1277258566978193,
      "precision_at_tuned_threshold": 0.16216216216216217,
      "prevalence": 0.068,
      "recall_at_0.5": 0.6029411764705882,
      "recall_at_tuned_threshold": 0.4411764705882353,
      "threshold_used": 0.5914872884750366
    },
    "edema": {
      "auroc": 0.78900741576389,
      "average_precision": 0.5079642837604114,
      "ece": 0.18694312049828918,
      "f1_at_0.5": 0.5356037151702786,
      "f1_at_tuned_threshold": 0.558303886925795,
      "negative_count": 763,
      "positive_count": 237,
      "precision_at_0.5": 0.4229828850855746,
      "precision_at_tuned_threshold": 0.48024316109422494,
      "prevalence": 0.237,
      "recall_at_0.5": 0.729957805907173,
      "recall_at_tuned_threshold": 0.6666666666666666,
      "threshold_used": 0.5783886313438416
    },
    "pleural_effusion": {
      "auroc": 0.8327074648529139,
      "average_precision": 0.7639801141317097,
      "ece": 0.06216277477173486,
      "f1_at_0.5": 0.7029077117572693,
      "f1_at_tuned_threshold": 0.710239651416122,
      "negative_count": 614,
      "positive_count": 386,
      "precision_at_0.5": 0.6864197530864198,
      "precision_at_tuned_threshold": 0.6127819548872181,
      "prevalence": 0.386,
      "recall_at_0.5": 0.7202072538860104,
      "recall_at_tuned_threshold": 0.844559585492228,
      "threshold_used": 0.38173800706863403
    },
    "pneumonia": {
      "auroc": 0.6120222107438017,
      "average_precision": 0.05432852497394047,
      "ece": 0.34114165497918675,
      "f1_at_0.5": 0.08362369337979093,
      "f1_at_tuned_threshold": 0.13513513513513511,
      "negative_count": 968,
      "positive_count": 32,
      "precision_at_0.5": 0.047058823529411764,
      "precision_at_tuned_threshold": 0.11904761904761904,
      "prevalence": 0.032,
      "recall_at_0.5": 0.375,
      "recall_at_tuned_threshold": 0.15625,
      "threshold_used": 0.7407373785972595
    },
    "pneumothorax": {
      "auroc": 0.7935470343738823,
      "average_precision": 0.4288299859720851,
      "ece": 0.29376290971953845,
      "f1_at_0.5": 0.32171581769436997,
      "f1_at_tuned_threshold": 0.4971751412429378,
      "negative_count": 911,
      "positive_count": 89,
      "precision_at_0.5": 0.2112676056338028,
      "precision_at_tuned_threshold": 0.5,
      "prevalence": 0.089,
      "recall_at_0.5": 0.6741573033707865,
      "recall_at_tuned_threshold": 0.4943820224719101,
      "threshold_used": 0.7520125508308411
    }
  },
  "loss": 1.015493856906891,
  "macro": {
    "auroc": 0.73807941188161,
    "average_precision": 0.3626302424620945,
    "ece": 0.25606829509245327,
    "f1_at_0.5": 0.36744587720136185,
    "f1_at_tuned_thresholds": 0.4135349228283301
  },
  "num_examples": 1000,
  "split_alias": "target_val",
  "valid_label_counts": {
    "macro_auroc": 7,
    "macro_average_precision": 7
  }
}