{
  "brier_score": 0.10977942177227565,
  "label_metrics": {
    "0": {
      "auprc": 0.754979820412097,
      "auroc": 0.8627435064935064,
      "brier": 0.16316241025924683,
      "ece": 0.11761381735022251
    },
    "1": {
      "auprc": 0.6089232980513561,
      "auroc": 0.7635542168674699,
      "brier": 0.191381573677063,
      "ece": 0.14784686471152508
    },
    "2": {
      "auprc": 0.5322009799207763,
      "auroc": 0.9041157847127996,
      "brier": 0.09145709127187729,
      "ece": 0.06774366825309575
    },
    "3": {
      "auprc": 0.6450310160120761,
      "auroc": 0.8564373897707231,
      "brier": 0.12792569398880005,
      "ece": 0.08091435740646134
    },
    "4": {
      "auprc": 0.8267818014558272,
      "auroc": 0.9106265081776745,
      "brier": 0.12111905217170715,
      "ece": 0.12376779260543677
    },
    "5": {
      "auprc": 0.3368872549019608,
      "auroc": 0.8976769911504424,
      "brier": 0.03256607428193092,
      "ece": 0.02285088784992695
    },
    "6": {
      "auprc": 0.12240644017817931,
      "auroc": 0.7748893805309734,
      "brier": 0.04084405675530434,
      "ece": 0.07067738223470683
    }
  },
  "macro_auprc": 0.5467443729903247,
  "macro_auroc": 0.8528633968147986,
  "macro_ece": 0.0902021100587679,
  "micro_auprc": 0.6068374987353389,
  "micro_auroc": 0.851295837686072,
  "num_examples": 234,
  "prediction_artifact": "/workspace/paper_v1/outputs/nih_to_chexpert_seed_sweep/20260420T122137Z__nih_to_chexpert_seed_sweep/seed_31415/20260420T122204Z__harder_gate_clipping/metrics/d1_chexpert_test_predictions.npz",
  "valid_label_counts": {
    "brier_score": 7,
    "macro_auprc": 7,
    "macro_auroc": 7,
    "macro_ece": 7
  }
}
