{
  "brier_score": 0.042492948073361604,
  "label_metrics": {
    "0": {
      "auprc": 0.3065646253923648,
      "auroc": 0.797664274658787,
      "brier": 0.08534228801727295,
      "ece": 0.03684241927228868
    },
    "1": {
      "auprc": 0.2549128830209546,
      "auroc": 0.8679439098370982,
      "brier": 0.02247636765241623,
      "ece": 0.004888429723680019
    },
    "2": {
      "auprc": 0.19096985746403794,
      "auroc": 0.8085547868351461,
      "brier": 0.0407475009560585,
      "ece": 0.00537888730224222
    },
    "3": {
      "auprc": 0.18588476088957678,
      "auroc": 0.9023303347553803,
      "brier": 0.019152943044900894,
      "ece": 0.001781722215935588
    },
    "4": {
      "auprc": 0.5177973472832106,
      "auroc": 0.8659899876211452,
      "brier": 0.07743515074253082,
      "ece": 0.017635998263955118
    },
    "5": {
      "auprc": 0.06409759437796918,
      "auroc": 0.8137677484787018,
      "brier": 0.013449546881020069,
      "ece": 0.0012626826344057918
    },
    "6": {
      "auprc": 0.2859157938842554,
      "auroc": 0.8570518350615446,
      "brier": 0.03884683921933174,
      "ece": 0.008926139944232999
    }
  },
  "macro_auprc": 0.25802040890176703,
  "macro_auroc": 0.8447575538925433,
  "macro_ece": 0.010959468479534345,
  "micro_auprc": 0.3426111633700505,
  "micro_auroc": 0.872643981609954,
  "num_examples": 2000,
  "prediction_artifact": "/workspace/paper_v1/outputs/nih_to_chexpert_seed_sweep/20260420T103712Z__nih_to_chexpert_seed_sweep/seed_31415/20260420T103736Z__tiny_logit_correction/metrics/d0_nih_test_predictions.npz",
  "valid_label_counts": {
    "brier_score": 7,
    "macro_auprc": 7,
    "macro_auroc": 7,
    "macro_ece": 7
  }
}
