{
  "brier_score": 0.13290555668728693,
  "label_metrics": {
    "0": {
      "auprc": 0.7572585990480016,
      "auroc": 0.861525974025974,
      "brier": 0.21074441075325012,
      "ece": 0.19433985188858122
    },
    "1": {
      "auprc": 0.5843992197882153,
      "auroc": 0.739280652019844,
      "brier": 0.23690836131572723,
      "ece": 0.22794146842172003
    },
    "2": {
      "auprc": 0.5302025196142166,
      "auroc": 0.9050203527815468,
      "brier": 0.10720796138048172,
      "ece": 0.07224520773459703
    },
    "3": {
      "auprc": 0.6483292931371574,
      "auroc": 0.861845972957084,
      "brier": 0.18360818922519684,
      "ece": 0.18122531101107597
    },
    "4": {
      "auprc": 0.8217774854934011,
      "auroc": 0.9043703637501117,
      "brier": 0.12501183152198792,
      "ece": 0.088007268965499
    },
    "5": {
      "auprc": 0.3311395929339478,
      "auroc": 0.8987831858407079,
      "brier": 0.03311748430132866,
      "ece": 0.026521898340433836
    },
    "6": {
      "auprc": 0.12121960206337509,
      "auroc": 0.7793141592920354,
      "brier": 0.033740658313035965,
      "ece": 0.029942308019241717
    }
  },
  "macro_auprc": 0.5420466160111879,
  "macro_auroc": 0.8500200943810433,
  "macro_ece": 0.11717475919730698,
  "micro_auprc": 0.5656787458764917,
  "micro_auroc": 0.798169292920438,
  "num_examples": 234,
  "prediction_artifact": "/workspace/paper_v1/outputs/nih_to_chexpert_seed_sweep/20260420T103712Z__nih_to_chexpert_seed_sweep/seed_31415/20260420T103736Z__tiny_logit_correction/metrics/d1_chexpert_test_predictions.npz",
  "valid_label_counts": {
    "brier_score": 7,
    "macro_auprc": 7,
    "macro_auroc": 7,
    "macro_ece": 7
  }
}
