{
  "label_metrics": {
    "atelectasis": {
      "auroc": 0.8568993506493506,
      "average_precision": 0.7653785388614592,
      "ece": 0.06437762161278793,
      "f1_at_0.5": 0.6285714285714286,
      "f1_at_tuned_threshold": 0.6338028169014084,
      "negative_count": 154,
      "positive_count": 80,
      "precision_at_0.5": 0.7333333333333333,
      "precision_at_tuned_threshold": 0.7258064516129032,
      "prevalence": 0.3418803418803419,
      "recall_at_0.5": 0.55,
      "recall_at_tuned_threshold": 0.5625,
      "threshold_used": 0.4931853711605072
    },
    "cardiomegaly": {
      "auroc": 0.8122785258681786,
      "average_precision": 0.6618076550715322,
      "ece": 0.10812624908908883,
      "f1_at_0.5": 0.5942028985507247,
      "f1_at_tuned_threshold": 0.6193548387096774,
      "negative_count": 166,
      "positive_count": 68,
      "precision_at_0.5": 0.5857142857142857,
      "precision_at_tuned_threshold": 0.5517241379310345,
      "prevalence": 0.2905982905982906,
      "recall_at_0.5": 0.6029411764705882,
      "recall_at_tuned_threshold": 0.7058823529411765,
      "threshold_used": 0.444294810295105
    },
    "consolidation": {
      "auroc": 0.885119855269109,
      "average_precision": 0.4922350333660317,
      "ece": 0.1311684420247413,
      "f1_at_0.5": 0.34615384615384615,
      "f1_at_tuned_threshold": 0.0,
      "negative_count": 201,
      "positive_count": 33,
      "precision_at_0.5": 0.47368421052631576,
      "precision_at_tuned_threshold": 0.0,
      "prevalence": 0.14102564102564102,
      "recall_at_0.5": 0.2727272727272727,
      "recall_at_tuned_threshold": 0.0,
      "threshold_used": 0.7601380944252014
    },
    "edema": {
      "auroc": 0.8861845972957084,
      "average_precision": 0.6775076533943375,
      "ece": 0.16720167876673936,
      "f1_at_0.5": 0.6545454545454547,
      "f1_at_tuned_threshold": 0.5142857142857142,
      "negative_count": 189,
      "positive_count": 45,
      "precision_at_0.5": 0.5538461538461539,
      "precision_at_tuned_threshold": 0.72,
      "prevalence": 0.19230769230769232,
      "recall_at_0.5": 0.8,
      "recall_at_tuned_threshold": 0.4,
      "threshold_used": 0.7240013480186462
    },
    "pleural_effusion": {
      "auroc": 0.9259093752792922,
      "average_precision": 0.8503656471113813,
      "ece": 0.1253503792184064,
      "f1_at_0.5": 0.7352941176470589,
      "f1_at_tuned_threshold": 0.6538461538461539,
      "negative_count": 167,
      "positive_count": 67,
      "precision_at_0.5": 0.7246376811594203,
      "precision_at_tuned_threshold": 0.918918918918919,
      "prevalence": 0.2863247863247863,
      "recall_at_0.5": 0.746268656716418,
      "recall_at_tuned_threshold": 0.5074626865671642,
      "threshold_used": 0.6821374297142029
    },
    "pneumonia": {
      "auroc": 0.6432522123893806,
      "average_precision": 0.07048627295175802,
      "ece": 0.2679703993928071,
      "f1_at_0.5": 0.14814814814814814,
      "f1_at_tuned_threshold": 0.0,
      "negative_count": 226,
      "positive_count": 8,
      "precision_at_0.5": 0.10526315789473684,
      "precision_at_tuned_threshold": 0.0,
      "prevalence": 0.03418803418803419,
      "recall_at_0.5": 0.25,
      "recall_at_tuned_threshold": 0.0,
      "threshold_used": 0.6695797443389893
    },
    "pneumothorax": {
      "auroc": 0.683075221238938,
      "average_precision": 0.1045965563394349,
      "ece": 0.312597393903446,
      "f1_at_0.5": 0.15384615384615383,
      "f1_at_tuned_threshold": 0.0,
      "negative_count": 226,
      "positive_count": 8,
      "precision_at_0.5": 0.08771929824561403,
      "precision_at_tuned_threshold": 0.0,
      "prevalence": 0.03418803418803419,
      "recall_at_0.5": 0.625,
      "recall_at_tuned_threshold": 0.0,
      "threshold_used": 0.917424738407135
    }
  },
  "loss": 1.160407543182373,
  "macro": {
    "auroc": 0.8132455911414224,
    "average_precision": 0.5174824795851335,
    "ece": 0.16811316628685954,
    "f1_at_0.5": 0.465823149637545,
    "f1_at_tuned_thresholds": 0.3458985033918505
  },
  "num_examples": 234,
  "split_alias": "d1_test",
  "valid_label_counts": {
    "macro_auroc": 7,
    "macro_average_precision": 7
  }
}