{
  "brier_score": 0.10521434992551804,
  "label_metrics": {
    "0": {
      "auprc": 0.7380667457704103,
      "auroc": 0.8432629870129871,
      "brier": 0.1711888313293457,
      "ece": 0.11810163672790569
    },
    "1": {
      "auprc": 0.6426517702250912,
      "auroc": 0.8022678951098511,
      "brier": 0.18608134984970093,
      "ece": 0.1479427289281391
    },
    "2": {
      "auprc": 0.5388858584937254,
      "auroc": 0.9057741595055028,
      "brier": 0.09096750617027283,
      "ece": 0.06421793818983257
    },
    "3": {
      "auprc": 0.6507993609231453,
      "auroc": 0.8600823045267489,
      "brier": 0.10786257684230804,
      "ece": 0.0599710995124446
    },
    "4": {
      "auprc": 0.8595214644570943,
      "auroc": 0.9315399052640987,
      "brier": 0.10557141900062561,
      "ece": 0.09201610108248442
    },
    "5": {
      "auprc": 0.20220046053379384,
      "auroc": 0.8423672566371682,
      "brier": 0.031640224158763885,
      "ece": 0.04250506579111784
    },
    "6": {
      "auprc": 0.10678022167531347,
      "auroc": 0.7643805309734513,
      "brier": 0.04318854212760925,
      "ece": 0.07570425701988304
    }
  },
  "macro_auprc": 0.5341294117255105,
  "macro_auroc": 0.8499535770042582,
  "macro_ece": 0.08577983246454389,
  "micro_auprc": 0.634623589272975,
  "micro_auroc": 0.8653171350578701,
  "num_examples": 234,
  "prediction_artifact": "/workspace/paper_v1/outputs/nih_to_chexpert_seed_sweep/20260420T121957Z__nih_to_chexpert_seed_sweep/seed_31415/20260420T122022Z__lwf/metrics/d1_chexpert_test_predictions.npz",
  "valid_label_counts": {
    "brier_score": 7,
    "macro_auprc": 7,
    "macro_auroc": 7,
    "macro_ece": 7
  }
}
