{
  "label_metrics": {
    "atelectasis": {
      "auroc": 0.7946428571428571,
      "average_precision": 0.631194752265625,
      "ece": 0.11848333348048595,
      "f1_at_0.5": 0.6473988439306358,
      "f1_at_tuned_threshold": 0.6473988439306358,
      "negative_count": 154,
      "positive_count": 80,
      "precision_at_0.5": 0.6021505376344086,
      "precision_at_tuned_threshold": 0.6021505376344086,
      "prevalence": 0.3418803418803419,
      "recall_at_0.5": 0.7,
      "recall_at_tuned_threshold": 0.7,
      "threshold_used": 0.49989524483680725
    },
    "cardiomegaly": {
      "auroc": 0.7794117647058824,
      "average_precision": 0.632701259707473,
      "ece": 0.11377836660794861,
      "f1_at_0.5": 0.5714285714285714,
      "f1_at_tuned_threshold": 0.42105263157894735,
      "negative_count": 166,
      "positive_count": 68,
      "precision_at_0.5": 0.5316455696202531,
      "precision_at_tuned_threshold": 0.7407407407407407,
      "prevalence": 0.2905982905982906,
      "recall_at_0.5": 0.6176470588235294,
      "recall_at_tuned_threshold": 0.29411764705882354,
      "threshold_used": 0.713358998298645
    },
    "consolidation": {
      "auroc": 0.8542137795869139,
      "average_precision": 0.4155993846476764,
      "ece": 0.21793825169524497,
      "f1_at_0.5": 0.4946236559139786,
      "f1_at_tuned_threshold": 0.2909090909090909,
      "negative_count": 201,
      "positive_count": 33,
      "precision_at_0.5": 0.38333333333333336,
      "precision_at_tuned_threshold": 0.36363636363636365,
      "prevalence": 0.14102564102564102,
      "recall_at_0.5": 0.696969696969697,
      "recall_at_tuned_threshold": 0.24242424242424243,
      "threshold_used": 0.6334957480430603
    },
    "edema": {
      "auroc": 0.8484420928865374,
      "average_precision": 0.6206984157993444,
      "ece": 0.1362631905405961,
      "f1_at_0.5": 0.6019417475728155,
      "f1_at_tuned_threshold": 0.585858585858586,
      "negative_count": 189,
      "positive_count": 45,
      "precision_at_0.5": 0.5344827586206896,
      "precision_at_tuned_threshold": 0.5370370370370371,
      "prevalence": 0.19230769230769232,
      "recall_at_0.5": 0.6888888888888889,
      "recall_at_tuned_threshold": 0.6444444444444445,
      "threshold_used": 0.5391318202018738
    },
    "pleural_effusion": {
      "auroc": 0.9256412548038252,
      "average_precision": 0.8604160754200258,
      "ece": 0.10680126558249228,
      "f1_at_0.5": 0.7517730496453902,
      "f1_at_tuned_threshold": 0.7307692307692307,
      "negative_count": 167,
      "positive_count": 67,
      "precision_at_0.5": 0.7162162162162162,
      "precision_at_tuned_threshold": 0.6404494382022472,
      "prevalence": 0.2863247863247863,
      "recall_at_0.5": 0.7910447761194029,
      "recall_at_tuned_threshold": 0.8507462686567164,
      "threshold_used": 0.3974873125553131
    },
    "pneumonia": {
      "auroc": 0.5619469026548672,
      "average_precision": 0.047121429148576255,
      "ece": 0.3028593110143665,
      "f1_at_0.5": 0.030769230769230767,
      "f1_at_tuned_threshold": 0.0,
      "negative_count": 226,
      "positive_count": 8,
      "precision_at_0.5": 0.017543859649122806,
      "precision_at_tuned_threshold": 0.0,
      "prevalence": 0.03418803418803419,
      "recall_at_0.5": 0.125,
      "recall_at_tuned_threshold": 0.0,
      "threshold_used": 0.7686492800712585
    },
    "pneumothorax": {
      "auroc": 0.7511061946902655,
      "average_precision": 0.15820546456086795,
      "ece": 0.31942361503296274,
      "f1_at_0.5": 0.125,
      "f1_at_tuned_threshold": 0.2857142857142857,
      "negative_count": 226,
      "positive_count": 8,
      "precision_at_0.5": 0.07142857142857142,
      "precision_at_tuned_threshold": 0.23076923076923078,
      "prevalence": 0.03418803418803419,
      "recall_at_0.5": 0.5,
      "recall_at_tuned_threshold": 0.375,
      "threshold_used": 0.762842059135437
    }
  },
  "loss": 1.1705143451690674,
  "macro": {
    "auroc": 0.7879149780673069,
    "average_precision": 0.4808481116499413,
    "ece": 0.18793533342201388,
    "f1_at_0.5": 0.4604192998943745,
    "f1_at_tuned_thresholds": 0.42310038125153954
  },
  "num_examples": 234,
  "split_alias": "target_test",
  "valid_label_counts": {
    "macro_auroc": 7,
    "macro_average_precision": 7
  }
}