{
  "label_metrics": {
    "atelectasis": {
      "auroc": 0.6532238976903989,
      "average_precision": 0.2639314191269242,
      "ece": 0.3130331092694021,
      "f1_at_0.5": 0.3338735818476499,
      "f1_at_tuned_threshold": 0.3338735818476499,
      "negative_count": 845,
      "positive_count": 155,
      "precision_at_0.5": 0.22294372294372294,
      "precision_at_tuned_threshold": 0.22294372294372294,
      "prevalence": 0.155,
      "recall_at_0.5": 0.6645161290322581,
      "recall_at_tuned_threshold": 0.6645161290322581,
      "threshold_used": 0.49989524483680725
    },
    "cardiomegaly": {
      "auroc": 0.7977584336846789,
      "average_precision": 0.4023051011095367,
      "ece": 0.3039682280012494,
      "f1_at_0.5": 0.3777335984095427,
      "f1_at_tuned_threshold": 0.43571428571428567,
      "negative_count": 877,
      "positive_count": 123,
      "precision_at_0.5": 0.25,
      "precision_at_tuned_threshold": 0.3885350318471338,
      "prevalence": 0.123,
      "recall_at_0.5": 0.7723577235772358,
      "recall_at_tuned_threshold": 0.4959349593495935,
      "threshold_used": 0.713358998298645
    },
    "consolidation": {
      "auroc": 0.6889674324665489,
      "average_precision": 0.12848148718865873,
      "ece": 0.34753384010290755,
      "f1_at_0.5": 0.21026894865525675,
      "f1_at_tuned_threshold": 0.23318385650224216,
      "negative_count": 932,
      "positive_count": 68,
      "precision_at_0.5": 0.12609970674486803,
      "precision_at_tuned_threshold": 0.16774193548387098,
      "prevalence": 0.068,
      "recall_at_0.5": 0.6323529411764706,
      "recall_at_tuned_threshold": 0.38235294117647056,
      "threshold_used": 0.6334957480430603
    },
    "edema": {
      "auroc": 0.7894553478109395,
      "average_precision": 0.506198905768527,
      "ece": 0.1626981671044877,
      "f1_at_0.5": 0.5430894308943089,
      "f1_at_tuned_threshold": 0.5520833333333333,
      "negative_count": 763,
      "positive_count": 237,
      "precision_at_0.5": 0.4417989417989418,
      "precision_at_tuned_threshold": 0.4690265486725664,
      "prevalence": 0.237,
      "recall_at_0.5": 0.7046413502109705,
      "recall_at_tuned_threshold": 0.6708860759493671,
      "threshold_used": 0.5391318202018738
    },
    "pleural_effusion": {
      "auroc": 0.8331547146883597,
      "average_precision": 0.7655875948209636,
      "ece": 0.07427221405367568,
      "f1_at_0.5": 0.7027027027027027,
      "f1_at_tuned_threshold": 0.7116430903155603,
      "negative_count": 614,
      "positive_count": 386,
      "precision_at_0.5": 0.6682242990654206,
      "precision_at_tuned_threshold": 0.6135084427767354,
      "prevalence": 0.386,
      "recall_at_0.5": 0.7409326424870466,
      "recall_at_tuned_threshold": 0.8471502590673575,
      "threshold_used": 0.3974873125553131
    },
    "pneumonia": {
      "auroc": 0.594557076446281,
      "average_precision": 0.0570045199680779,
      "ece": 0.3325110984023957,
      "f1_at_0.5": 0.07407407407407407,
      "f1_at_tuned_threshold": 0.13157894736842105,
      "negative_count": 968,
      "positive_count": 32,
      "precision_at_0.5": 0.04150943396226415,
      "precision_at_tuned_threshold": 0.11363636363636363,
      "prevalence": 0.032,
      "recall_at_0.5": 0.34375,
      "recall_at_tuned_threshold": 0.15625,
      "threshold_used": 0.7686492800712585
    },
    "pneumothorax": {
      "auroc": 0.7961494345021523,
      "average_precision": 0.4326674318352229,
      "ece": 0.3063875619163568,
      "f1_at_0.5": 0.31761786600496283,
      "f1_at_tuned_threshold": 0.5,
      "negative_count": 911,
      "positive_count": 89,
      "precision_at_0.5": 0.20382165605095542,
      "precision_at_tuned_threshold": 0.4945054945054945,
      "prevalence": 0.089,
      "recall_at_0.5": 0.7191011235955056,
      "recall_at_tuned_threshold": 0.5056179775280899,
      "threshold_used": 0.762842059135437
    }
  },
  "loss": 1.0279092531204224,
  "macro": {
    "auroc": 0.7361809053270514,
    "average_precision": 0.36516806568827304,
    "ece": 0.2629148884072107,
    "f1_at_0.5": 0.36562288608407106,
    "f1_at_tuned_thresholds": 0.4140110135830704
  },
  "num_examples": 1000,
  "split_alias": "target_val",
  "valid_label_counts": {
    "macro_auroc": 7,
    "macro_average_precision": 7
  }
}