{
  "label_metrics": {
    "atelectasis": {
      "auroc": 0.767612646253423,
      "average_precision": 0.28602865736169303,
      "ece": 0.23293002604998303,
      "f1_at_0.5": 0.32865168539325845,
      "f1_at_tuned_threshold": 0.3359580052493438,
      "negative_count": 1794,
      "positive_count": 206,
      "precision_at_0.5": 0.23122529644268774,
      "precision_at_tuned_threshold": 0.2302158273381295,
      "prevalence": 0.103,
      "recall_at_0.5": 0.5679611650485437,
      "recall_at_tuned_threshold": 0.6213592233009708,
      "threshold_used": 0.46589168906211853
    },
    "cardiomegaly": {
      "auroc": 0.8659185394075065,
      "average_precision": 0.24377730038370288,
      "ece": 0.21037091559553697,
      "f1_at_0.5": 0.20903954802259886,
      "f1_at_tuned_threshold": 0.24644549763033174,
      "negative_count": 1947,
      "positive_count": 53,
      "precision_at_0.5": 0.12292358803986711,
      "precision_at_tuned_threshold": 0.16455696202531644,
      "prevalence": 0.0265,
      "recall_at_0.5": 0.6981132075471698,
      "recall_at_tuned_threshold": 0.49056603773584906,
      "threshold_used": 0.6656047105789185
    },
    "consolidation": {
      "auroc": 0.7859386188969896,
      "average_precision": 0.13419670011556462,
      "ece": 0.22868089544945425,
      "f1_at_0.5": 0.2131979695431472,
      "f1_at_tuned_threshold": 0.21545667447306793,
      "negative_count": 1907,
      "positive_count": 93,
      "precision_at_0.5": 0.12650602409638553,
      "precision_at_tuned_threshold": 0.1377245508982036,
      "prevalence": 0.0465,
      "recall_at_0.5": 0.6774193548387096,
      "recall_at_tuned_threshold": 0.4946236559139785,
      "threshold_used": 0.6267011761665344
    },
    "edema": {
      "auroc": 0.9023303347553802,
      "average_precision": 0.19611875083576139,
      "ece": 0.2682688754270625,
      "f1_at_0.5": 0.1301989150090416,
      "f1_at_tuned_threshold": 0.147239263803681,
      "negative_count": 1957,
      "positive_count": 43,
      "precision_at_0.5": 0.07058823529411765,
      "precision_at_tuned_threshold": 0.08071748878923767,
      "prevalence": 0.0215,
      "recall_at_0.5": 0.8372093023255814,
      "recall_at_tuned_threshold": 0.8372093023255814,
      "threshold_used": 0.6042250394821167
    },
    "pleural_effusion": {
      "auroc": 0.8610170619109055,
      "average_precision": 0.47965597186386016,
      "ece": 0.13651844598284169,
      "f1_at_0.5": 0.49925261584454406,
      "f1_at_tuned_threshold": 0.49785407725321884,
      "negative_count": 1761,
      "positive_count": 239,
      "precision_at_0.5": 0.3883720930232558,
      "precision_at_tuned_threshold": 0.3782608695652174,
      "prevalence": 0.1195,
      "recall_at_0.5": 0.698744769874477,
      "recall_at_tuned_threshold": 0.7280334728033473,
      "threshold_used": 0.47166112065315247
    },
    "pneumonia": {
      "auroc": 0.7666618371486525,
      "average_precision": 0.06069914126547664,
      "ece": 0.31936803229118405,
      "f1_at_0.5": 0.07364341085271318,
      "f1_at_tuned_threshold": 0.07272727272727272,
      "negative_count": 1972,
      "positive_count": 28,
      "precision_at_0.5": 0.0389344262295082,
      "precision_at_tuned_threshold": 0.041666666666666664,
      "prevalence": 0.014,
      "recall_at_0.5": 0.6785714285714286,
      "recall_at_tuned_threshold": 0.2857142857142857,
      "threshold_used": 0.741510808467865
    },
    "pneumothorax": {
      "auroc": 0.8468404463465106,
      "average_precision": 0.26249971392149535,
      "ece": 0.2139623611718076,
      "f1_at_0.5": 0.28138528138528135,
      "f1_at_tuned_threshold": 0.3291139240506329,
      "negative_count": 1907,
      "positive_count": 93,
      "precision_at_0.5": 0.17615176151761516,
      "precision_at_tuned_threshold": 0.2708333333333333,
      "prevalence": 0.0465,
      "recall_at_0.5": 0.6989247311827957,
      "recall_at_tuned_threshold": 0.41935483870967744,
      "threshold_used": 0.7928339242935181
    }
  },
  "loss": 0.6554850478172303,
  "macro": {
    "auroc": 0.8280456406741953,
    "average_precision": 0.23756803367822202,
    "ece": 0.2300142217096957,
    "f1_at_0.5": 0.24790991800722637,
    "f1_at_tuned_thresholds": 0.26354210216964985
  },
  "num_examples": 2000,
  "split_alias": "d0_test",
  "valid_label_counts": {
    "macro_auroc": 7,
    "macro_average_precision": 7
  }
}