{
  "label_metrics": {
    "atelectasis": {
      "auroc": 0.6733648457885957,
      "average_precision": 0.42397541163808694,
      "ece": 0.15765848623183218,
      "f1_at_0.5": 0.484472049689441,
      "f1_at_tuned_threshold": 0.4960937500000001,
      "negative_count": 482,
      "positive_count": 194,
      "precision_at_0.5": 0.40484429065743943,
      "precision_at_tuned_threshold": 0.39937106918238996,
      "prevalence": 0.2869822485207101,
      "recall_at_0.5": 0.6030927835051546,
      "recall_at_tuned_threshold": 0.654639175257732,
      "threshold_used": 0.46589168906211853
    },
    "cardiomegaly": {
      "auroc": 0.7764238410596026,
      "average_precision": 0.4728065722924827,
      "ece": 0.20903392459243625,
      "f1_at_0.5": 0.5169082125603865,
      "f1_at_tuned_threshold": 0.5123456790123456,
      "negative_count": 525,
      "positive_count": 151,
      "precision_at_0.5": 0.4068441064638783,
      "precision_at_tuned_threshold": 0.4797687861271676,
      "prevalence": 0.22337278106508876,
      "recall_at_0.5": 0.7086092715231788,
      "recall_at_tuned_threshold": 0.5496688741721855,
      "threshold_used": 0.6656047105789185
    },
    "consolidation": {
      "auroc": 0.7518664909969258,
      "average_precision": 0.21828952511859664,
      "ece": 0.3258050271772548,
      "f1_at_0.5": 0.2708333333333333,
      "f1_at_tuned_threshold": 0.2608695652173913,
      "negative_count": 621,
      "positive_count": 55,
      "precision_at_0.5": 0.16738197424892703,
      "precision_at_tuned_threshold": 0.18604651162790697,
      "prevalence": 0.08136094674556213,
      "recall_at_0.5": 0.7090909090909091,
      "recall_at_tuned_threshold": 0.43636363636363634,
      "threshold_used": 0.6267011761665344
    },
    "edema": {
      "auroc": 0.8198261107688095,
      "average_precision": 0.5020214448399489,
      "ece": 0.28580105829509983,
      "f1_at_0.5": 0.5142857142857142,
      "f1_at_tuned_threshold": 0.5170731707317073,
      "negative_count": 541,
      "positive_count": 135,
      "precision_at_0.5": 0.365625,
      "precision_at_tuned_threshold": 0.38545454545454544,
      "prevalence": 0.1997041420118343,
      "recall_at_0.5": 0.8666666666666667,
      "recall_at_tuned_threshold": 0.7851851851851852,
      "threshold_used": 0.6042250394821167
    },
    "pleural_effusion": {
      "auroc": 0.8581606276773563,
      "average_precision": 0.8142719135644806,
      "ece": 0.09925407727818181,
      "f1_at_0.5": 0.7429519071310117,
      "f1_at_tuned_threshold": 0.7378640776699029,
      "negative_count": 407,
      "positive_count": 269,
      "precision_at_0.5": 0.6706586826347305,
      "precision_at_tuned_threshold": 0.6532951289398281,
      "prevalence": 0.3979289940828402,
      "recall_at_0.5": 0.8327137546468402,
      "recall_at_tuned_threshold": 0.8475836431226765,
      "threshold_used": 0.47166112065315247
    },
    "pneumonia": {
      "auroc": 0.7241872097177563,
      "average_precision": 0.1571501377131602,
      "ece": 0.2684891009763743,
      "f1_at_0.5": 0.253968253968254,
      "f1_at_tuned_threshold": 0.16216216216216214,
      "negative_count": 622,
      "positive_count": 54,
      "precision_at_0.5": 0.16161616161616163,
      "precision_at_tuned_threshold": 0.15789473684210525,
      "prevalence": 0.07988165680473373,
      "recall_at_0.5": 0.5925925925925926,
      "recall_at_tuned_threshold": 0.16666666666666666,
      "threshold_used": 0.741510808467865
    },
    "pneumothorax": {
      "auroc": 0.7771339425005571,
      "average_precision": 0.1888359527989549,
      "ece": 0.3137125002451711,
      "f1_at_0.5": 0.20814479638009048,
      "f1_at_tuned_threshold": 0.2708333333333333,
      "negative_count": 641,
      "positive_count": 35,
      "precision_at_0.5": 0.12365591397849462,
      "precision_at_tuned_threshold": 0.21311475409836064,
      "prevalence": 0.051775147928994084,
      "recall_at_0.5": 0.6571428571428571,
      "recall_at_tuned_threshold": 0.37142857142857144,
      "threshold_used": 0.7928339242935181
    }
  },
  "loss": 1.2457863035992052,
  "macro": {
    "auroc": 0.7687090097870862,
    "average_precision": 0.39676442256653016,
    "ece": 0.23710773925662146,
    "f1_at_0.5": 0.4273663239068902,
    "f1_at_tuned_thresholds": 0.42246310544669186
  },
  "num_examples": 676,
  "split_alias": "d2_test",
  "valid_label_counts": {
    "macro_auroc": 7,
    "macro_average_precision": 7
  }
}