{
  "label_metrics": {
    "atelectasis": {
      "auroc": 0.7978896103896104,
      "average_precision": 0.6333673155832782,
      "ece": 0.0971912096622371,
      "f1_at_0.5": 0.5974025974025973,
      "f1_at_tuned_threshold": 0.6309523809523809,
      "negative_count": 154,
      "positive_count": 80,
      "precision_at_0.5": 0.6216216216216216,
      "precision_at_tuned_threshold": 0.6022727272727273,
      "prevalence": 0.3418803418803419,
      "recall_at_0.5": 0.575,
      "recall_at_tuned_threshold": 0.6625,
      "threshold_used": 0.46589168906211853
    },
    "cardiomegaly": {
      "auroc": 0.7849929128277817,
      "average_precision": 0.638501558010782,
      "ece": 0.08784070594796566,
      "f1_at_0.5": 0.5820895522388059,
      "f1_at_tuned_threshold": 0.4705882352941177,
      "negative_count": 166,
      "positive_count": 68,
      "precision_at_0.5": 0.5909090909090909,
      "precision_at_tuned_threshold": 0.7058823529411765,
      "prevalence": 0.2905982905982906,
      "recall_at_0.5": 0.5735294117647058,
      "recall_at_tuned_threshold": 0.35294117647058826,
      "threshold_used": 0.6656047105789185
    },
    "consolidation": {
      "auroc": 0.8646163123775064,
      "average_precision": 0.44639424474788836,
      "ece": 0.21677905352668658,
      "f1_at_0.5": 0.4888888888888889,
      "f1_at_tuned_threshold": 0.3508771929824562,
      "negative_count": 201,
      "positive_count": 33,
      "precision_at_0.5": 0.38596491228070173,
      "precision_at_tuned_threshold": 0.4166666666666667,
      "prevalence": 0.14102564102564102,
      "recall_at_0.5": 0.6666666666666666,
      "recall_at_tuned_threshold": 0.30303030303030304,
      "threshold_used": 0.6267011761665344
    },
    "edema": {
      "auroc": 0.8464432686654909,
      "average_precision": 0.6245533669756403,
      "ece": 0.15426061985142273,
      "f1_at_0.5": 0.5607476635514019,
      "f1_at_tuned_threshold": 0.5894736842105264,
      "negative_count": 189,
      "positive_count": 45,
      "precision_at_0.5": 0.4838709677419355,
      "precision_at_tuned_threshold": 0.56,
      "prevalence": 0.19230769230769232,
      "recall_at_0.5": 0.6666666666666666,
      "recall_at_tuned_threshold": 0.6222222222222222,
      "threshold_used": 0.6042250394821167
    },
    "pleural_effusion": {
      "auroc": 0.9227813030655108,
      "average_precision": 0.8484241506502975,
      "ece": 0.09300461432246039,
      "f1_at_0.5": 0.7286821705426356,
      "f1_at_tuned_threshold": 0.7352941176470589,
      "negative_count": 167,
      "positive_count": 67,
      "precision_at_0.5": 0.7580645161290323,
      "precision_at_tuned_threshold": 0.7246376811594203,
      "prevalence": 0.2863247863247863,
      "recall_at_0.5": 0.7014925373134329,
      "recall_at_tuned_threshold": 0.746268656716418,
      "threshold_used": 0.47166112065315247
    },
    "pneumonia": {
      "auroc": 0.5978982300884956,
      "average_precision": 0.052125197512121,
      "ece": 0.31925160245281714,
      "f1_at_0.5": 0.05797101449275363,
      "f1_at_tuned_threshold": 0.0,
      "negative_count": 226,
      "positive_count": 8,
      "precision_at_0.5": 0.03278688524590164,
      "precision_at_tuned_threshold": 0.0,
      "prevalence": 0.03418803418803419,
      "recall_at_0.5": 0.25,
      "recall_at_tuned_threshold": 0.0,
      "threshold_used": 0.741510808467865
    },
    "pneumothorax": {
      "auroc": 0.7699115044247787,
      "average_precision": 0.1724562534833961,
      "ece": 0.3300653438758394,
      "f1_at_0.5": 0.14492753623188404,
      "f1_at_tuned_threshold": 0.2,
      "negative_count": 226,
      "positive_count": 8,
      "precision_at_0.5": 0.08196721311475409,
      "precision_at_tuned_threshold": 0.16666666666666666,
      "prevalence": 0.03418803418803419,
      "recall_at_0.5": 0.625,
      "recall_at_tuned_threshold": 0.25,
      "threshold_used": 0.7928339242935181
    }
  },
  "loss": 1.188068151473999,
  "macro": {
    "auroc": 0.7977904488341678,
    "average_precision": 0.4879745838519148,
    "ece": 0.1854847356627756,
    "f1_at_0.5": 0.45152991762128103,
    "f1_at_tuned_thresholds": 0.42531223015522
  },
  "num_examples": 234,
  "split_alias": "target_test",
  "valid_label_counts": {
    "macro_auroc": 7,
    "macro_average_precision": 7
  }
}