{
  "label_metrics": {
    "atelectasis": {
      "auroc": 0.6522313418591335,
      "average_precision": 0.25959264704150214,
      "ece": 0.2694927984656289,
      "f1_at_0.5": 0.3036053130929791,
      "f1_at_tuned_threshold": 0.3350427350427351,
      "negative_count": 845,
      "positive_count": 155,
      "precision_at_0.5": 0.21505376344086022,
      "precision_at_tuned_threshold": 0.22790697674418606,
      "prevalence": 0.155,
      "recall_at_0.5": 0.5161290322580645,
      "recall_at_tuned_threshold": 0.632258064516129,
      "threshold_used": 0.46589168906211853
    },
    "cardiomegaly": {
      "auroc": 0.7960063409071947,
      "average_precision": 0.3900098490836583,
      "ece": 0.27654988728970037,
      "f1_at_0.5": 0.388768898488121,
      "f1_at_tuned_threshold": 0.4169381107491857,
      "negative_count": 877,
      "positive_count": 123,
      "precision_at_0.5": 0.2647058823529412,
      "precision_at_tuned_threshold": 0.34782608695652173,
      "prevalence": 0.123,
      "recall_at_0.5": 0.7317073170731707,
      "recall_at_tuned_threshold": 0.5203252032520326,
      "threshold_used": 0.6656047105789185
    },
    "consolidation": {
      "auroc": 0.6874211057813684,
      "average_precision": 0.1271788512874368,
      "ece": 0.34766377907315144,
      "f1_at_0.5": 0.20603015075376882,
      "f1_at_tuned_threshold": 0.24137931034482757,
      "negative_count": 932,
      "positive_count": 68,
      "precision_at_0.5": 0.12424242424242424,
      "precision_at_tuned_threshold": 0.17073170731707318,
      "prevalence": 0.068,
      "recall_at_0.5": 0.6029411764705882,
      "recall_at_tuned_threshold": 0.4117647058823529,
      "threshold_used": 0.6267011761665344
    },
    "edema": {
      "auroc": 0.7868119957308205,
      "average_precision": 0.5072444724192745,
      "ece": 0.1817518321160599,
      "f1_at_0.5": 0.5320813771517997,
      "f1_at_tuned_threshold": 0.5559701492537313,
      "negative_count": 763,
      "positive_count": 237,
      "precision_at_0.5": 0.4228855721393035,
      "precision_at_tuned_threshold": 0.4983277591973244,
      "prevalence": 0.237,
      "recall_at_0.5": 0.7172995780590717,
      "recall_at_tuned_threshold": 0.6286919831223629,
      "threshold_used": 0.6042250394821167
    },
    "pleural_effusion": {
      "auroc": 0.8304332416330527,
      "average_precision": 0.7627260675182693,
      "ece": 0.05261623561314813,
      "f1_at_0.5": 0.694300518134715,
      "f1_at_tuned_threshold": 0.7116104868913857,
      "negative_count": 614,
      "positive_count": 386,
      "precision_at_0.5": 0.694300518134715,
      "precision_at_tuned_threshold": 0.6867469879518072,
      "prevalence": 0.386,
      "recall_at_0.5": 0.694300518134715,
      "recall_at_tuned_threshold": 0.7383419689119171,
      "threshold_used": 0.47166112065315247
    },
    "pneumonia": {
      "auroc": 0.5919744318181818,
      "average_precision": 0.05562447386578043,
      "ece": 0.3407255608743079,
      "f1_at_0.5": 0.0839160839160839,
      "f1_at_tuned_threshold": 0.15789473684210525,
      "negative_count": 968,
      "positive_count": 32,
      "precision_at_0.5": 0.047244094488188976,
      "precision_at_tuned_threshold": 0.13636363636363635,
      "prevalence": 0.032,
      "recall_at_0.5": 0.375,
      "recall_at_tuned_threshold": 0.1875,
      "threshold_used": 0.741510808467865
    },
    "pneumothorax": {
      "auroc": 0.7946940638143045,
      "average_precision": 0.42902857530362365,
      "ece": 0.31734162872540317,
      "f1_at_0.5": 0.31476997578692495,
      "f1_at_tuned_threshold": 0.5086705202312138,
      "negative_count": 911,
      "positive_count": 89,
      "precision_at_0.5": 0.2006172839506173,
      "precision_at_tuned_threshold": 0.5238095238095238,
      "prevalence": 0.089,
      "recall_at_0.5": 0.7303370786516854,
      "recall_at_tuned_threshold": 0.4943820224719101,
      "threshold_used": 0.7928339242935181
    }
  },
  "loss": 1.0244004664421082,
  "macro": {
    "auroc": 0.7342246459348651,
    "average_precision": 0.3616292766456493,
    "ece": 0.2551631031653428,
    "f1_at_0.5": 0.36049604533205615,
    "f1_at_tuned_thresholds": 0.41821514990788355
  },
  "num_examples": 1000,
  "split_alias": "target_val",
  "valid_label_counts": {
    "macro_auroc": 7,
    "macro_average_precision": 7
  }
}