{
  "brier_score": 0.04306141526571342,
  "label_metrics": {
    "0": {
      "auprc": 0.30083718095494844,
      "auroc": 0.7957647389897284,
      "brier": 0.0839795395731926,
      "ece": 0.021811063081026077
    },
    "1": {
      "auprc": 0.2341471063827253,
      "auroc": 0.8582337606961847,
      "brier": 0.023594070225954056,
      "ece": 0.015160254311747848
    },
    "2": {
      "auprc": 0.17832588316183615,
      "auroc": 0.7989410829372261,
      "brier": 0.042030539363622665,
      "ece": 0.023527264428324996
    },
    "3": {
      "auprc": 0.17699002594866656,
      "auroc": 0.8934653182968711,
      "brier": 0.019138313829898834,
      "ece": 0.0050979917719960206
    },
    "4": {
      "auprc": 0.5024612319953281,
      "auroc": 0.8630413966959625,
      "brier": 0.07908838242292404,
      "ece": 0.026690722567960616
    },
    "5": {
      "auprc": 0.06151072392329967,
      "auroc": 0.8006737177629673,
      "brier": 0.013618087396025658,
      "ece": 0.007300238125026226
    },
    "6": {
      "auprc": 0.27250681766652135,
      "auroc": 0.8519997067961275,
      "brier": 0.03998097404837608,
      "ece": 0.026051031191367653
    }
  },
  "macro_auprc": 0.2466827100047608,
  "macro_auroc": 0.8374456745964381,
  "macro_ece": 0.01794836649677849,
  "micro_auprc": 0.33031053080079464,
  "micro_auroc": 0.8647912619781549,
  "num_examples": 2000,
  "prediction_artifact": "/workspace/paper_v1/outputs/nih_to_chexpert_seed_sweep/20260420T121957Z__nih_to_chexpert_seed_sweep/seed_31415/20260420T122026Z__labelwise_trust_region/metrics/d0_nih_test_predictions.npz",
  "valid_label_counts": {
    "brier_score": 7,
    "macro_auprc": 7,
    "macro_auroc": 7,
    "macro_ece": 7
  }
}
