{
  "brier_score": 0.10662491619586945,
  "label_metrics": {
    "0": {
      "auprc": 0.7795456531545732,
      "auroc": 0.8651785714285715,
      "brier": 0.18575944006443024,
      "ece": 0.16180996666861394
    },
    "1": {
      "auprc": 0.6793804136093214,
      "auroc": 0.8437278525868177,
      "brier": 0.1459825336933136,
      "ece": 0.07569441824960402
    },
    "2": {
      "auprc": 0.5180910997902859,
      "auroc": 0.9011005578169757,
      "brier": 0.10980076342821121,
      "ece": 0.08778836266097859
    },
    "3": {
      "auprc": 0.6675109618249089,
      "auroc": 0.8639623750734862,
      "brier": 0.1303313970565796,
      "ece": 0.10672825882131728
    },
    "4": {
      "auprc": 0.830182852982706,
      "auroc": 0.9182232549825722,
      "brier": 0.10943233221769333,
      "ece": 0.06454672279138851
    },
    "5": {
      "auprc": 0.26899520435704644,
      "auroc": 0.8611725663716814,
      "brier": 0.031817641109228134,
      "ece": 0.0416679672904822
    },
    "6": {
      "auprc": 0.11627004934589237,
      "auroc": 0.7273230088495575,
      "brier": 0.03325030580163002,
      "ece": 0.012173301675635526
    }
  },
  "macro_auprc": 0.5514251764378192,
  "macro_auroc": 0.8543840267299517,
  "macro_ece": 0.07862985687971716,
  "micro_auprc": 0.6634661593781058,
  "micro_auroc": 0.8839407686632039,
  "num_examples": 234,
  "prediction_artifact": "/workspace/paper_v1/outputs/nih_to_chexpert_to_mimic/20260420T164159Z__nih_to_chexpert_to_mimic_limited/20260420T164230Z__vq_summary_replay/metrics/d1_chexpert_test_predictions.npz",
  "valid_label_counts": {
    "brier_score": 7,
    "macro_auprc": 7,
    "macro_auroc": 7,
    "macro_ece": 7
  }
}
