{
  "label_metrics": {
    "atelectasis": {
      "auroc": 0.6822090088548574,
      "average_precision": 0.4242166340179791,
      "ece": 0.21693419842507122,
      "f1_at_0.5": 0.5155393053016454,
      "f1_at_tuned_threshold": 0.5174603174603175,
      "negative_count": 482,
      "positive_count": 194,
      "precision_at_0.5": 0.39943342776203966,
      "precision_at_tuned_threshold": 0.3738532110091743,
      "prevalence": 0.2869822485207101,
      "recall_at_0.5": 0.7268041237113402,
      "recall_at_tuned_threshold": 0.8402061855670103,
      "threshold_used": 0.4182107150554657
    },
    "cardiomegaly": {
      "auroc": 0.7681740775780511,
      "average_precision": 0.4595017104397483,
      "ece": 0.255889520024309,
      "f1_at_0.5": 0.502145922746781,
      "f1_at_tuned_threshold": 0.47096774193548385,
      "negative_count": 525,
      "positive_count": 151,
      "precision_at_0.5": 0.37142857142857144,
      "precision_at_tuned_threshold": 0.4591194968553459,
      "prevalence": 0.22337278106508876,
      "recall_at_0.5": 0.7748344370860927,
      "recall_at_tuned_threshold": 0.48344370860927155,
      "threshold_used": 0.7353391051292419
    },
    "consolidation": {
      "auroc": 0.7433465085638998,
      "average_precision": 0.20613102566050479,
      "ece": 0.4295800780336642,
      "f1_at_0.5": 0.20489977728285078,
      "f1_at_tuned_threshold": 0.2905027932960894,
      "negative_count": 621,
      "positive_count": 55,
      "precision_at_0.5": 0.116751269035533,
      "precision_at_tuned_threshold": 0.20967741935483872,
      "prevalence": 0.08136094674556213,
      "recall_at_0.5": 0.8363636363636363,
      "recall_at_tuned_threshold": 0.4727272727272727,
      "threshold_used": 0.6950058341026306
    },
    "edema": {
      "auroc": 0.8015608954610803,
      "average_precision": 0.48322813049730495,
      "ece": 0.2576480779661914,
      "f1_at_0.5": 0.5071090047393365,
      "f1_at_tuned_threshold": 0.4917355371900826,
      "negative_count": 541,
      "positive_count": 135,
      "precision_at_0.5": 0.37282229965156793,
      "precision_at_tuned_threshold": 0.34097421203438394,
      "prevalence": 0.1997041420118343,
      "recall_at_0.5": 0.7925925925925926,
      "recall_at_tuned_threshold": 0.8814814814814815,
      "threshold_used": 0.41952547430992126
    },
    "pleural_effusion": {
      "auroc": 0.8507165496013079,
      "average_precision": 0.8006378786065738,
      "ece": 0.1128456659731152,
      "f1_at_0.5": 0.7245901639344263,
      "f1_at_tuned_threshold": 0.7336860670194004,
      "negative_count": 407,
      "positive_count": 269,
      "precision_at_0.5": 0.6480938416422287,
      "precision_at_tuned_threshold": 0.697986577181208,
      "prevalence": 0.3979289940828402,
      "recall_at_0.5": 0.8215613382899628,
      "recall_at_tuned_threshold": 0.7732342007434945,
      "threshold_used": 0.5693159103393555
    },
    "pneumonia": {
      "auroc": 0.6834286054543289,
      "average_precision": 0.1676634727667476,
      "ece": 0.4454391874543366,
      "f1_at_0.5": 0.1929411764705882,
      "f1_at_tuned_threshold": 0.22429906542056074,
      "negative_count": 622,
      "positive_count": 54,
      "precision_at_0.5": 0.1105121293800539,
      "precision_at_tuned_threshold": 0.15,
      "prevalence": 0.07988165680473373,
      "recall_at_0.5": 0.7592592592592593,
      "recall_at_tuned_threshold": 0.4444444444444444,
      "threshold_used": 0.714971661567688
    },
    "pneumothorax": {
      "auroc": 0.7525741029641185,
      "average_precision": 0.17335166738289418,
      "ece": 0.3032843955554944,
      "f1_at_0.5": 0.19905213270142183,
      "f1_at_tuned_threshold": 0.25000000000000006,
      "negative_count": 641,
      "positive_count": 35,
      "precision_at_0.5": 0.11931818181818182,
      "precision_at_tuned_threshold": 0.20754716981132076,
      "prevalence": 0.051775147928994084,
      "recall_at_0.5": 0.6,
      "recall_at_tuned_threshold": 0.3142857142857143,
      "threshold_used": 0.7373591661453247
    }
  },
  "loss": 1.1651527832245685,
  "macro": {
    "auroc": 0.7545728212110918,
    "average_precision": 0.3878186456245361,
    "ece": 0.28880301763316885,
    "f1_at_0.5": 0.40661106902529287,
    "f1_at_tuned_thresholds": 0.4255216460459907
  },
  "num_examples": 676,
  "split_alias": "d2_test",
  "valid_label_counts": {
    "macro_auroc": 7,
    "macro_average_precision": 7
  }
}