{
  "label_metrics": {
    "atelectasis": {
      "auroc": 0.6254705096392441,
      "average_precision": 0.234122947373744,
      "ece": 0.29656140148335874,
      "f1_at_0.5": 0.2985074626865672,
      "f1_at_tuned_threshold": 0.3203342618384401,
      "negative_count": 845,
      "positive_count": 155,
      "precision_at_0.5": 0.20089285714285715,
      "precision_at_tuned_threshold": 0.20426287744227353,
      "prevalence": 0.155,
      "recall_at_0.5": 0.5806451612903226,
      "recall_at_tuned_threshold": 0.7419354838709677,
      "threshold_used": 0.4182107150554657
    },
    "cardiomegaly": {
      "auroc": 0.7745455219660521,
      "average_precision": 0.36161959968367524,
      "ece": 0.39904374793884195,
      "f1_at_0.5": 0.3245749613601236,
      "f1_at_tuned_threshold": 0.398921832884097,
      "negative_count": 877,
      "positive_count": 123,
      "precision_at_0.5": 0.20038167938931298,
      "precision_at_tuned_threshold": 0.29838709677419356,
      "prevalence": 0.123,
      "recall_at_0.5": 0.8536585365853658,
      "recall_at_tuned_threshold": 0.6016260162601627,
      "threshold_used": 0.7353391051292419
    },
    "consolidation": {
      "auroc": 0.6715475889926786,
      "average_precision": 0.1127350392830367,
      "ece": 0.429899966407353,
      "f1_at_0.5": 0.17006802721088438,
      "f1_at_tuned_threshold": 0.2105263157894737,
      "negative_count": 932,
      "positive_count": 68,
      "precision_at_0.5": 0.09615384615384616,
      "precision_at_tuned_threshold": 0.1452513966480447,
      "prevalence": 0.068,
      "recall_at_0.5": 0.7352941176470589,
      "recall_at_tuned_threshold": 0.38235294117647056,
      "threshold_used": 0.6950058341026306
    },
    "edema": {
      "auroc": 0.766500212905973,
      "average_precision": 0.4803983645675794,
      "ece": 0.11373951070480876,
      "f1_at_0.5": 0.5138339920948617,
      "f1_at_tuned_threshold": 0.5487603305785124,
      "negative_count": 763,
      "positive_count": 237,
      "precision_at_0.5": 0.483271375464684,
      "precision_at_tuned_threshold": 0.45108695652173914,
      "prevalence": 0.237,
      "recall_at_0.5": 0.5485232067510548,
      "recall_at_tuned_threshold": 0.70042194092827,
      "threshold_used": 0.41952547430992126
    },
    "pleural_effusion": {
      "auroc": 0.8208258088471081,
      "average_precision": 0.7493870029608148,
      "ece": 0.08717641598223419,
      "f1_at_0.5": 0.6892523364485981,
      "f1_at_tuned_threshold": 0.7034659820282413,
      "negative_count": 614,
      "positive_count": 386,
      "precision_at_0.5": 0.6276595744680851,
      "precision_at_tuned_threshold": 0.6972010178117048,
      "prevalence": 0.386,
      "recall_at_0.5": 0.7642487046632125,
      "recall_at_tuned_threshold": 0.7098445595854922,
      "threshold_used": 0.5693159103393555
    },
    "pneumonia": {
      "auroc": 0.5896177685950413,
      "average_precision": 0.05743928154918206,
      "ece": 0.4001613188294729,
      "f1_at_0.5": 0.10691823899371068,
      "f1_at_tuned_threshold": 0.11594202898550725,
      "negative_count": 968,
      "positive_count": 32,
      "precision_at_0.5": 0.05944055944055944,
      "precision_at_tuned_threshold": 0.10810810810810811,
      "prevalence": 0.032,
      "recall_at_0.5": 0.53125,
      "recall_at_tuned_threshold": 0.125,
      "threshold_used": 0.714971661567688
    },
    "pneumothorax": {
      "auroc": 0.7812380517766623,
      "average_precision": 0.41360980917689405,
      "ece": 0.32714019060342336,
      "f1_at_0.5": 0.308433734939759,
      "f1_at_tuned_threshold": 0.4673913043478261,
      "negative_count": 911,
      "positive_count": 89,
      "precision_at_0.5": 0.19631901840490798,
      "precision_at_tuned_threshold": 0.45263157894736844,
      "prevalence": 0.089,
      "recall_at_0.5": 0.7191011235955056,
      "recall_at_tuned_threshold": 0.48314606741573035,
      "threshold_used": 0.7373591661453247
    }
  },
  "loss": 1.0487545776367186,
  "macro": {
    "auroc": 0.7185350661032512,
    "average_precision": 0.3441874349421323,
    "ece": 0.2933889359927847,
    "f1_at_0.5": 0.3445126791049293,
    "f1_at_tuned_thresholds": 0.3950488652074426
  },
  "num_examples": 1000,
  "split_alias": "target_val",
  "valid_label_counts": {
    "macro_auroc": 7,
    "macro_average_precision": 7
  }
}