{
  "brier_score": 0.049311632689620764,
  "label_metrics": {
    "0": {
      "auprc": 0.30432319026970805,
      "auroc": 0.7967442716281888,
      "brier": 0.0978652834892273,
      "ece": 0.09023250784538686
    },
    "1": {
      "auprc": 0.2471255960491799,
      "auroc": 0.8653952379567986,
      "brier": 0.02378982864320278,
      "ece": 0.020703632625751197
    },
    "2": {
      "auprc": 0.18702162988261598,
      "auroc": 0.8068350333519405,
      "brier": 0.04155832529067993,
      "ece": 0.01742385079432279
    },
    "3": {
      "auprc": 0.19904288150134206,
      "auroc": 0.9003814571425177,
      "brier": 0.03324510157108307,
      "ece": 0.06704225068795495
    },
    "4": {
      "auprc": 0.5148844162140311,
      "auroc": 0.8661349223886199,
      "brier": 0.09497187286615372,
      "ece": 0.08977322563156484
    },
    "5": {
      "auprc": 0.06242717366642003,
      "auroc": 0.8080628803245435,
      "brier": 0.013796775601804256,
      "ece": 0.013010614270344376
    },
    "6": {
      "auprc": 0.2870987777806225,
      "auroc": 0.8572379067498913,
      "brier": 0.03995424136519432,
      "ece": 0.014085477248765528
    }
  },
  "macro_auprc": 0.2574176664805599,
  "macro_auroc": 0.8429702442203572,
  "macro_ece": 0.0446102227291558,
  "micro_auprc": 0.33779413767759076,
  "micro_auroc": 0.8660458151145378,
  "num_examples": 2000,
  "prediction_artifact": "/workspace/paper_v1/outputs/nih_to_chexpert_seed_sweep/20260420T103712Z__nih_to_chexpert_seed_sweep/seed_1337/20260420T103720Z__harder_gate_clipping/metrics/d0_nih_test_predictions.npz",
  "valid_label_counts": {
    "brier_score": 7,
    "macro_auprc": 7,
    "macro_auroc": 7,
    "macro_ece": 7
  }
}
