{
  "brier_score": 0.10472925193607807,
  "label_metrics": {
    "0": {
      "auprc": 0.7118252027621815,
      "auroc": 0.8383116883116883,
      "brier": 0.16797171533107758,
      "ece": 0.11684397038104188
    },
    "1": {
      "auprc": 0.6635319475234879,
      "auroc": 0.8225549255846918,
      "brier": 0.18194295465946198,
      "ece": 0.1501660573367889
    },
    "2": {
      "auprc": 0.5196358188383776,
      "auroc": 0.8941655359565808,
      "brier": 0.09241864085197449,
      "ece": 0.04915523369852294
    },
    "3": {
      "auprc": 0.6425028720396573,
      "auroc": 0.8513815402704291,
      "brier": 0.11280547827482224,
      "ece": 0.07082618391698497
    },
    "4": {
      "auprc": 0.8462705847422985,
      "auroc": 0.926713736705693,
      "brier": 0.10519223660230637,
      "ece": 0.07923531425623302
    },
    "5": {
      "auprc": 0.27582446021887014,
      "auroc": 0.8783185840707964,
      "brier": 0.030239423736929893,
      "ece": 0.019213336894018017
    },
    "6": {
      "auprc": 0.11291028919557144,
      "auroc": 0.7632743362831858,
      "brier": 0.04253431409597397,
      "ece": 0.06496314325919136
    }
  },
  "macro_auprc": 0.5389287393314921,
  "macro_auroc": 0.8535314781690094,
  "macro_ece": 0.07862903424896872,
  "micro_auprc": 0.6287706648546191,
  "micro_auroc": 0.8679592169697146,
  "num_examples": 234,
  "prediction_artifact": "/workspace/paper_v1/outputs/nih_to_chexpert_seed_sweep/20260420T122137Z__nih_to_chexpert_seed_sweep/seed_31415/20260420T122203Z__vq_summary_replay/metrics/d1_chexpert_test_predictions.npz",
  "valid_label_counts": {
    "brier_score": 7,
    "macro_auprc": 7,
    "macro_auroc": 7,
    "macro_ece": 7
  }
}
