{
  "count": 2000,
  "max": 32.763267517089844,
  "mean": 23.60821533203125,
  "min": 15.011030197143555,
  "std": 3.2880752086639404
}
