{
  "count": 234,
  "max": 0.9998308420181274,
  "mean": 0.9995222091674805,
  "min": 0.9983959794044495,
  "std": 0.0002485279692336917
}
