{
  "count": 2000,
  "max": 0.9998331069946289,
  "mean": 0.9989792108535767,
  "min": 0.9950792789459229,
  "std": 0.0005508238100446761
}
