{
  "count": 234,
  "max": 5.504174709320068,
  "mean": 4.073235511779785,
  "min": 1.5929005146026611,
  "std": 0.9032802581787109
}
