{
  "count": 2000,
  "max": 5.234522342681885,
  "mean": 2.6438374519348145,
  "min": 0.9820168018341064,
  "std": 0.7422232031822205
}
