{
  "brier_score": 0.044326500701052804,
  "label_metrics": {
    "0": {
      "auprc": 0.2983948874274307,
      "auroc": 0.793884144559535,
      "brier": 0.08849015086889267,
      "ece": 0.044342041593045
    },
    "1": {
      "auprc": 0.2602175805430737,
      "auroc": 0.8682733959356921,
      "brier": 0.022517623379826546,
      "ece": 0.003907118096947671
    },
    "2": {
      "auprc": 0.17316003411925568,
      "auroc": 0.8037000073300968,
      "brier": 0.04131770506501198,
      "ece": 0.007838666066527366
    },
    "3": {
      "auprc": 0.1972809992660186,
      "auroc": 0.9005715915437725,
      "brier": 0.019370486959815025,
      "ece": 0.006360097718425095
    },
    "4": {
      "auprc": 0.5022061432253729,
      "auroc": 0.8661468022875933,
      "brier": 0.08514457195997238,
      "ece": 0.04980627206154168
    },
    "5": {
      "auprc": 0.06758469775225624,
      "auroc": 0.8065234714575485,
      "brier": 0.013472579419612885,
      "ece": 0.003139704816043377
    },
    "6": {
      "auprc": 0.28101152428721765,
      "auroc": 0.8561214766198105,
      "brier": 0.03997238725423813,
      "ece": 0.012845340523868798
    }
  },
  "macro_auprc": 0.25426512380294647,
  "macro_auroc": 0.8421744128191497,
  "macro_ece": 0.018319891553771284,
  "micro_auprc": 0.3403820367054455,
  "micro_auroc": 0.8712272780681951,
  "num_examples": 2000,
  "prediction_artifact": "/workspace/paper_v1/outputs/nih_to_chexpert_topk_seed_sweep/20260420T123811Z__nih_to_chexpert_topk_seed_sweep/seed_2027/20260420T123955Z__topk_labelwise_trust_region_k2/metrics/d0_nih_test_predictions.npz",
  "valid_label_counts": {
    "brier_score": 7,
    "macro_auprc": 7,
    "macro_auroc": 7,
    "macro_ece": 7
  }
}
