{
  "brier_score": 0.12578345143369266,
  "label_metrics": {
    "0": {
      "auprc": 0.7544414077653685,
      "auroc": 0.8590097402597403,
      "brier": 0.1836591213941574,
      "ece": 0.1504001329597245
    },
    "1": {
      "auprc": 0.5747351775314284,
      "auroc": 0.7345854004252302,
      "brier": 0.2305707037448883,
      "ece": 0.22094525782884955
    },
    "2": {
      "auprc": 0.5139690649335273,
      "auroc": 0.905171114126338,
      "brier": 0.1076972633600235,
      "ece": 0.0738389144341151
    },
    "3": {
      "auprc": 0.6427737375816017,
      "auroc": 0.8617283950617284,
      "brier": 0.18457143008708954,
      "ece": 0.18243487644940615
    },
    "4": {
      "auprc": 0.8364151180511491,
      "auroc": 0.9212619537045312,
      "brier": 0.10580326616764069,
      "ece": 0.06665321157719845
    },
    "5": {
      "auprc": 0.3311395929339478,
      "auroc": 0.8987831858407079,
      "brier": 0.03320928290486336,
      "ece": 0.02743512811139226
    },
    "6": {
      "auprc": 0.10878271312338818,
      "auroc": 0.7815265486725664,
      "brier": 0.03497309237718582,
      "ece": 0.02996084136235663
    }
  },
  "macro_auprc": 0.537465258845773,
  "macro_auroc": 0.8517237625844061,
  "macro_ece": 0.10738119467472039,
  "micro_auprc": 0.5636509802345236,
  "micro_auroc": 0.7964038464816479,
  "num_examples": 234,
  "prediction_artifact": "/workspace/paper_v1/outputs/nih_to_chexpert_topk_seed_sweep/20260420T123811Z__nih_to_chexpert_topk_seed_sweep/seed_2027/20260420T123955Z__topk_labelwise_trust_region_k2/metrics/d1_chexpert_test_predictions.npz",
  "valid_label_counts": {
    "brier_score": 7,
    "macro_auprc": 7,
    "macro_auroc": 7,
    "macro_ece": 7
  }
}
