{
  "label_metrics": {
    "atelectasis": {
      "auroc": 0.6858611027933439,
      "average_precision": 0.4333394434387947,
      "ece": 0.19678021948848454,
      "f1_at_0.5": 0.5180952380952382,
      "f1_at_tuned_threshold": 0.5083056478405317,
      "negative_count": 482,
      "positive_count": 194,
      "precision_at_0.5": 0.4108761329305136,
      "precision_at_tuned_threshold": 0.375,
      "prevalence": 0.2869822485207101,
      "recall_at_0.5": 0.7010309278350515,
      "recall_at_tuned_threshold": 0.788659793814433,
      "threshold_used": 0.41739422082901
    },
    "cardiomegaly": {
      "auroc": 0.7728792179123305,
      "average_precision": 0.46409337143638013,
      "ece": 0.2942517649423194,
      "f1_at_0.5": 0.48828125,
      "f1_at_tuned_threshold": 0.45878136200716846,
      "negative_count": 525,
      "positive_count": 151,
      "precision_at_0.5": 0.3462603878116344,
      "precision_at_tuned_threshold": 0.5,
      "prevalence": 0.22337278106508876,
      "recall_at_0.5": 0.8278145695364238,
      "recall_at_tuned_threshold": 0.423841059602649,
      "threshold_used": 0.8099420666694641
    },
    "consolidation": {
      "auroc": 0.744722588200849,
      "average_precision": 0.21730253450502127,
      "ece": 0.40005376132011616,
      "f1_at_0.5": 0.22276029055690072,
      "f1_at_tuned_threshold": 0.26136363636363635,
      "negative_count": 621,
      "positive_count": 55,
      "precision_at_0.5": 0.12849162011173185,
      "precision_at_tuned_threshold": 0.19008264462809918,
      "prevalence": 0.08136094674556213,
      "recall_at_0.5": 0.8363636363636363,
      "recall_at_tuned_threshold": 0.41818181818181815,
      "threshold_used": 0.6881643533706665
    },
    "edema": {
      "auroc": 0.8209351680701034,
      "average_precision": 0.5200244831819966,
      "ece": 0.24539787380642944,
      "f1_at_0.5": 0.5200945626477541,
      "f1_at_tuned_threshold": 0.5225653206650831,
      "negative_count": 541,
      "positive_count": 135,
      "precision_at_0.5": 0.3819444444444444,
      "precision_at_tuned_threshold": 0.38461538461538464,
      "prevalence": 0.1997041420118343,
      "recall_at_0.5": 0.8148148148148148,
      "recall_at_tuned_threshold": 0.8148148148148148,
      "threshold_used": 0.5058355331420898
    },
    "pleural_effusion": {
      "auroc": 0.8566352767096261,
      "average_precision": 0.8132753827856029,
      "ece": 0.17088042816560717,
      "f1_at_0.5": 0.7117117117117118,
      "f1_at_tuned_threshold": 0.7213622291021672,
      "negative_count": 407,
      "positive_count": 269,
      "precision_at_0.5": 0.5969773299748111,
      "precision_at_tuned_threshold": 0.6180371352785146,
      "prevalence": 0.3979289940828402,
      "recall_at_0.5": 0.8810408921933085,
      "recall_at_tuned_threshold": 0.8661710037174721,
      "threshold_used": 0.5413166284561157
    },
    "pneumonia": {
      "auroc": 0.6900381088483982,
      "average_precision": 0.14435397381517173,
      "ece": 0.27796696026895007,
      "f1_at_0.5": 0.2338709677419355,
      "f1_at_tuned_threshold": 0.21739130434782608,
      "negative_count": 622,
      "positive_count": 54,
      "precision_at_0.5": 0.14948453608247422,
      "precision_at_tuned_threshold": 0.17857142857142858,
      "prevalence": 0.07988165680473373,
      "recall_at_0.5": 0.5370370370370371,
      "recall_at_tuned_threshold": 0.2777777777777778,
      "threshold_used": 0.6960808634757996
    },
    "pneumothorax": {
      "auroc": 0.7834187653220415,
      "average_precision": 0.18445019052619316,
      "ece": 0.2995680322647397,
      "f1_at_0.5": 0.21674876847290642,
      "f1_at_tuned_threshold": 0.2682926829268293,
      "negative_count": 641,
      "positive_count": 35,
      "precision_at_0.5": 0.13095238095238096,
      "precision_at_tuned_threshold": 0.23404255319148937,
      "prevalence": 0.051775147928994084,
      "recall_at_0.5": 0.6285714285714286,
      "recall_at_tuned_threshold": 0.3142857142857143,
      "threshold_used": 0.773298978805542
    }
  },
  "loss": 1.2326541454834345,
  "macro": {
    "auroc": 0.7649271754080988,
    "average_precision": 0.39669133995559436,
    "ece": 0.2692712914652352,
    "f1_at_0.5": 0.41593754131806376,
    "f1_at_tuned_thresholds": 0.4225803118933203
  },
  "num_examples": 676,
  "split_alias": "d2_test",
  "valid_label_counts": {
    "macro_auroc": 7,
    "macro_average_precision": 7
  }
}