{
  "label_metrics": {
    "atelectasis": {
      "auroc": 0.8208603896103897,
      "average_precision": 0.6677827792993645,
      "ece": 0.10180605786897876,
      "f1_at_0.5": 0.6892655367231638,
      "f1_at_tuned_threshold": 0.693069306930693,
      "negative_count": 154,
      "positive_count": 80,
      "precision_at_0.5": 0.6288659793814433,
      "precision_at_tuned_threshold": 0.5737704918032787,
      "prevalence": 0.3418803418803419,
      "recall_at_0.5": 0.7625,
      "recall_at_tuned_threshold": 0.875,
      "threshold_used": 0.41739422082901
    },
    "cardiomegaly": {
      "auroc": 0.7663004961020553,
      "average_precision": 0.6234667438764881,
      "ece": 0.18504760752148866,
      "f1_at_0.5": 0.5340909090909091,
      "f1_at_tuned_threshold": 0.3956043956043956,
      "negative_count": 166,
      "positive_count": 68,
      "precision_at_0.5": 0.4351851851851852,
      "precision_at_tuned_threshold": 0.782608695652174,
      "prevalence": 0.2905982905982906,
      "recall_at_0.5": 0.6911764705882353,
      "recall_at_tuned_threshold": 0.2647058823529412,
      "threshold_used": 0.8099420666694641
    },
    "consolidation": {
      "auroc": 0.8792401628222524,
      "average_precision": 0.4673244532877497,
      "ece": 0.2730899835309608,
      "f1_at_0.5": 0.547008547008547,
      "f1_at_tuned_threshold": 0.3508771929824562,
      "negative_count": 201,
      "positive_count": 33,
      "precision_at_0.5": 0.38095238095238093,
      "precision_at_tuned_threshold": 0.4166666666666667,
      "prevalence": 0.14102564102564102,
      "recall_at_0.5": 0.9696969696969697,
      "recall_at_tuned_threshold": 0.30303030303030304,
      "threshold_used": 0.6881643533706665
    },
    "edema": {
      "auroc": 0.8512639623750735,
      "average_precision": 0.6260576709646006,
      "ece": 0.1157921075234904,
      "f1_at_0.5": 0.5979381443298969,
      "f1_at_tuned_threshold": 0.5979381443298969,
      "negative_count": 189,
      "positive_count": 45,
      "precision_at_0.5": 0.5576923076923077,
      "precision_at_tuned_threshold": 0.5576923076923077,
      "prevalence": 0.19230769230769232,
      "recall_at_0.5": 0.6444444444444445,
      "recall_at_tuned_threshold": 0.6444444444444445,
      "threshold_used": 0.5058355331420898
    },
    "pleural_effusion": {
      "auroc": 0.9226919295736884,
      "average_precision": 0.851380864657964,
      "ece": 0.15019741060969388,
      "f1_at_0.5": 0.7417218543046357,
      "f1_at_tuned_threshold": 0.7671232876712328,
      "negative_count": 167,
      "positive_count": 67,
      "precision_at_0.5": 0.6666666666666666,
      "precision_at_tuned_threshold": 0.7088607594936709,
      "prevalence": 0.2863247863247863,
      "recall_at_0.5": 0.835820895522388,
      "recall_at_tuned_threshold": 0.835820895522388,
      "threshold_used": 0.5413166284561157
    },
    "pneumonia": {
      "auroc": 0.6714601769911505,
      "average_precision": 0.07124057120557681,
      "ece": 0.310554653990757,
      "f1_at_0.5": 0.06779661016949153,
      "f1_at_tuned_threshold": 0.0,
      "negative_count": 226,
      "positive_count": 8,
      "precision_at_0.5": 0.0392156862745098,
      "precision_at_tuned_threshold": 0.0,
      "prevalence": 0.03418803418803419,
      "recall_at_0.5": 0.25,
      "recall_at_tuned_threshold": 0.0,
      "threshold_used": 0.6960808634757996
    },
    "pneumothorax": {
      "auroc": 0.754424778761062,
      "average_precision": 0.13325425380862688,
      "ece": 0.32598665122019355,
      "f1_at_0.5": 0.08695652173913043,
      "f1_at_tuned_threshold": 0.2,
      "negative_count": 226,
      "positive_count": 8,
      "precision_at_0.5": 0.04918032786885246,
      "precision_at_tuned_threshold": 0.16666666666666666,
      "prevalence": 0.03418803418803419,
      "recall_at_0.5": 0.375,
      "recall_at_tuned_threshold": 0.25,
      "threshold_used": 0.773298978805542
    }
  },
  "loss": 1.0698925256729126,
  "macro": {
    "auroc": 0.8094631280336674,
    "average_precision": 0.4915010481571958,
    "ece": 0.2089249246093662,
    "f1_at_0.5": 0.4663968747665392,
    "f1_at_tuned_thresholds": 0.4292303325026678
  },
  "num_examples": 234,
  "split_alias": "target_test",
  "valid_label_counts": {
    "macro_auroc": 7,
    "macro_average_precision": 7
  }
}