{
  "brier_score": 0.05510040372610092,
  "label_metrics": {
    "0": {
      "auprc": 0.2851707089728776,
      "auroc": 0.7865647086837463,
      "brier": 0.0866968184709549,
      "ece": 0.04247117430437357
    },
    "1": {
      "auprc": 0.18939767260564555,
      "auroc": 0.8410423389636692,
      "brier": 0.02391066774725914,
      "ece": 0.007396097488701343
    },
    "2": {
      "auprc": 0.1711502219236001,
      "auroc": 0.791966213892225,
      "brier": 0.04149310290813446,
      "ece": 0.013015846494585275
    },
    "3": {
      "auprc": 0.21190373422395462,
      "auroc": 0.893489085097028,
      "brier": 0.086960569024086,
      "ece": 0.15364761316031217
    },
    "4": {
      "auprc": 0.48880727660689016,
      "auroc": 0.8634072975843414,
      "brier": 0.09047915041446686,
      "ece": 0.06241336863487959
    },
    "5": {
      "auprc": 0.044150242611576254,
      "auroc": 0.760232541292379,
      "brier": 0.014011774212121964,
      "ece": 0.004898745357990265
    },
    "6": {
      "auprc": 0.2683713573746186,
      "auroc": 0.8495864133836291,
      "brier": 0.042150743305683136,
      "ece": 0.027985819072462614
    }
  },
  "macro_auprc": 0.2369930306170233,
  "macro_auroc": 0.8266126569852883,
  "macro_ece": 0.04454695207332927,
  "micro_auprc": 0.2625037235205165,
  "micro_auroc": 0.8360905902264755,
  "num_examples": 2000,
  "prediction_artifact": "/workspace/paper_v1/outputs/nih_to_chexpert_seed_sweep/20260420T103712Z__nih_to_chexpert_seed_sweep/seed_2027/20260420T103726Z__vq_summary_replay/metrics/d0_nih_test_predictions.npz",
  "valid_label_counts": {
    "brier_score": 7,
    "macro_auprc": 7,
    "macro_auroc": 7,
    "macro_ece": 7
  }
}
