{
  "brier_score": 0.1042813773133925,
  "label_metrics": {
    "0": {
      "auprc": 0.7348652990361579,
      "auroc": 0.8472402597402598,
      "brier": 0.16567635536193848,
      "ece": 0.11912145943213731
    },
    "1": {
      "auprc": 0.6396733651182079,
      "auroc": 0.8079376328844791,
      "brier": 0.1845628321170807,
      "ece": 0.15065983397902075
    },
    "2": {
      "auprc": 0.5241827552041108,
      "auroc": 0.8888888888888888,
      "brier": 0.09366349875926971,
      "ece": 0.06350029525386855
    },
    "3": {
      "auprc": 0.6784763279002467,
      "auroc": 0.8656084656084656,
      "brier": 0.10445265471935272,
      "ece": 0.04965404799988128
    },
    "4": {
      "auprc": 0.8584644737302446,
      "auroc": 0.9322548931986772,
      "brier": 0.10542596876621246,
      "ece": 0.09430290484785016
    },
    "5": {
      "auprc": 0.25086487205115393,
      "auroc": 0.8716814159292036,
      "brier": 0.030748968943953514,
      "ece": 0.012253303303677812
    },
    "6": {
      "auprc": 0.11779908869902475,
      "auroc": 0.7721238938053097,
      "brier": 0.04543936252593994,
      "ece": 0.079407842288542
    }
  },
  "macro_auprc": 0.5434751688198781,
  "macro_auroc": 0.855105064293612,
  "macro_ece": 0.0812713838721397,
  "micro_auprc": 0.6348808445601818,
  "micro_auroc": 0.8660111381407049,
  "num_examples": 234,
  "prediction_artifact": "/workspace/paper_v1/outputs/nih_to_chexpert/20260420T091540Z__nih_to_chexpert/20260420T091551Z__main_method/metrics/d1_chexpert_test_predictions.npz",
  "valid_label_counts": {
    "brier_score": 7,
    "macro_auprc": 7,
    "macro_auroc": 7,
    "macro_ece": 7
  }
}
