{
  "brier_score": 0.04749461516205754,
  "label_metrics": {
    "0": {
      "auprc": 0.269740053994004,
      "auroc": 0.780132805143358,
      "brier": 0.08509974181652069,
      "ece": 0.03751540808193385
    },
    "1": {
      "auprc": 0.13563536739694504,
      "auroc": 0.8122801407099456,
      "brier": 0.030754320323467255,
      "ece": 0.04123583866422996
    },
    "2": {
      "auprc": 0.18218098409345213,
      "auroc": 0.7976554967268299,
      "brier": 0.04222526401281357,
      "ece": 0.026697229767218233
    },
    "3": {
      "auprc": 0.18109674705443804,
      "auroc": 0.8918372924861261,
      "brier": 0.03419581428170204,
      "ece": 0.05776380546414293
    },
    "4": {
      "auprc": 0.4789761515790189,
      "auroc": 0.8646546869765419,
      "brier": 0.08357734233140945,
      "ece": 0.04497828717343509
    },
    "5": {
      "auprc": 0.040994753930969394,
      "auroc": 0.7576789336424226,
      "brier": 0.015405951999127865,
      "ece": 0.020103353705257176
    },
    "6": {
      "auprc": 0.2596069553681092,
      "auroc": 0.8503476157450478,
      "brier": 0.04120387136936188,
      "ece": 0.03027694059512578
    }
  },
  "macro_auprc": 0.2211758590595624,
  "macro_auroc": 0.8220838530614675,
  "macro_ece": 0.036938694778763284,
  "micro_auprc": 0.2772336000561529,
  "micro_auroc": 0.8260674651686629,
  "num_examples": 2000,
  "prediction_artifact": "/workspace/paper_v1/outputs/nih_to_chexpert_to_mimic/20260420T165028Z__nih_to_chexpert_to_mimic_harder_gate_only/20260420T165034Z__vq_summary_replay/metrics/d0_nih_test_predictions.npz",
  "valid_label_counts": {
    "brier_score": 7,
    "macro_auprc": 7,
    "macro_auroc": 7,
    "macro_ece": 7
  }
}
