{
  "label_metrics": {
    "atelectasis": {
      "auroc": 0.4377076411960133,
      "average_precision": 0.1966294573612019,
      "ece": 0.3243636797958297,
      "f1_at_0.5": 0.15,
      "f1_at_tuned_threshold": 0.23913043478260868,
      "negative_count": 86,
      "positive_count": 14,
      "precision_at_0.5": 0.11538461538461539,
      "precision_at_tuned_threshold": 0.14102564102564102,
      "prevalence": 0.14,
      "recall_at_0.5": 0.21428571428571427,
      "recall_at_tuned_threshold": 0.7857142857142857,
      "threshold_used": 0.3954259753227234
    },
    "cardiomegaly": {
      "auroc": 0.513111268603827,
      "average_precision": 0.18087594784308117,
      "ece": 0.37006814014511547,
      "f1_at_0.5": 0.29545454545454547,
      "f1_at_tuned_threshold": 0.2857142857142857,
      "negative_count": 83,
      "positive_count": 17,
      "precision_at_0.5": 0.18309859154929578,
      "precision_at_tuned_threshold": 0.21875,
      "prevalence": 0.17,
      "recall_at_0.5": 0.7647058823529411,
      "recall_at_tuned_threshold": 0.4117647058823529,
      "threshold_used": 0.5773762464523315
    },
    "consolidation": {
      "auroc": 0.5670103092783505,
      "average_precision": 0.06827731092436974,
      "ece": 0.3587211968535883,
      "f1_at_0.5": 0.1111111111111111,
      "f1_at_tuned_threshold": 0.18181818181818182,
      "negative_count": 97,
      "positive_count": 3,
      "precision_at_0.5": 0.06666666666666667,
      "precision_at_tuned_threshold": 0.125,
      "prevalence": 0.03,
      "recall_at_0.5": 0.3333333333333333,
      "recall_at_tuned_threshold": 0.3333333333333333,
      "threshold_used": 0.5231462717056274
    },
    "edema": {
      "auroc": 0.5577445652173914,
      "average_precision": 0.10994956661558829,
      "ece": 0.4776247960860716,
      "f1_at_0.5": 0.15217391304347824,
      "f1_at_tuned_threshold": 0.2153846153846154,
      "negative_count": 92,
      "positive_count": 8,
      "precision_at_0.5": 0.08333333333333333,
      "precision_at_tuned_threshold": 0.12280701754385964,
      "prevalence": 0.08,
      "recall_at_0.5": 0.875,
      "recall_at_tuned_threshold": 0.875,
      "threshold_used": 0.5492779612541199
    },
    "pleural_effusion": {
      "auroc": 0.5875,
      "average_precision": 0.3038447218049623,
      "ece": 0.4223797385620273,
      "f1_at_0.5": 0.3389830508474576,
      "f1_at_tuned_threshold": 0.36842105263157887,
      "negative_count": 80,
      "positive_count": 20,
      "precision_at_0.5": 0.20408163265306123,
      "precision_at_tuned_threshold": 0.3888888888888889,
      "prevalence": 0.2,
      "recall_at_0.5": 1.0,
      "recall_at_tuned_threshold": 0.35,
      "threshold_used": 0.665410578250885
    },
    "pneumonia": {
      "auroc": 0.422554347826087,
      "average_precision": 0.07344319682850904,
      "ece": 0.412853683439971,
      "f1_at_0.5": 0.1090909090909091,
      "f1_at_tuned_threshold": 0.16161616161616163,
      "negative_count": 92,
      "positive_count": 8,
      "precision_at_0.5": 0.06382978723404255,
      "precision_at_tuned_threshold": 0.08791208791208792,
      "prevalence": 0.08,
      "recall_at_0.5": 0.375,
      "recall_at_tuned_threshold": 1.0,
      "threshold_used": 0.3674972355365753
    },
    "pneumothorax": {
      "auroc": 0.5051546391752577,
      "average_precision": 0.050468611847922194,
      "ece": 0.4020550189910008,
      "f1_at_0.5": 0.06896551724137931,
      "f1_at_tuned_threshold": 0.0,
      "negative_count": 97,
      "positive_count": 3,
      "precision_at_0.5": 0.038461538461538464,
      "precision_at_tuned_threshold": 0.0,
      "prevalence": 0.03,
      "recall_at_0.5": 0.3333333333333333,
      "recall_at_tuned_threshold": 0.0,
      "threshold_used": 0.6250948905944824
    }
  },
  "loss": 1.0724846124649048,
  "macro": {
    "auroc": 0.5129689673281324,
    "average_precision": 0.1404984018893764,
    "ece": 0.3954380362676577,
    "f1_at_0.5": 0.17511129239841153,
    "f1_at_tuned_thresholds": 0.20744067599249028
  },
  "num_examples": 100,
  "split_alias": "target_val",
  "valid_label_counts": {
    "macro_auroc": 7,
    "macro_average_precision": 7
  }
}