{
  "label_metrics": {
    "atelectasis": {
      "auroc": 0.5180397376957954,
      "average_precision": 0.2026693324999076,
      "ece": 0.2623503299554752,
      "f1_at_0.5": 0.20702402957486138,
      "f1_at_tuned_threshold": 0.2949640287769784,
      "negative_count": 1189,
      "positive_count": 266,
      "precision_at_0.5": 0.20363636363636364,
      "precision_at_tuned_threshold": 0.18238434163701067,
      "prevalence": 0.18281786941580755,
      "recall_at_0.5": 0.21052631578947367,
      "recall_at_tuned_threshold": 0.7706766917293233,
      "threshold_used": 0.3954259753227234
    },
    "cardiomegaly": {
      "auroc": 0.478922829238408,
      "average_precision": 0.1537209450155928,
      "ece": 0.3859248189628431,
      "f1_at_0.5": 0.24691358024691357,
      "f1_at_tuned_threshold": 0.19578313253012047,
      "negative_count": 1226,
      "positive_count": 229,
      "precision_at_0.5": 0.14995313964386128,
      "precision_at_tuned_threshold": 0.14942528735632185,
      "prevalence": 0.15738831615120275,
      "recall_at_0.5": 0.6986899563318777,
      "recall_at_tuned_threshold": 0.2838427947598253,
      "threshold_used": 0.5773762464523315
    },
    "consolidation": {
      "auroc": 0.5105109489051095,
      "average_precision": 0.059520936872461565,
      "ece": 0.3209271479688728,
      "f1_at_0.5": 0.04950495049504951,
      "f1_at_tuned_threshold": 0.02580645161290323,
      "negative_count": 1370,
      "positive_count": 85,
      "precision_at_0.5": 0.042735042735042736,
      "precision_at_tuned_threshold": 0.02857142857142857,
      "prevalence": 0.058419243986254296,
      "recall_at_0.5": 0.058823529411764705,
      "recall_at_tuned_threshold": 0.023529411764705882,
      "threshold_used": 0.5231462717056274
    },
    "edema": {
      "auroc": 0.4865311768461375,
      "average_precision": 0.1377193182723481,
      "ece": 0.42273651327666,
      "f1_at_0.5": 0.21029082774049215,
      "f1_at_tuned_threshold": 0.2057877813504823,
      "negative_count": 1270,
      "positive_count": 185,
      "precision_at_0.5": 0.12197231833910034,
      "precision_at_tuned_threshold": 0.12834224598930483,
      "prevalence": 0.12714776632302405,
      "recall_at_0.5": 0.7621621621621621,
      "recall_at_tuned_threshold": 0.518918918918919,
      "threshold_used": 0.5492779612541199
    },
    "pleural_effusion": {
      "auroc": 0.5046436811142694,
      "average_precision": 0.22959444937582071,
      "ece": 0.3842406580214515,
      "f1_at_0.5": 0.37242192103712435,
      "f1_at_tuned_threshold": 0.22941176470588234,
      "negative_count": 1122,
      "positive_count": 333,
      "precision_at_0.5": 0.2316715542521994,
      "precision_at_tuned_threshold": 0.22478386167146974,
      "prevalence": 0.2288659793814433,
      "recall_at_0.5": 0.948948948948949,
      "recall_at_tuned_threshold": 0.23423423423423423,
      "threshold_used": 0.665410578250885
    },
    "pneumonia": {
      "auroc": 0.5131660942277873,
      "average_precision": 0.07634812277097595,
      "ece": 0.4456247396074929,
      "f1_at_0.5": 0.13598326359832638,
      "f1_at_tuned_threshold": 0.1317449194113525,
      "negative_count": 1353,
      "positive_count": 102,
      "precision_at_0.5": 0.07611241217798595,
      "precision_at_tuned_threshold": 0.0709433962264151,
      "prevalence": 0.07010309278350516,
      "recall_at_0.5": 0.6372549019607843,
      "recall_at_tuned_threshold": 0.9215686274509803,
      "threshold_used": 0.3674972355365753
    },
    "pneumothorax": {
      "auroc": 0.4666242390702822,
      "average_precision": 0.04086873491068821,
      "ece": 0.3785196017679633,
      "f1_at_0.5": 0.0686695278969957,
      "f1_at_tuned_threshold": 0.041379310344827586,
      "negative_count": 1390,
      "positive_count": 65,
      "precision_at_0.5": 0.0399002493765586,
      "precision_at_tuned_threshold": 0.0375,
      "prevalence": 0.044673539518900345,
      "recall_at_0.5": 0.24615384615384617,
      "recall_at_tuned_threshold": 0.046153846153846156,
      "threshold_used": 0.6250948905944824
    }
  },
  "loss": 1.1961525614728632,
  "macro": {
    "auroc": 0.4969198152996842,
    "average_precision": 0.12863454853111356,
    "ece": 0.3714748299372513,
    "f1_at_0.5": 0.184401157227109,
    "f1_at_tuned_thresholds": 0.16069676981893527
  },
  "num_examples": 1455,
  "split_alias": "target_test",
  "valid_label_counts": {
    "macro_auroc": 7,
    "macro_average_precision": 7
  }
}