{
  "brier_score": 0.04869331366249493,
  "label_metrics": {
    "0": {
      "auprc": 0.2935379086525327,
      "auroc": 0.7905207217153185,
      "brier": 0.08807577192783356,
      "ece": 0.05121279276162386
    },
    "1": {
      "auprc": 0.22151278833099342,
      "auroc": 0.8519444525200841,
      "brier": 0.02334284968674183,
      "ece": 0.007766486992128193
    },
    "2": {
      "auprc": 0.17511911260078925,
      "auroc": 0.7984900000563854,
      "brier": 0.041184891015291214,
      "ece": 0.00792462170496583
    },
    "3": {
      "auprc": 0.19582702437205496,
      "auroc": 0.8855985074449502,
      "brier": 0.046886611729860306,
      "ece": 0.09219523584935815
    },
    "4": {
      "auprc": 0.5071120702793899,
      "auroc": 0.8657072460255798,
      "brier": 0.08739724010229111,
      "ece": 0.05265218237973749
    },
    "5": {
      "auprc": 0.049045388409229125,
      "auroc": 0.7832331208345408,
      "brier": 0.013907475396990776,
      "ece": 0.010402180637232958
    },
    "6": {
      "auprc": 0.28496061225514974,
      "auroc": 0.8557098634910432,
      "brier": 0.040058355778455734,
      "ece": 0.016063990155234933
    }
  },
  "macro_auprc": 0.2467307007000199,
  "macro_auroc": 0.8330291302982716,
  "macro_ece": 0.034031070068611634,
  "micro_auprc": 0.3116600665867378,
  "micro_auroc": 0.8530917327293319,
  "num_examples": 2000,
  "prediction_artifact": "/workspace/paper_v1/outputs/nih_to_chexpert_seed_sweep/20260420T103712Z__nih_to_chexpert_seed_sweep/seed_1337/ablations/20260420T103742Z__gate_cap_0p2/metrics/d0_nih_test_predictions.npz",
  "valid_label_counts": {
    "brier_score": 7,
    "macro_auprc": 7,
    "macro_auroc": 7,
    "macro_ece": 7
  }
}
