{
  "brier_score": 0.10598334270928587,
  "label_metrics": {
    "0": {
      "auprc": 0.7295225697442028,
      "auroc": 0.8546266233766233,
      "brier": 0.16603587567806244,
      "ece": 0.12164316482396208
    },
    "1": {
      "auprc": 0.6418271958506699,
      "auroc": 0.7989014883061658,
      "brier": 0.1846843957901001,
      "ece": 0.14431427355505463
    },
    "2": {
      "auprc": 0.5157824696297044,
      "auroc": 0.898989898989899,
      "brier": 0.09313757717609406,
      "ece": 0.07251102853821129
    },
    "3": {
      "auprc": 0.6135033291184362,
      "auroc": 0.8416225749559083,
      "brier": 0.11312339454889297,
      "ece": 0.04211375483462953
    },
    "4": {
      "auprc": 0.8380955471100915,
      "auroc": 0.919563857359907,
      "brier": 0.11208824068307877,
      "ece": 0.10036162554453582
    },
    "5": {
      "auprc": 0.39627594627594626,
      "auroc": 0.9070796460176991,
      "brier": 0.030328715220093727,
      "ece": 0.01649628323303838
    },
    "6": {
      "auprc": 0.12111543206511313,
      "auroc": 0.7721238938053097,
      "brier": 0.04248519986867905,
      "ece": 0.07297434758108395
    }
  },
  "macro_auprc": 0.5508746413991663,
  "macro_auroc": 0.856129711830216,
  "macro_ece": 0.08148778258721652,
  "micro_auprc": 0.6244478833465144,
  "micro_auroc": 0.8648130696608639,
  "num_examples": 234,
  "prediction_artifact": "/workspace/paper_v1/outputs/nih_to_chexpert_seed_sweep/20260420T103712Z__nih_to_chexpert_seed_sweep/seed_1337/ablations/20260420T103742Z__gate_cap_0p2/metrics/d1_chexpert_test_predictions.npz",
  "valid_label_counts": {
    "brier_score": 7,
    "macro_auprc": 7,
    "macro_auroc": 7,
    "macro_ece": 7
  }
}
