{
  "brier_score": 0.048626123262303214,
  "label_metrics": {
    "0": {
      "auprc": 0.2586356206202805,
      "auroc": 0.7769479711227284,
      "brier": 0.08669748157262802,
      "ece": 0.043713269964791836
    },
    "1": {
      "auprc": 0.18864734548048107,
      "auroc": 0.8394627438439399,
      "brier": 0.02355005405843258,
      "ece": 0.005893824967555702
    },
    "2": {
      "auprc": 0.16274191806293845,
      "auroc": 0.7849575136311607,
      "brier": 0.041817180812358856,
      "ece": 0.014818193616345524
    },
    "3": {
      "auprc": 0.16599930087167714,
      "auroc": 0.8771494099891861,
      "brier": 0.042612142860889435,
      "ece": 0.0757109163464047
    },
    "4": {
      "auprc": 0.4892622336235244,
      "auroc": 0.8602638763159958,
      "brier": 0.08965101838111877,
      "ece": 0.05711062593571842
    },
    "5": {
      "auprc": 0.03523539780569529,
      "auroc": 0.7345878006374963,
      "brier": 0.014203721657395363,
      "ece": 0.0050181057737208904
    },
    "6": {
      "auprc": 0.25318267777253683,
      "auroc": 0.8358622167340471,
      "brier": 0.041851263493299484,
      "ece": 0.031677590188104655
    }
  },
  "macro_auprc": 0.22195778489101906,
  "macro_auroc": 0.8156045046106506,
  "macro_ece": 0.033420360970377386,
  "micro_auprc": 0.29091372843564955,
  "micro_auroc": 0.8384880962202406,
  "num_examples": 2000,
  "prediction_artifact": "/workspace/paper_v1/outputs/nih_to_chexpert_seed_sweep/20260420T103712Z__nih_to_chexpert_seed_sweep/seed_1337/ablations/20260420T103738Z__original_gate/metrics/d0_nih_test_predictions.npz",
  "valid_label_counts": {
    "brier_score": 7,
    "macro_auprc": 7,
    "macro_auroc": 7,
    "macro_ece": 7
  }
}
