{
  "brier_score": 0.10421897577387947,
  "label_metrics": {
    "0": {
      "auprc": 0.7367715352699626,
      "auroc": 0.8487824675324676,
      "brier": 0.16787178814411163,
      "ece": 0.11389842339687878
    },
    "1": {
      "auprc": 0.6373969044786858,
      "auroc": 0.8079376328844791,
      "brier": 0.18531307578086853,
      "ece": 0.14866364008595806
    },
    "2": {
      "auprc": 0.5115051152083819,
      "auroc": 0.8962761947836575,
      "brier": 0.09381619840860367,
      "ece": 0.07120953109433764
    },
    "3": {
      "auprc": 0.6713591862412369,
      "auroc": 0.8660787771898882,
      "brier": 0.10471236705780029,
      "ece": 0.05217539819960411
    },
    "4": {
      "auprc": 0.8629056601557511,
      "auroc": 0.9335061220841898,
      "brier": 0.10344450175762177,
      "ece": 0.1020664390351655
    },
    "5": {
      "auprc": 0.2695542690760515,
      "auroc": 0.8683628318584071,
      "brier": 0.030560534447431564,
      "ece": 0.021779759110421196
    },
    "6": {
      "auprc": 0.11749966322418148,
      "auroc": 0.7616150442477876,
      "brier": 0.043814364820718765,
      "ece": 0.0715572900401476
    }
  },
  "macro_auprc": 0.543856047664893,
  "macro_auroc": 0.8546512957972682,
  "macro_ece": 0.08305006870893042,
  "micro_auprc": 0.6376815989015729,
  "micro_auroc": 0.8673894039122294,
  "num_examples": 234,
  "prediction_artifact": "/workspace/paper_v1/outputs/nih_to_chexpert_seed_sweep/20260420T103712Z__nih_to_chexpert_seed_sweep/seed_1337/ablations/20260420T103738Z__original_gate/metrics/d1_chexpert_test_predictions.npz",
  "valid_label_counts": {
    "brier_score": 7,
    "macro_auprc": 7,
    "macro_auroc": 7,
    "macro_ece": 7
  }
}
