{
  "brier_score": 0.04348296392709017,
  "label_metrics": {
    "0": {
      "auprc": 0.2922285775545806,
      "auroc": 0.7890433050838284,
      "brier": 0.08393993973731995,
      "ece": 0.023104725297540426
    },
    "1": {
      "auprc": 0.24009174787567147,
      "auroc": 0.8665581300694829,
      "brier": 0.022774679586291313,
      "ece": 0.007036108011379837
    },
    "2": {
      "auprc": 0.2093099289025814,
      "auroc": 0.8092257726203969,
      "brier": 0.04075935482978821,
      "ece": 0.009743492008186876
    },
    "3": {
      "auprc": 0.1828574659908314,
      "auroc": 0.7162006393269242,
      "brier": 0.019676120951771736,
      "ece": 0.008505155929364265
    },
    "4": {
      "auprc": 0.49241168300180094,
      "auroc": 0.8615088897284018,
      "brier": 0.08342353254556656,
      "ece": 0.040059577166102825
    },
    "5": {
      "auprc": 0.06275569743911717,
      "auroc": 0.7959287163141119,
      "brier": 0.01348756905645132,
      "ece": 0.002706435604020953
    },
    "6": {
      "auprc": 0.2638642227085574,
      "auroc": 0.8390705437240276,
      "brier": 0.04031955078244209,
      "ece": 0.017591809472069144
    }
  },
  "macro_auprc": 0.24907418906759152,
  "macro_auroc": 0.8110765709810249,
  "macro_ece": 0.015535329069809188,
  "micro_auprc": 0.3330656839537688,
  "micro_auroc": 0.8589080472701183,
  "num_examples": 2000,
  "prediction_artifact": "/workspace/paper_v1/outputs/nih_to_chexpert_topk_seed_sweep/20260420T123811Z__nih_to_chexpert_topk_seed_sweep/seed_1337/20260420T123905Z__topk_labelwise_trust_region_k1/metrics/d0_nih_test_predictions.npz",
  "valid_label_counts": {
    "brier_score": 7,
    "macro_auprc": 7,
    "macro_auroc": 7,
    "macro_ece": 7
  }
}
