{
  "brier_score": 0.13072760509593145,
  "label_metrics": {
    "0": {
      "auprc": 0.7481404653698843,
      "auroc": 0.8530844155844157,
      "brier": 0.20908880233764648,
      "ece": 0.1910384998171248
    },
    "1": {
      "auprc": 0.5821453244785109,
      "auroc": 0.7402551381998583,
      "brier": 0.23613187670707703,
      "ece": 0.2283397658258422
    },
    "2": {
      "auprc": 0.5302025196142166,
      "auroc": 0.9050203527815468,
      "brier": 0.108268141746521,
      "ece": 0.07601813666331461
    },
    "3": {
      "auprc": 0.6483292931371574,
      "auroc": 0.861845972957084,
      "brier": 0.18433034420013428,
      "ece": 0.1823072610422969
    },
    "4": {
      "auprc": 0.8268794845310194,
      "auroc": 0.9110733756367861,
      "brier": 0.10898137092590332,
      "ece": 0.04711810905390825
    },
    "5": {
      "auprc": 0.3311395929339478,
      "auroc": 0.8987831858407079,
      "brier": 0.0332096591591835,
      "ece": 0.027376499492675066
    },
    "6": {
      "auprc": 0.12536491869209077,
      "auroc": 0.793141592920354,
      "brier": 0.035083040595054626,
      "ece": 0.02891208623878212
    }
  },
  "macro_auprc": 0.5417430855366895,
  "macro_auroc": 0.8518862905601076,
  "macro_ece": 0.11158719401913485,
  "micro_auprc": 0.5537322619614227,
  "micro_auroc": 0.7973145733342099,
  "num_examples": 234,
  "prediction_artifact": "/workspace/paper_v1/outputs/nih_to_chexpert_topk_seed_sweep/20260420T123811Z__nih_to_chexpert_topk_seed_sweep/seed_1337/20260420T123905Z__topk_labelwise_trust_region_k1/metrics/d1_chexpert_test_predictions.npz",
  "valid_label_counts": {
    "brier_score": 7,
    "macro_auprc": 7,
    "macro_auroc": 7,
    "macro_ece": 7
  }
}
