{
  "diagnostic_macro_f1_at_tuned_thresholds": 0.23448137048329673,
  "macro_auroc": 0.7748646222130983,
  "macro_average_precision": 0.16297258242891074,
  "macro_ece": 0.24030585366347662,
  "macro_f1_at_0.5": 0.20801294650831942,
  "per_label": {
    "atelectasis": {
      "auroc": 0.7569917404087061,
      "average_precision": 0.2652871931337109,
      "ece": 0.22557035747961,
      "f1_at_0.5": 0.3314393939393939,
      "f1_at_tuned_threshold": 0.34400222655162815,
      "positive_count": 1152,
      "threshold": 0.47433218359947205
    },
    "cardiomegaly": {
      "auroc": 0.8151219574137699,
      "average_precision": 0.15493585578485106,
      "ece": 0.2089524274977587,
      "f1_at_0.5": 0.22465753424657536,
      "f1_at_tuned_threshold": 0.2535211267605634,
      "positive_count": 303,
      "threshold": 0.5601406097412109
    },
    "consolidation": {
      "auroc": 0.7538971335970094,
      "average_precision": 0.10522966161592462,
      "ece": 0.2611420808622468,
      "f1_at_0.5": 0.163135593220339,
      "f1_at_tuned_threshold": 0.1791951404707669,
      "positive_count": 454,
      "threshold": 0.5944859981536865
    },
    "edema": {
      "auroc": 0.8704021557108965,
      "average_precision": 0.11897064717835856,
      "ece": 0.18394970980265993,
      "f1_at_0.5": 0.17494356659142213,
      "f1_at_tuned_threshold": 0.21023513139695713,
      "positive_count": 253,
      "threshold": 0.6730638742446899
    },
    "emphysema": {
      "auroc": 0.8227070622063258,
      "average_precision": 0.12411716091874565,
      "ece": 0.2541523310463344,
      "f1_at_0.5": 0.12588235294117647,
      "f1_at_tuned_threshold": 0.20502092050209203,
      "positive_count": 194,
      "threshold": 0.7049639821052551
    },
    "fibrosis": {
      "auroc": 0.7881589322273834,
      "average_precision": 0.09375176276939419,
      "ece": 0.25965362904676864,
      "f1_at_0.5": 0.10505450941526263,
      "f1_at_tuned_threshold": 0.14906832298136644,
      "positive_count": 158,
      "threshold": 0.6158343553543091
    },
    "hernia": {
      "auroc": 0.8234474166443193,
      "average_precision": 0.031197293869965587,
      "ece": 0.19160878215441204,
      "f1_at_0.5": 0.026246719160104987,
      "f1_at_tuned_threshold": 0.10752688172043011,
      "positive_count": 32,
      "threshold": 0.65192049741745
    },
    "infiltration": {
      "auroc": 0.6952597164767863,
      "average_precision": 0.3448340004872829,
      "ece": 0.20534744135599128,
      "f1_at_0.5": 0.3962946226841391,
      "f1_at_tuned_threshold": 0.4066719618745036,
      "positive_count": 2014,
      "threshold": 0.4520946741104126
    },
    "mass": {
      "auroc": 0.7239994107077303,
      "average_precision": 0.1487893948239285,
      "ece": 0.28211755908999764,
      "f1_at_0.5": 0.2190287413280476,
      "f1_at_tuned_threshold": 0.224390243902439,
      "positive_count": 584,
      "threshold": 0.5134052038192749
    },
    "nodule": {
      "auroc": 0.6667264318533378,
      "average_precision": 0.1235402223826078,
      "ece": 0.2914821899951179,
      "f1_at_0.5": 0.1760674749604639,
      "f1_at_tuned_threshold": 0.18329355608591885,
      "positive_count": 660,
      "threshold": 0.48519933223724365
    },
    "pleural_effusion": {
      "auroc": 0.8335523055764362,
      "average_precision": 0.4206450755010012,
      "ece": 0.1848481353222912,
      "f1_at_0.5": 0.45791245791245794,
      "f1_at_tuned_threshold": 0.4633294528521536,
      "positive_count": 1390,
      "threshold": 0.5394367575645447
    },
    "pleural_thickening": {
      "auroc": 0.7365449589017528,
      "average_precision": 0.07560420657677018,
      "ece": 0.2883575352474786,
      "f1_at_0.5": 0.1424109931292942,
      "f1_at_tuned_threshold": 0.14484126984126983,
      "positive_count": 309,
      "threshold": 0.5625758171081543
    },
    "pneumonia": {
      "auroc": 0.7161050760272117,
      "average_precision": 0.042827994502213376,
      "ece": 0.28163564818502745,
      "f1_at_0.5": 0.08085106382978723,
      "f1_at_tuned_threshold": 0.09562563580874874,
      "positive_count": 146,
      "threshold": 0.5435027480125427
    },
    "pneumothorax": {
      "auroc": 0.8451904132317105,
      "average_precision": 0.23188568445999533,
      "ece": 0.24546412420297842,
      "f1_at_0.5": 0.28825622775800713,
      "f1_at_tuned_threshold": 0.31601731601731603,
      "positive_count": 504,
      "threshold": 0.6364953517913818
    }
  },
  "thresholds": {
    "atelectasis": {
      "best_f1": 0.34400222655162815,
      "prevalence": 0.10268294856939121,
      "threshold": 0.47433218359947205
    },
    "cardiomegaly": {
      "best_f1": 0.2535211267605634,
      "prevalence": 0.027007754701845084,
      "threshold": 0.5601406097412109
    },
    "consolidation": {
      "best_f1": 0.1791951404707669,
      "prevalence": 0.04046706480078438,
      "threshold": 0.5944859981536865
    },
    "edema": {
      "best_f1": 0.21023513139695713,
      "prevalence": 0.022551029503520812,
      "threshold": 0.6730638742446899
    },
    "emphysema": {
      "best_f1": 0.20502092050209203,
      "prevalence": 0.01729209376949817,
      "threshold": 0.7049639821052551
    },
    "fibrosis": {
      "best_f1": 0.14906832298136644,
      "prevalence": 0.014083251626704697,
      "threshold": 0.6158343553543091
    },
    "hernia": {
      "best_f1": 0.10752688172043011,
      "prevalence": 0.0028523041269275335,
      "threshold": 0.65192049741745
    },
    "infiltration": {
      "best_f1": 0.4066719618745036,
      "prevalence": 0.17951689098850165,
      "threshold": 0.4520946741104126
    },
    "mass": {
      "best_f1": 0.224390243902439,
      "prevalence": 0.052054550316427486,
      "threshold": 0.5134052038192749
    },
    "nodule": {
      "best_f1": 0.18329355608591885,
      "prevalence": 0.05882877261788038,
      "threshold": 0.48519933223724365
    },
    "pleural_effusion": {
      "best_f1": 0.4633294528521536,
      "prevalence": 0.12389696051341474,
      "threshold": 0.5394367575645447
    },
    "pleural_thickening": {
      "best_f1": 0.14484126984126983,
      "prevalence": 0.027542561725643996,
      "threshold": 0.5625758171081543
    },
    "pneumonia": {
      "best_f1": 0.09562563580874874,
      "prevalence": 0.013013637579106872,
      "threshold": 0.5435027480125427
    },
    "pneumothorax": {
      "best_f1": 0.31601731601731603,
      "prevalence": 0.044923789999108656,
      "threshold": 0.6364953517913818
    }
  }
}