{
  "brier_score": 0.054202768951654434,
  "label_metrics": {
    "0": {
      "auprc": 0.28711169626999655,
      "auroc": 0.7867162385946683,
      "brier": 0.08625074476003647,
      "ece": 0.04440167475305497
    },
    "1": {
      "auprc": 0.20709491850108133,
      "auroc": 0.8455194735975036,
      "brier": 0.02374803088605404,
      "ece": 0.008550229773391038
    },
    "2": {
      "auprc": 0.16901835935482457,
      "auroc": 0.7888932117664971,
      "brier": 0.041548095643520355,
      "ece": 0.013711586620658637
    },
    "3": {
      "auprc": 0.2108640316039431,
      "auroc": 0.8937148696985182,
      "brier": 0.08150190114974976,
      "ece": 0.1465302074011415
    },
    "4": {
      "auprc": 0.4900313729365302,
      "auroc": 0.8621860439698822,
      "brier": 0.09015975892543793,
      "ece": 0.060594849884510034
    },
    "5": {
      "auprc": 0.04336756420775004,
      "auroc": 0.7488409156766154,
      "brier": 0.014222869649529457,
      "ece": 0.0071802581674419354
    },
    "6": {
      "auprc": 0.25898208778131065,
      "auroc": 0.8436377578925407,
      "brier": 0.041987981647253036,
      "ece": 0.02680985448975116
    }
  },
  "macro_auprc": 0.23806714723649094,
  "macro_auroc": 0.8242155015994607,
  "macro_ece": 0.04396838015570704,
  "micro_auprc": 0.2652178911431864,
  "micro_auroc": 0.835034987587469,
  "num_examples": 2000,
  "prediction_artifact": "/workspace/paper_v1/outputs/nih_to_chexpert_postmortem/20260420T100814Z__nih_to_chexpert_postmortem/20260420T100827Z__lwf_prototype_replay/metrics/d0_nih_test_predictions.npz",
  "valid_label_counts": {
    "brier_score": 7,
    "macro_auprc": 7,
    "macro_auroc": 7,
    "macro_ece": 7
  }
}
