{
  "brier_score": 0.10514944286218711,
  "label_metrics": {
    "0": {
      "auprc": 0.7249174233988344,
      "auroc": 0.8445616883116883,
      "brier": 0.17080529034137726,
      "ece": 0.12075084782181641
    },
    "1": {
      "auprc": 0.6471141005355259,
      "auroc": 0.812012756909993,
      "brier": 0.18605296313762665,
      "ece": 0.15358109210227797
    },
    "2": {
      "auprc": 0.5187434690376428,
      "auroc": 0.895220865370119,
      "brier": 0.09335315227508545,
      "ece": 0.06290708910514657
    },
    "3": {
      "auprc": 0.6442481618782153,
      "auroc": 0.8537330981775426,
      "brier": 0.10976175218820572,
      "ece": 0.07623985799777713
    },
    "4": {
      "auprc": 0.8531723479966062,
      "auroc": 0.9289480740012512,
      "brier": 0.10439012199640274,
      "ece": 0.06965267096256089
    },
    "5": {
      "auprc": 0.22506547167691746,
      "auroc": 0.8567477876106194,
      "brier": 0.031079435721039772,
      "ece": 0.009112448383791324
    },
    "6": {
      "auprc": 0.1123077381005133,
      "auroc": 0.7638274336283186,
      "brier": 0.040603384375572205,
      "ece": 0.05919590338459636
    }
  },
  "macro_auprc": 0.5322241018034649,
  "macro_auroc": 0.8507216720013618,
  "macro_ece": 0.07877712996542381,
  "micro_auprc": 0.633063619352952,
  "micro_auroc": 0.8670070934420361,
  "num_examples": 234,
  "prediction_artifact": "/workspace/paper_v1/outputs/nih_to_chexpert_postmortem/20260420T100814Z__nih_to_chexpert_postmortem/20260420T100827Z__lwf_prototype_replay/metrics/d1_chexpert_test_predictions.npz",
  "valid_label_counts": {
    "brier_score": 7,
    "macro_auprc": 7,
    "macro_auroc": 7,
    "macro_ece": 7
  }
}
