{
  "brier_score": 0.10458355370376791,
  "label_metrics": {
    "0": {
      "auprc": 0.7137522281592621,
      "auroc": 0.838961038961039,
      "brier": 0.167172372341156,
      "ece": 0.10554236390142357
    },
    "1": {
      "auprc": 0.6694231203768517,
      "auroc": 0.8255669737774627,
      "brier": 0.18175354599952698,
      "ece": 0.15119976410244265
    },
    "2": {
      "auprc": 0.5223357352321871,
      "auroc": 0.8964269561284487,
      "brier": 0.0908270925283432,
      "ece": 0.07079248969307822
    },
    "3": {
      "auprc": 0.6421525086909573,
      "auroc": 0.8509112286890065,
      "brier": 0.11272665858268738,
      "ece": 0.07445648572065383
    },
    "4": {
      "auprc": 0.8465394388399886,
      "auroc": 0.92698185718116,
      "brier": 0.10602199286222458,
      "ece": 0.09301735505334333
    },
    "5": {
      "auprc": 0.3152423817317434,
      "auroc": 0.8882743362831858,
      "brier": 0.030050816014409065,
      "ece": 0.018805072985143747
    },
    "6": {
      "auprc": 0.11399397003460814,
      "auroc": 0.7632743362831858,
      "brier": 0.04353239759802818,
      "ece": 0.069128224435143
    }
  },
  "macro_auprc": 0.5462056261522283,
  "macro_auroc": 0.8557709610433554,
  "macro_ece": 0.0832773936987469,
  "micro_auprc": 0.628341917623742,
  "micro_auroc": 0.8681515897540795,
  "num_examples": 234,
  "prediction_artifact": "/workspace/paper_v1/outputs/nih_to_chexpert/20260420T091540Z__nih_to_chexpert/20260420T091549Z__vq_summary_replay/metrics/d1_chexpert_test_predictions.npz",
  "valid_label_counts": {
    "brier_score": 7,
    "macro_auprc": 7,
    "macro_auroc": 7,
    "macro_ece": 7
  }
}
