{
  "brier_score": 0.050134549316551,
  "label_metrics": {
    "0": {
      "auprc": 0.3051098159574959,
      "auroc": 0.7964466235888777,
      "brier": 0.09319023042917252,
      "ece": 0.07226743957493453
    },
    "1": {
      "auprc": 0.23851362657642358,
      "auroc": 0.8600556250060567,
      "brier": 0.023663563653826714,
      "ece": 0.01712913657352328
    },
    "2": {
      "auprc": 0.1841670948002171,
      "auroc": 0.8042525838591268,
      "brier": 0.04105430841445923,
      "ece": 0.009293340242467819
    },
    "3": {
      "auprc": 0.21418691960649033,
      "auroc": 0.8940832551009494,
      "brier": 0.05417260900139809,
      "ece": 0.10861276744515637
    },
    "4": {
      "auprc": 0.5124772954590273,
      "auroc": 0.8652771936827448,
      "brier": 0.08471203595399857,
      "ece": 0.04804677859134971
    },
    "5": {
      "auprc": 0.05640921273123079,
      "auroc": 0.7984823239640684,
      "brier": 0.013857799582183361,
      "ece": 0.012389084910973906
    },
    "6": {
      "auprc": 0.28922974222334813,
      "auroc": 0.8575367491584485,
      "brier": 0.04029129818081856,
      "ece": 0.016066061614081265
    }
  },
  "macro_auprc": 0.2571562439077476,
  "macro_auroc": 0.8394477649086104,
  "macro_ece": 0.04054351556464098,
  "micro_auprc": 0.3107782431626807,
  "micro_auroc": 0.8570782426956067,
  "num_examples": 2000,
  "prediction_artifact": "/workspace/paper_v1/outputs/nih_to_chexpert_seed_sweep/20260420T122137Z__nih_to_chexpert_seed_sweep/seed_1337/ablations/20260420T122215Z__gate_cap_0p1/metrics/d0_nih_test_predictions.npz",
  "valid_label_counts": {
    "brier_score": 7,
    "macro_auprc": 7,
    "macro_auroc": 7,
    "macro_ece": 7
  }
}
