{
  "brier_score": 0.10715884209743567,
  "label_metrics": {
    "0": {
      "auprc": 0.7579841958547231,
      "auroc": 0.864448051948052,
      "brier": 0.17030608654022217,
      "ece": 0.1198236843586987
    },
    "1": {
      "auprc": 0.6221706060803617,
      "auroc": 0.7764883061658397,
      "brier": 0.18737643957138062,
      "ece": 0.14306779003614545
    },
    "2": {
      "auprc": 0.5260267183815944,
      "auroc": 0.9041157847127996,
      "brier": 0.0945696085691452,
      "ece": 0.08077530581185705
    },
    "3": {
      "auprc": 0.6299505236321155,
      "auroc": 0.8484420928865375,
      "brier": 0.11209888756275177,
      "ece": 0.06338161102726929
    },
    "4": {
      "auprc": 0.8286146074568815,
      "auroc": 0.9116989900795424,
      "brier": 0.11476700752973557,
      "ece": 0.09364571220949928
    },
    "5": {
      "auprc": 0.4322056051406492,
      "auroc": 0.9087389380530972,
      "brier": 0.03099680505692959,
      "ece": 0.009458234533667564
    },
    "6": {
      "auprc": 0.12136536402665433,
      "auroc": 0.773783185840708,
      "brier": 0.03999705985188484,
      "ece": 0.06637913057914911
    }
  },
  "macro_auprc": 0.5597596600818543,
  "macro_auroc": 0.8553879070980823,
  "macro_ece": 0.08236163836518377,
  "micro_auprc": 0.6267876372855914,
  "micro_auroc": 0.8629916159557396,
  "num_examples": 234,
  "prediction_artifact": "/workspace/paper_v1/outputs/nih_to_chexpert_seed_sweep/20260420T122137Z__nih_to_chexpert_seed_sweep/seed_1337/ablations/20260420T122215Z__gate_cap_0p1/metrics/d1_chexpert_test_predictions.npz",
  "valid_label_counts": {
    "brier_score": 7,
    "macro_auprc": 7,
    "macro_auroc": 7,
    "macro_ece": 7
  }
}
