{
  "diagnostic_macro_f1_at_tuned_thresholds": 0.22768835630351353,
  "macro_auroc": 0.7669549186830135,
  "macro_average_precision": 0.15634654601890635,
  "macro_ece": 0.19482018823041772,
  "macro_f1_at_0.5": 0.20454274860060714,
  "per_label": {
    "atelectasis": {
      "auroc": 0.7490281692521219,
      "average_precision": 0.24945194730457526,
      "ece": 0.19191460699847127,
      "f1_at_0.5": 0.30998851894374285,
      "f1_at_tuned_threshold": 0.32929515418502203,
      "positive_count": 1152,
      "threshold": 0.43727198243141174
    },
    "cardiomegaly": {
      "auroc": 0.7908937375965519,
      "average_precision": 0.13754154956275852,
      "ece": 0.1849990324907942,
      "f1_at_0.5": 0.18128654970760233,
      "f1_at_tuned_threshold": 0.1995841995841996,
      "positive_count": 303,
      "threshold": 0.4570218026638031
    },
    "consolidation": {
      "auroc": 0.7599043236463412,
      "average_precision": 0.10293239269497116,
      "ece": 0.21463312865484366,
      "f1_at_0.5": 0.17598994343180388,
      "f1_at_tuned_threshold": 0.17888563049853373,
      "positive_count": 454,
      "threshold": 0.511135458946228
    },
    "edema": {
      "auroc": 0.8675892932448769,
      "average_precision": 0.13390980044241169,
      "ece": 0.16812863626327834,
      "f1_at_0.5": 0.18513119533527697,
      "f1_at_tuned_threshold": 0.2346041055718475,
      "positive_count": 253,
      "threshold": 0.584746778011322
    },
    "emphysema": {
      "auroc": 0.8249447132805012,
      "average_precision": 0.11165725864214444,
      "ece": 0.17303502927127104,
      "f1_at_0.5": 0.175,
      "f1_at_tuned_threshold": 0.2071563088512241,
      "positive_count": 194,
      "threshold": 0.5734166502952576
    },
    "fibrosis": {
      "auroc": 0.7824901381178482,
      "average_precision": 0.06480235855127993,
      "ece": 0.22018292525535638,
      "f1_at_0.5": 0.09722222222222222,
      "f1_at_tuned_threshold": 0.12162162162162161,
      "positive_count": 158,
      "threshold": 0.524120569229126
    },
    "hernia": {
      "auroc": 0.828819165102351,
      "average_precision": 0.058450037574894156,
      "ece": 0.10824602055434335,
      "f1_at_0.5": 0.08298755186721991,
      "f1_at_tuned_threshold": 0.15,
      "positive_count": 32,
      "threshold": 0.6238212585449219
    },
    "infiltration": {
      "auroc": 0.6858481396115297,
      "average_precision": 0.33880807465167007,
      "ece": 0.17539958300140196,
      "f1_at_0.5": 0.3900171274773673,
      "f1_at_tuned_threshold": 0.4086253369272237,
      "positive_count": 2014,
      "threshold": 0.39170560240745544
    },
    "mass": {
      "auroc": 0.6870053809146589,
      "average_precision": 0.13573925964934921,
      "ece": 0.23701475478781134,
      "f1_at_0.5": 0.17070805043646944,
      "f1_at_tuned_threshold": 0.19858925664677157,
      "positive_count": 584,
      "threshold": 0.44785943627357483
    },
    "nodule": {
      "auroc": 0.6471130473214004,
      "average_precision": 0.11794616502751733,
      "ece": 0.24042597320619802,
      "f1_at_0.5": 0.14096185737976782,
      "f1_at_tuned_threshold": 0.1725936462778568,
      "positive_count": 660,
      "threshold": 0.4208124577999115
    },
    "pleural_effusion": {
      "auroc": 0.8300008563705552,
      "average_precision": 0.4052495505694711,
      "ece": 0.16191830504405055,
      "f1_at_0.5": 0.449038185472294,
      "f1_at_tuned_threshold": 0.4525962283647636,
      "positive_count": 1390,
      "threshold": 0.4723055958747864
    },
    "pleural_thickening": {
      "auroc": 0.7299834776443926,
      "average_precision": 0.07560452475082202,
      "ece": 0.23625005114525063,
      "f1_at_0.5": 0.128,
      "f1_at_tuned_threshold": 0.14697120158887783,
      "positive_count": 309,
      "threshold": 0.48019731044769287
    },
    "pneumonia": {
      "auroc": 0.7219838704289961,
      "average_precision": 0.03562995684145309,
      "ece": 0.23128197360220987,
      "f1_at_0.5": 0.0761346998535871,
      "f1_at_tuned_threshold": 0.08333333333333333,
      "positive_count": 146,
      "threshold": 0.4960119128227234
    },
    "pneumothorax": {
      "auroc": 0.8317645490300647,
      "average_precision": 0.22112876800137113,
      "ece": 0.1840526149505674,
      "f1_at_0.5": 0.3011325782811459,
      "f1_at_tuned_threshold": 0.30378096479791394,
      "positive_count": 504,
      "threshold": 0.49581819772720337
    }
  },
  "thresholds": {
    "atelectasis": {
      "best_f1": 0.32929515418502203,
      "prevalence": 0.10268294856939121,
      "threshold": 0.43727198243141174
    },
    "cardiomegaly": {
      "best_f1": 0.1995841995841996,
      "prevalence": 0.027007754701845084,
      "threshold": 0.4570218026638031
    },
    "consolidation": {
      "best_f1": 0.17888563049853373,
      "prevalence": 0.04046706480078438,
      "threshold": 0.511135458946228
    },
    "edema": {
      "best_f1": 0.2346041055718475,
      "prevalence": 0.022551029503520812,
      "threshold": 0.584746778011322
    },
    "emphysema": {
      "best_f1": 0.2071563088512241,
      "prevalence": 0.01729209376949817,
      "threshold": 0.5734166502952576
    },
    "fibrosis": {
      "best_f1": 0.12162162162162161,
      "prevalence": 0.014083251626704697,
      "threshold": 0.524120569229126
    },
    "hernia": {
      "best_f1": 0.15,
      "prevalence": 0.0028523041269275335,
      "threshold": 0.6238212585449219
    },
    "infiltration": {
      "best_f1": 0.4086253369272237,
      "prevalence": 0.17951689098850165,
      "threshold": 0.39170560240745544
    },
    "mass": {
      "best_f1": 0.19858925664677157,
      "prevalence": 0.052054550316427486,
      "threshold": 0.44785943627357483
    },
    "nodule": {
      "best_f1": 0.1725936462778568,
      "prevalence": 0.05882877261788038,
      "threshold": 0.4208124577999115
    },
    "pleural_effusion": {
      "best_f1": 0.4525962283647636,
      "prevalence": 0.12389696051341474,
      "threshold": 0.4723055958747864
    },
    "pleural_thickening": {
      "best_f1": 0.14697120158887783,
      "prevalence": 0.027542561725643996,
      "threshold": 0.48019731044769287
    },
    "pneumonia": {
      "best_f1": 0.08333333333333333,
      "prevalence": 0.013013637579106872,
      "threshold": 0.4960119128227234
    },
    "pneumothorax": {
      "best_f1": 0.30378096479791394,
      "prevalence": 0.044923789999108656,
      "threshold": 0.49581819772720337
    }
  }
}