{
  "label_metrics": {
    "atelectasis": {
      "auroc": 0.7273652195560174,
      "average_precision": 0.2131212087374298,
      "ece": 0.3777661393109491,
      "f1_at_0.5": 0.27272727272727276,
      "f1_at_tuned_threshold": 0.30476190476190473,
      "negative_count": 1794,
      "positive_count": 206,
      "precision_at_0.5": 0.164969450101833,
      "precision_at_tuned_threshold": 0.2507836990595611,
      "prevalence": 0.103,
      "recall_at_0.5": 0.7864077669902912,
      "recall_at_tuned_threshold": 0.3883495145631068,
      "threshold_used": 0.7154784798622131
    },
    "cardiomegaly": {
      "auroc": 0.7652217732166565,
      "average_precision": 0.12810182555846933,
      "ece": 0.33847842884704704,
      "f1_at_0.5": 0.1261595547309833,
      "f1_at_tuned_threshold": 0.1372549019607843,
      "negative_count": 1947,
      "positive_count": 53,
      "precision_at_0.5": 0.06995884773662552,
      "precision_at_tuned_threshold": 0.14285714285714285,
      "prevalence": 0.0265,
      "recall_at_0.5": 0.6415094339622641,
      "recall_at_tuned_threshold": 0.1320754716981132,
      "threshold_used": 0.8119210600852966
    },
    "consolidation": {
      "auroc": 0.746203855630924,
      "average_precision": 0.10696314976113111,
      "ece": 0.35431031373818955,
      "f1_at_0.5": 0.1718555417185554,
      "f1_at_tuned_threshold": 0.17369727047146402,
      "negative_count": 1907,
      "positive_count": 93,
      "precision_at_0.5": 0.09718309859154929,
      "precision_at_tuned_threshold": 0.09817671809256662,
      "prevalence": 0.0465,
      "recall_at_0.5": 0.7419354838709677,
      "recall_at_tuned_threshold": 0.7526881720430108,
      "threshold_used": 0.4975399076938629
    },
    "edema": {
      "auroc": 0.8560682582500505,
      "average_precision": 0.09623482097818432,
      "ece": 0.2651831275513727,
      "f1_at_0.5": 0.13473684210526315,
      "f1_at_tuned_threshold": 0.17475728155339806,
      "negative_count": 1957,
      "positive_count": 43,
      "precision_at_0.5": 0.07407407407407407,
      "precision_at_tuned_threshold": 0.15,
      "prevalence": 0.0215,
      "recall_at_0.5": 0.7441860465116279,
      "recall_at_tuned_threshold": 0.20930232558139536,
      "threshold_used": 0.8647286891937256
    },
    "pleural_effusion": {
      "auroc": 0.7871145863775575,
      "average_precision": 0.3133843635576498,
      "ece": 0.3167422501779859,
      "f1_at_0.5": 0.36466165413533835,
      "f1_at_tuned_threshold": 0.37057991513437055,
      "negative_count": 1761,
      "positive_count": 239,
      "precision_at_0.5": 0.23515151515151514,
      "precision_at_tuned_threshold": 0.2799145299145299,
      "prevalence": 0.1195,
      "recall_at_0.5": 0.8117154811715481,
      "recall_at_tuned_threshold": 0.5481171548117155,
      "threshold_used": 0.6887073516845703
    },
    "pneumonia": {
      "auroc": 0.6546109823239641,
      "average_precision": 0.02898338258565692,
      "ece": 0.30824878651866944,
      "f1_at_0.5": 0.04504504504504504,
      "f1_at_tuned_threshold": 0.07272727272727274,
      "negative_count": 1972,
      "positive_count": 28,
      "precision_at_0.5": 0.02403846153846154,
      "precision_at_tuned_threshold": 0.04878048780487805,
      "prevalence": 0.014,
      "recall_at_0.5": 0.35714285714285715,
      "recall_at_tuned_threshold": 0.14285714285714285,
      "threshold_used": 0.706365168094635
    },
    "pneumothorax": {
      "auroc": 0.7551860434956668,
      "average_precision": 0.14123989061835188,
      "ece": 0.24738015938138633,
      "f1_at_0.5": 0.21911421911421913,
      "f1_at_tuned_threshold": 0.21951219512195122,
      "negative_count": 1907,
      "positive_count": 93,
      "precision_at_0.5": 0.13988095238095238,
      "precision_at_tuned_threshold": 0.15319148936170213,
      "prevalence": 0.0465,
      "recall_at_0.5": 0.5053763440860215,
      "recall_at_tuned_threshold": 0.3870967741935484,
      "threshold_used": 0.5752126574516296
    }
  },
  "loss": 1.1518315200805664,
  "macro": {
    "auroc": 0.7559672455501195,
    "average_precision": 0.14686123454241046,
    "ece": 0.31544417221794285,
    "f1_at_0.5": 0.1906143042252396,
    "f1_at_tuned_thresholds": 0.20761296310444938
  },
  "num_examples": 2000,
  "split_alias": "d0_test",
  "valid_label_counts": {
    "macro_auroc": 7,
    "macro_average_precision": 7
  }
}