{
  "label_metrics": {
    "atelectasis": {
      "auroc": 0.8368711366758241,
      "average_precision": 0.4062825040798233,
      "ece": 0.22536314186887588,
      "f1_at_0.5": 0.3968668407310705,
      "f1_at_tuned_threshold": 0.4,
      "negative_count": 896,
      "positive_count": 104,
      "precision_at_0.5": 0.2724014336917563,
      "precision_at_tuned_threshold": 0.28125,
      "prevalence": 0.104,
      "recall_at_0.5": 0.7307692307692307,
      "recall_at_tuned_threshold": 0.6923076923076923,
      "threshold_used": 0.5292608141899109
    },
    "cardiomegaly": {
      "auroc": 0.804639175257732,
      "average_precision": 0.16411684545592248,
      "ece": 0.2126662757663034,
      "f1_at_0.5": 0.17708333333333331,
      "f1_at_tuned_threshold": 0.16964285714285715,
      "negative_count": 970,
      "positive_count": 30,
      "precision_at_0.5": 0.10493827160493827,
      "precision_at_tuned_threshold": 0.0979381443298969,
      "prevalence": 0.03,
      "recall_at_0.5": 0.5666666666666667,
      "recall_at_tuned_threshold": 0.6333333333333333,
      "threshold_used": 0.46173739433288574
    },
    "consolidation": {
      "auroc": 0.794982225868198,
      "average_precision": 0.12681032860775587,
      "ece": 0.17599329360216132,
      "f1_at_0.5": 0.21008403361344538,
      "f1_at_tuned_threshold": 0.16666666666666669,
      "negative_count": 954,
      "positive_count": 46,
      "precision_at_0.5": 0.13020833333333334,
      "precision_at_tuned_threshold": 0.12790697674418605,
      "prevalence": 0.046,
      "recall_at_0.5": 0.5434782608695652,
      "recall_at_tuned_threshold": 0.2391304347826087,
      "threshold_used": 0.6594383716583252
    },
    "edema": {
      "auroc": 0.9025641025641026,
      "average_precision": 0.18972125462480632,
      "ece": 0.2288485673808805,
      "f1_at_0.5": 0.16733067729083664,
      "f1_at_tuned_threshold": 0.19999999999999998,
      "negative_count": 975,
      "positive_count": 25,
      "precision_at_0.5": 0.09292035398230089,
      "precision_at_tuned_threshold": 0.11351351351351352,
      "prevalence": 0.025,
      "recall_at_0.5": 0.84,
      "recall_at_tuned_threshold": 0.84,
      "threshold_used": 0.650591254234314
    },
    "pleural_effusion": {
      "auroc": 0.8664596273291926,
      "average_precision": 0.5233278279453849,
      "ece": 0.10976676362445009,
      "f1_at_0.5": 0.5498489425981873,
      "f1_at_tuned_threshold": 0.5537459283387622,
      "negative_count": 874,
      "positive_count": 126,
      "precision_at_0.5": 0.44390243902439025,
      "precision_at_tuned_threshold": 0.4696132596685083,
      "prevalence": 0.126,
      "recall_at_0.5": 0.7222222222222222,
      "recall_at_tuned_threshold": 0.6746031746031746,
      "threshold_used": 0.5567933320999146
    },
    "pneumonia": {
      "auroc": 0.6784265430310055,
      "average_precision": 0.02216746452854529,
      "ece": 0.3580380074868356,
      "f1_at_0.5": 0.03663003663003663,
      "f1_at_tuned_threshold": 0.0,
      "negative_count": 986,
      "positive_count": 14,
      "precision_at_0.5": 0.019305019305019305,
      "precision_at_tuned_threshold": 0.0,
      "prevalence": 0.014,
      "recall_at_0.5": 0.35714285714285715,
      "recall_at_tuned_threshold": 0.0,
      "threshold_used": 0.7308950424194336
    },
    "pneumothorax": {
      "auroc": 0.8614967668314949,
      "average_precision": 0.1926194632347265,
      "ece": 0.25243533649211336,
      "f1_at_0.5": 0.2472727272727273,
      "f1_at_tuned_threshold": 0.13513513513513511,
      "negative_count": 956,
      "positive_count": 44,
      "precision_at_0.5": 0.1471861471861472,
      "precision_at_tuned_threshold": 0.16666666666666666,
      "prevalence": 0.044,
      "recall_at_0.5": 0.7727272727272727,
      "recall_at_tuned_threshold": 0.11363636363636363,
      "threshold_used": 0.9269825220108032
    }
  },
  "loss": 0.6802428193092346,
  "macro": {
    "auroc": 0.8207770825082213,
    "average_precision": 0.23214938406813776,
    "ece": 0.22330162660308858,
    "f1_at_0.5": 0.2550166559242339,
    "f1_at_tuned_thresholds": 0.23217008389763158
  },
  "num_examples": 1000,
  "split_alias": "d0_val",
  "valid_label_counts": {
    "macro_auroc": 7,
    "macro_average_precision": 7
  }
}