{
  "label_metrics": {
    "atelectasis": {
      "auroc": 0.8590909090909091,
      "average_precision": 0.770328209809947,
      "ece": 0.06507873826787176,
      "f1_at_0.5": 0.6285714285714286,
      "f1_at_tuned_threshold": 0.6131386861313869,
      "negative_count": 154,
      "positive_count": 80,
      "precision_at_0.5": 0.7333333333333333,
      "precision_at_tuned_threshold": 0.7368421052631579,
      "prevalence": 0.3418803418803419,
      "recall_at_0.5": 0.55,
      "recall_at_tuned_threshold": 0.525,
      "threshold_used": 0.5292608141899109
    },
    "cardiomegaly": {
      "auroc": 0.8152019844082211,
      "average_precision": 0.6622798563358718,
      "ece": 0.10609257252734293,
      "f1_at_0.5": 0.5599999999999999,
      "f1_at_tuned_threshold": 0.5735294117647058,
      "negative_count": 166,
      "positive_count": 68,
      "precision_at_0.5": 0.6140350877192983,
      "precision_at_tuned_threshold": 0.5735294117647058,
      "prevalence": 0.2905982905982906,
      "recall_at_0.5": 0.5147058823529411,
      "recall_at_tuned_threshold": 0.5735294117647058,
      "threshold_used": 0.46173739433288574
    },
    "consolidation": {
      "auroc": 0.885119855269109,
      "average_precision": 0.49269955448167263,
      "ece": 0.12886047131246153,
      "f1_at_0.5": 0.32,
      "f1_at_tuned_threshold": 0.2,
      "negative_count": 201,
      "positive_count": 33,
      "precision_at_0.5": 0.47058823529411764,
      "precision_at_tuned_threshold": 0.5714285714285714,
      "prevalence": 0.14102564102564102,
      "recall_at_0.5": 0.24242424242424243,
      "recall_at_tuned_threshold": 0.12121212121212122,
      "threshold_used": 0.6594383716583252
    },
    "edema": {
      "auroc": 0.8908877131099353,
      "average_precision": 0.6833168716450503,
      "ece": 0.19124028175115282,
      "f1_at_0.5": 0.6115702479338843,
      "f1_at_tuned_threshold": 0.6363636363636364,
      "negative_count": 189,
      "positive_count": 45,
      "precision_at_0.5": 0.4868421052631579,
      "precision_at_tuned_threshold": 0.6511627906976745,
      "prevalence": 0.19230769230769232,
      "recall_at_0.5": 0.8222222222222222,
      "recall_at_tuned_threshold": 0.6222222222222222,
      "threshold_used": 0.650591254234314
    },
    "pleural_effusion": {
      "auroc": 0.9214407006881759,
      "average_precision": 0.8403700418850644,
      "ece": 0.07493458786859908,
      "f1_at_0.5": 0.7086614173228347,
      "f1_at_tuned_threshold": 0.6495726495726495,
      "negative_count": 167,
      "positive_count": 67,
      "precision_at_0.5": 0.75,
      "precision_at_tuned_threshold": 0.76,
      "prevalence": 0.2863247863247863,
      "recall_at_0.5": 0.6716417910447762,
      "recall_at_tuned_threshold": 0.5671641791044776,
      "threshold_used": 0.5567933320999146
    },
    "pneumonia": {
      "auroc": 0.6045353982300885,
      "average_precision": 0.06316910201562188,
      "ece": 0.28736548009821955,
      "f1_at_0.5": 0.12121212121212122,
      "f1_at_tuned_threshold": 0.0,
      "negative_count": 226,
      "positive_count": 8,
      "precision_at_0.5": 0.08,
      "precision_at_tuned_threshold": 0.0,
      "prevalence": 0.03418803418803419,
      "recall_at_0.5": 0.25,
      "recall_at_tuned_threshold": 0.0,
      "threshold_used": 0.7308950424194336
    },
    "pneumothorax": {
      "auroc": 0.6620575221238938,
      "average_precision": 0.10127576072107607,
      "ece": 0.3208461383265787,
      "f1_at_0.5": 0.14925373134328357,
      "f1_at_tuned_threshold": 0.0,
      "negative_count": 226,
      "positive_count": 8,
      "precision_at_0.5": 0.0847457627118644,
      "precision_at_tuned_threshold": 0.0,
      "prevalence": 0.03418803418803419,
      "recall_at_0.5": 0.625,
      "recall_at_tuned_threshold": 0.0,
      "threshold_used": 0.9269825220108032
    }
  },
  "loss": 1.2069090604782104,
  "macro": {
    "auroc": 0.8054762975600475,
    "average_precision": 0.5162056281277577,
    "ece": 0.16777403859317522,
    "f1_at_0.5": 0.44275270662622174,
    "f1_at_tuned_thresholds": 0.38180062626176836
  },
  "num_examples": 234,
  "split_alias": "d1_test",
  "valid_label_counts": {
    "macro_auroc": 7,
    "macro_average_precision": 7
  }
}