{
  "brier_score": 0.12376587784716062,
  "label_metrics": {
    "0": {
      "auprc": 0.7645119630669049,
      "auroc": 0.8653409090909091,
      "brier": 0.1904297024011612,
      "ece": 0.1670843135151598
    },
    "1": {
      "auprc": 0.6062127479394366,
      "auroc": 0.760896527285613,
      "brier": 0.22515150904655457,
      "ece": 0.21502517488522405
    },
    "2": {
      "auprc": 0.536042416997983,
      "auroc": 0.9038142620232172,
      "brier": 0.10176880657672882,
      "ece": 0.06091050650828925
    },
    "3": {
      "auprc": 0.6537899076117941,
      "auroc": 0.8671369782480893,
      "brier": 0.17258521914482117,
      "ece": 0.17103604635653585
    },
    "4": {
      "auprc": 0.8386399000705053,
      "auroc": 0.9185807489498616,
      "brier": 0.10847657918930054,
      "ece": 0.0683933229973683
    },
    "5": {
      "auprc": 0.3000039638220219,
      "auroc": 0.9054203539823008,
      "brier": 0.03301255777478218,
      "ece": 0.026609063148498535
    },
    "6": {
      "auprc": 0.13074794616266527,
      "auroc": 0.7710176991150444,
      "brier": 0.03493677079677582,
      "ece": 0.033539932571415215
    }
  },
  "macro_auprc": 0.5471355493816158,
  "macro_auroc": 0.8560296398135765,
  "macro_ece": 0.10608547999749872,
  "micro_auprc": 0.5884014840887859,
  "micro_auroc": 0.8266794265829968,
  "num_examples": 234,
  "prediction_artifact": "/workspace/paper_v1/outputs/nih_to_chexpert_seed_sweep/20260420T122137Z__nih_to_chexpert_seed_sweep/seed_31415/20260420T122206Z__labelwise_trust_region/metrics/d1_chexpert_test_predictions.npz",
  "valid_label_counts": {
    "brier_score": 7,
    "macro_auprc": 7,
    "macro_auroc": 7,
    "macro_ece": 7
  }
}
