{
  "label_metrics": {
    "atelectasis": {
      "auroc": 0.5897009966777409,
      "average_precision": 0.17069073575816038,
      "ece": 0.24378679635165,
      "f1_at_0.5": 0.14285714285714285,
      "f1_at_tuned_threshold": 0.31168831168831174,
      "negative_count": 86,
      "positive_count": 14,
      "precision_at_0.5": 0.14285714285714285,
      "precision_at_tuned_threshold": 0.19047619047619047,
      "prevalence": 0.14,
      "recall_at_0.5": 0.14285714285714285,
      "recall_at_tuned_threshold": 0.8571428571428571,
      "threshold_used": 0.343892365694046
    },
    "cardiomegaly": {
      "auroc": 0.5060240963855421,
      "average_precision": 0.24356077803102535,
      "ece": 0.34510169003001484,
      "f1_at_0.5": 0.2857142857142857,
      "f1_at_tuned_threshold": 0.3055555555555555,
      "negative_count": 83,
      "positive_count": 17,
      "precision_at_0.5": 0.18333333333333332,
      "precision_at_tuned_threshold": 0.2,
      "prevalence": 0.17,
      "recall_at_0.5": 0.6470588235294118,
      "recall_at_tuned_threshold": 0.6470588235294118,
      "threshold_used": 0.509566068649292
    },
    "consolidation": {
      "auroc": 0.5532646048109966,
      "average_precision": 0.04256644822682559,
      "ece": 0.6003081443570619,
      "f1_at_0.5": 0.07407407407407407,
      "f1_at_tuned_threshold": 0.07272727272727274,
      "negative_count": 97,
      "positive_count": 3,
      "precision_at_0.5": 0.038461538461538464,
      "precision_at_tuned_threshold": 0.038461538461538464,
      "prevalence": 0.03,
      "recall_at_0.5": 1.0,
      "recall_at_tuned_threshold": 0.6666666666666666,
      "threshold_used": 0.6365790963172913
    },
    "edema": {
      "auroc": 0.532608695652174,
      "average_precision": 0.09803384373443419,
      "ece": 0.31745671704447304,
      "f1_at_0.5": 0.125,
      "f1_at_tuned_threshold": 0.20689655172413793,
      "negative_count": 92,
      "positive_count": 8,
      "precision_at_0.5": 0.08333333333333333,
      "precision_at_tuned_threshold": 0.12,
      "prevalence": 0.08,
      "recall_at_0.5": 0.25,
      "recall_at_tuned_threshold": 0.75,
      "threshold_used": 0.3911151885986328
    },
    "pleural_effusion": {
      "auroc": 0.525625,
      "average_precision": 0.2163262439261459,
      "ece": 0.34219684261857897,
      "f1_at_0.5": 0.3333333333333333,
      "f1_at_tuned_threshold": 0.36363636363636365,
      "negative_count": 80,
      "positive_count": 20,
      "precision_at_0.5": 0.21875,
      "precision_at_tuned_threshold": 0.22784810126582278,
      "prevalence": 0.2,
      "recall_at_0.5": 0.7,
      "recall_at_tuned_threshold": 0.9,
      "threshold_used": 0.3830064833164215
    },
    "pneumonia": {
      "auroc": 0.41304347826086957,
      "average_precision": 0.07260737902789119,
      "ece": 0.43390911476736477,
      "f1_at_0.5": 0.09375,
      "f1_at_tuned_threshold": 0.15909090909090906,
      "negative_count": 92,
      "positive_count": 8,
      "precision_at_0.5": 0.05357142857142857,
      "precision_at_tuned_threshold": 0.0875,
      "prevalence": 0.08,
      "recall_at_0.5": 0.375,
      "recall_at_tuned_threshold": 0.875,
      "threshold_used": 0.43002766370773315
    },
    "pneumothorax": {
      "auroc": 0.5876288659793815,
      "average_precision": 0.06993557087204076,
      "ece": 0.5286295877422406,
      "f1_at_0.5": 0.07999999999999999,
      "f1_at_tuned_threshold": 0.0,
      "negative_count": 97,
      "positive_count": 3,
      "precision_at_0.5": 0.041666666666666664,
      "precision_at_tuned_threshold": 0.0,
      "prevalence": 0.03,
      "recall_at_0.5": 1.0,
      "recall_at_tuned_threshold": 0.0,
      "threshold_used": 0.6814088821411133
    }
  },
  "loss": 1.1170917749404907,
  "macro": {
    "auroc": 0.5296993911095293,
    "average_precision": 0.13053157136807475,
    "ece": 0.40162698470162633,
    "f1_at_0.5": 0.16210411942554798,
    "f1_at_tuned_thresholds": 0.20279928063179295
  },
  "num_examples": 100,
  "split_alias": "target_val",
  "valid_label_counts": {
    "macro_auroc": 7,
    "macro_average_precision": 7
  }
}