{
  "label_metrics": {
    "atelectasis": {
      "auroc": 0.8470779220779221,
      "average_precision": 0.7156332408580562,
      "ece": 0.1356950542667757,
      "f1_at_0.5": 0.7005649717514124,
      "f1_at_tuned_threshold": 0.4786324786324787,
      "negative_count": 154,
      "positive_count": 80,
      "precision_at_0.5": 0.6391752577319587,
      "precision_at_tuned_threshold": 0.7567567567567568,
      "prevalence": 0.3418803418803419,
      "recall_at_0.5": 0.775,
      "recall_at_tuned_threshold": 0.35,
      "threshold_used": 0.7304400205612183
    },
    "cardiomegaly": {
      "auroc": 0.7370659107016301,
      "average_precision": 0.5831673692828774,
      "ece": 0.2563930024365077,
      "f1_at_0.5": 0.526829268292683,
      "f1_at_tuned_threshold": 0.509090909090909,
      "negative_count": 166,
      "positive_count": 68,
      "precision_at_0.5": 0.39416058394160586,
      "precision_at_tuned_threshold": 0.6666666666666666,
      "prevalence": 0.2905982905982906,
      "recall_at_0.5": 0.7941176470588235,
      "recall_at_tuned_threshold": 0.4117647058823529,
      "threshold_used": 0.7993786931037903
    },
    "consolidation": {
      "auroc": 0.9145183175033921,
      "average_precision": 0.5950811151120965,
      "ece": 0.297869413893312,
      "f1_at_0.5": 0.4881889763779527,
      "f1_at_tuned_threshold": 0.5614035087719298,
      "negative_count": 201,
      "positive_count": 33,
      "precision_at_0.5": 0.32978723404255317,
      "precision_at_tuned_threshold": 0.6666666666666666,
      "prevalence": 0.14102564102564102,
      "recall_at_0.5": 0.9393939393939394,
      "recall_at_tuned_threshold": 0.48484848484848486,
      "threshold_used": 0.738277018070221
    },
    "edema": {
      "auroc": 0.8455026455026455,
      "average_precision": 0.6065474198119075,
      "ece": 0.06520739460432592,
      "f1_at_0.5": 0.3508771929824561,
      "f1_at_tuned_threshold": 0.0,
      "negative_count": 189,
      "positive_count": 45,
      "precision_at_0.5": 0.8333333333333334,
      "precision_at_tuned_threshold": 0.0,
      "prevalence": 0.19230769230769232,
      "recall_at_0.5": 0.2222222222222222,
      "recall_at_tuned_threshold": 0.0,
      "threshold_used": 0.9227296710014343
    },
    "pleural_effusion": {
      "auroc": 0.9057109661274466,
      "average_precision": 0.813915885476637,
      "ece": 0.21801157655765013,
      "f1_at_0.5": 0.6777777777777777,
      "f1_at_tuned_threshold": 0.7132867132867132,
      "negative_count": 167,
      "positive_count": 67,
      "precision_at_0.5": 0.5398230088495575,
      "precision_at_tuned_threshold": 0.6710526315789473,
      "prevalence": 0.2863247863247863,
      "recall_at_0.5": 0.9104477611940298,
      "recall_at_tuned_threshold": 0.7611940298507462,
      "threshold_used": 0.6753119826316833
    },
    "pneumonia": {
      "auroc": 0.896570796460177,
      "average_precision": 0.3682236242018851,
      "ece": 0.23631677322811195,
      "f1_at_0.5": 0.35294117647058826,
      "f1_at_tuned_threshold": 0.0,
      "negative_count": 226,
      "positive_count": 8,
      "precision_at_0.5": 0.3333333333333333,
      "precision_at_tuned_threshold": 0.0,
      "prevalence": 0.03418803418803419,
      "recall_at_0.5": 0.375,
      "recall_at_tuned_threshold": 0.0,
      "threshold_used": 0.9017723798751831
    },
    "pneumothorax": {
      "auroc": 0.771570796460177,
      "average_precision": 0.1187627074015859,
      "ece": 0.3777555883998664,
      "f1_at_0.5": 0.12987012987012989,
      "f1_at_tuned_threshold": 0.18181818181818182,
      "negative_count": 226,
      "positive_count": 8,
      "precision_at_0.5": 0.07246376811594203,
      "precision_at_tuned_threshold": 0.12,
      "prevalence": 0.03418803418803419,
      "recall_at_0.5": 0.625,
      "recall_at_tuned_threshold": 0.375,
      "threshold_used": 0.6799198389053345
    }
  },
  "loss": 3.390065908432007,
  "macro": {
    "auroc": 0.8454310506904843,
    "average_precision": 0.5430473374492923,
    "ece": 0.2267498290552214,
    "f1_at_0.5": 0.4610070705032857,
    "f1_at_tuned_thresholds": 0.34917597022860175
  },
  "num_examples": 234,
  "split_alias": "d1_transfer",
  "valid_label_counts": {
    "macro_auroc": 7,
    "macro_average_precision": 7
  }
}