{
  "brier_score": 0.043015066002096446,
  "label_metrics": {
    "0": {
      "auprc": 0.2879435382888134,
      "auroc": 0.7920251972594732,
      "brier": 0.08340772986412048,
      "ece": 0.02657351476233453
    },
    "1": {
      "auprc": 0.23721252107798232,
      "auroc": 0.85858262832999,
      "brier": 0.0232044979929924,
      "ece": 0.012921392605639993
    },
    "2": {
      "auprc": 0.17597665292964626,
      "auroc": 0.7974299552864094,
      "brier": 0.04251692071557045,
      "ece": 0.027608831313438713
    },
    "3": {
      "auprc": 0.1790455214151952,
      "auroc": 0.892467112690283,
      "brier": 0.019069703295826912,
      "ece": 0.005872715137898923
    },
    "4": {
      "auprc": 0.502731866247535,
      "auroc": 0.862687375706557,
      "brier": 0.0791546031832695,
      "ece": 0.029953517384827138
    },
    "5": {
      "auprc": 0.053142552697034585,
      "auroc": 0.7851709649376992,
      "brier": 0.013758262619376183,
      "ece": 0.009988625068217516
    },
    "6": {
      "auprc": 0.2764598802601259,
      "auroc": 0.8515260697712446,
      "brier": 0.03999374434351921,
      "ece": 0.02754661168903113
    }
  },
  "macro_auprc": 0.24464464755947612,
  "macro_auroc": 0.834269900568808,
  "macro_ece": 0.02006645828019828,
  "micro_auprc": 0.33451016956860824,
  "micro_auroc": 0.8653220133050332,
  "num_examples": 2000,
  "prediction_artifact": "/workspace/paper_v1/outputs/nih_to_chexpert_seed_sweep/20260420T121957Z__nih_to_chexpert_seed_sweep/seed_2027/20260420T122017Z__labelwise_trust_region/metrics/d0_nih_test_predictions.npz",
  "valid_label_counts": {
    "brier_score": 7,
    "macro_auprc": 7,
    "macro_auroc": 7,
    "macro_ece": 7
  }
}
