{
  "brier_score": 0.12428706245762962,
  "label_metrics": {
    "0": {
      "auprc": 0.7561758491073224,
      "auroc": 0.8630681818181818,
      "brier": 0.19076374173164368,
      "ece": 0.1666145557935676
    },
    "1": {
      "auprc": 0.5960228705121958,
      "auroc": 0.7580616583982991,
      "brier": 0.2265409678220749,
      "ece": 0.21596732671953675
    },
    "2": {
      "auprc": 0.5306133905089232,
      "auroc": 0.9023066485753053,
      "brier": 0.10278268903493881,
      "ece": 0.06290244779143578
    },
    "3": {
      "auprc": 0.6517425293067105,
      "auroc": 0.8676072898295121,
      "brier": 0.17297644913196564,
      "ece": 0.17128157444521147
    },
    "4": {
      "auprc": 0.8374287926525894,
      "auroc": 0.9188488694253284,
      "brier": 0.10893573611974716,
      "ece": 0.0655002697633627
    },
    "5": {
      "auprc": 0.3109822775263952,
      "auroc": 0.911504424778761,
      "brier": 0.03301747143268585,
      "ece": 0.026579543948173523
    },
    "6": {
      "auprc": 0.12522107861136847,
      "auroc": 0.7710176991150443,
      "brier": 0.03499238193035126,
      "ece": 0.035036111449520305
    }
  },
  "macro_auprc": 0.544026684032215,
  "macro_auroc": 0.8560592531343475,
  "macro_ece": 0.10626883284440115,
  "micro_auprc": 0.5831414008064792,
  "micro_auroc": 0.8239180248428754,
  "num_examples": 234,
  "prediction_artifact": "/workspace/paper_v1/outputs/nih_to_chexpert_seed_sweep/20260420T121957Z__nih_to_chexpert_seed_sweep/seed_2027/20260420T122017Z__labelwise_trust_region/metrics/d1_chexpert_test_predictions.npz",
  "valid_label_counts": {
    "brier_score": 7,
    "macro_auprc": 7,
    "macro_auroc": 7,
    "macro_ece": 7
  }
}
