{
  "brier_score": 0.04633612318762711,
  "label_metrics": {
    "0": {
      "auprc": 0.2313349038812688,
      "auroc": 0.757925555519477,
      "brier": 0.0909610167145729,
      "ece": 0.0638186053931713
    },
    "1": {
      "auprc": 0.13486257913709077,
      "auroc": 0.8135496312662925,
      "brier": 0.02551375702023506,
      "ece": 0.021897847712039946
    },
    "2": {
      "auprc": 0.14165324334082569,
      "auroc": 0.7731616962971734,
      "brier": 0.0450989305973053,
      "ece": 0.04199124943837523
    },
    "3": {
      "auprc": 0.15423505363805837,
      "auroc": 0.8647193735071479,
      "brier": 0.021854128688573837,
      "ece": 0.014282926005776972
    },
    "4": {
      "auprc": 0.48522990665591836,
      "auroc": 0.8587266173888457,
      "brier": 0.08483978360891342,
      "ece": 0.04920786934345961
    },
    "5": {
      "auprc": 0.0283997794193303,
      "auroc": 0.7180889597218199,
      "brier": 0.01395338587462902,
      "ece": 0.011706048848456703
    },
    "6": {
      "auprc": 0.2585232764504015,
      "auroc": 0.8374015370649164,
      "brier": 0.04213185980916023,
      "ece": 0.03685834977030754
    }
  },
  "macro_auprc": 0.20489124893184193,
  "macro_auroc": 0.8033676243950961,
  "macro_ece": 0.03425184235879818,
  "micro_auprc": 0.28901952982071866,
  "micro_auroc": 0.8334012835032087,
  "num_examples": 2000,
  "prediction_artifact": "/workspace/paper_v1/outputs/nih_to_chexpert_postmortem/20260420T100814Z__nih_to_chexpert_postmortem/20260420T100824Z__stronger_replay_zero/metrics/d0_nih_test_predictions.npz",
  "valid_label_counts": {
    "brier_score": 7,
    "macro_auprc": 7,
    "macro_auroc": 7,
    "macro_ece": 7
  }
}
