{
  "brier_score": 0.1050072613039187,
  "label_metrics": {
    "0": {
      "auprc": 0.705562842434315,
      "auroc": 0.8360389610389611,
      "brier": 0.16776013374328613,
      "ece": 0.10118081484340195
    },
    "1": {
      "auprc": 0.6344533605858892,
      "auroc": 0.8072289156626506,
      "brier": 0.1884525567293167,
      "ece": 0.15730128306736296
    },
    "2": {
      "auprc": 0.4863689294900325,
      "auroc": 0.8733604703753959,
      "brier": 0.09710479527711868,
      "ece": 0.04899447447118851
    },
    "3": {
      "auprc": 0.6658789324291191,
      "auroc": 0.8626690182245738,
      "brier": 0.10492128878831863,
      "ece": 0.038065735441751965
    },
    "4": {
      "auprc": 0.8553218249705822,
      "auroc": 0.9301993028867639,
      "brier": 0.1026468575000763,
      "ece": 0.07888706480590707
    },
    "5": {
      "auprc": 0.27241294419865847,
      "auroc": 0.8727876106194691,
      "brier": 0.03043385036289692,
      "ece": 0.010605008771213202
    },
    "6": {
      "auprc": 0.12561383058677478,
      "auroc": 0.7450221238938053,
      "brier": 0.04373134672641754,
      "ece": 0.06589485638034649
    }
  },
  "macro_auprc": 0.5350875235279101,
  "macro_auroc": 0.8467580575288028,
  "macro_ece": 0.0715613196830246,
  "micro_auprc": 0.6299657875947751,
  "micro_auroc": 0.8669340404859481,
  "num_examples": 234,
  "prediction_artifact": "/workspace/paper_v1/outputs/nih_to_chexpert_postmortem/20260420T100814Z__nih_to_chexpert_postmortem/20260420T100824Z__stronger_replay_zero/metrics/d1_chexpert_test_predictions.npz",
  "valid_label_counts": {
    "brier_score": 7,
    "macro_auprc": 7,
    "macro_auroc": 7,
    "macro_ece": 7
  }
}
