{
  "label_metrics": {
    "atelectasis": {
      "auroc": 0.787464417529846,
      "average_precision": 0.2959533138927292,
      "ece": 0.2813454452474566,
      "f1_at_0.5": 0.3352337514253136,
      "f1_at_tuned_threshold": 0.32495164410058025,
      "negative_count": 1794,
      "positive_count": 206,
      "precision_at_0.5": 0.21907600596125187,
      "precision_at_tuned_threshold": 0.2028985507246377,
      "prevalence": 0.103,
      "recall_at_0.5": 0.7135922330097088,
      "recall_at_tuned_threshold": 0.8155339805825242,
      "threshold_used": 0.41057902574539185
    },
    "cardiomegaly": {
      "auroc": 0.8637962613018577,
      "average_precision": 0.25326441900686586,
      "ece": 0.2773059643113618,
      "f1_at_0.5": 0.1794871794871795,
      "f1_at_tuned_threshold": 0.23423423423423426,
      "negative_count": 1947,
      "positive_count": 53,
      "precision_at_0.5": 0.10120481927710843,
      "precision_at_tuned_threshold": 0.15384615384615385,
      "prevalence": 0.0265,
      "recall_at_0.5": 0.7924528301886793,
      "recall_at_tuned_threshold": 0.49056603773584906,
      "threshold_used": 0.724090576171875
    },
    "consolidation": {
      "auroc": 0.7862402805735519,
      "average_precision": 0.13998085794189763,
      "ece": 0.28044266778874083,
      "f1_at_0.5": 0.20285714285714285,
      "f1_at_tuned_threshold": 0.22456140350877193,
      "negative_count": 1907,
      "positive_count": 93,
      "precision_at_0.5": 0.11696869851729819,
      "precision_at_tuned_threshold": 0.13417190775681342,
      "prevalence": 0.0465,
      "recall_at_0.5": 0.7634408602150538,
      "recall_at_tuned_threshold": 0.6881720430107527,
      "threshold_used": 0.5902478694915771
    },
    "edema": {
      "auroc": 0.9040950196670271,
      "average_precision": 0.1793109491789631,
      "ece": 0.23847094158258825,
      "f1_at_0.5": 0.14693877551020407,
      "f1_at_tuned_threshold": 0.16363636363636364,
      "negative_count": 1957,
      "positive_count": 43,
      "precision_at_0.5": 0.08053691275167785,
      "precision_at_tuned_threshold": 0.0906801007556675,
      "prevalence": 0.0215,
      "recall_at_0.5": 0.8372093023255814,
      "recall_at_tuned_threshold": 0.8372093023255814,
      "threshold_used": 0.5751107931137085
    },
    "pleural_effusion": {
      "auroc": 0.8635641122507894,
      "average_precision": 0.4837492701185361,
      "ece": 0.21075429374486981,
      "f1_at_0.5": 0.4638403990024938,
      "f1_at_tuned_threshold": 0.42629904559915166,
      "negative_count": 1761,
      "positive_count": 239,
      "precision_at_0.5": 0.33037300177619894,
      "precision_at_tuned_threshold": 0.28551136363636365,
      "prevalence": 0.1195,
      "recall_at_0.5": 0.7782426778242678,
      "recall_at_tuned_threshold": 0.8410041841004184,
      "threshold_used": 0.38041362166404724
    },
    "pneumonia": {
      "auroc": 0.7896624166908143,
      "average_precision": 0.054463942293078084,
      "ece": 0.34237483491894494,
      "f1_at_0.5": 0.07526881720430108,
      "f1_at_tuned_threshold": 0.09448818897637794,
      "negative_count": 1972,
      "positive_count": 28,
      "precision_at_0.5": 0.03962264150943396,
      "precision_at_tuned_threshold": 0.05309734513274336,
      "prevalence": 0.014,
      "recall_at_0.5": 0.75,
      "recall_at_tuned_threshold": 0.42857142857142855,
      "threshold_used": 0.7358314990997314
    },
    "pneumothorax": {
      "auroc": 0.8514302146590659,
      "average_precision": 0.2771408519778195,
      "ece": 0.21958694127917325,
      "f1_at_0.5": 0.2958057395143488,
      "f1_at_tuned_threshold": 0.328125,
      "negative_count": 1907,
      "positive_count": 93,
      "precision_at_0.5": 0.18611111111111112,
      "precision_at_tuned_threshold": 0.25766871165644173,
      "prevalence": 0.0465,
      "recall_at_0.5": 0.7204301075268817,
      "recall_at_tuned_threshold": 0.45161290322580644,
      "threshold_used": 0.7468782067298889
    }
  },
  "loss": 0.65670902967453,
  "macro": {
    "auroc": 0.8351789603818504,
    "average_precision": 0.24055194348712708,
    "ece": 0.2643258698390194,
    "f1_at_0.5": 0.24277597214299765,
    "f1_at_tuned_thresholds": 0.2566136971507828
  },
  "num_examples": 2000,
  "split_alias": "d0_test",
  "valid_label_counts": {
    "macro_auroc": 7,
    "macro_average_precision": 7
  }
}