{
  "label_metrics": {
    "atelectasis": {
      "auroc": 0.8015827922077922,
      "average_precision": 0.633859606372192,
      "ece": 0.11155677569852093,
      "f1_at_0.5": 0.6272189349112426,
      "f1_at_tuned_threshold": 0.6834170854271356,
      "negative_count": 154,
      "positive_count": 80,
      "precision_at_0.5": 0.5955056179775281,
      "precision_at_tuned_threshold": 0.5714285714285714,
      "prevalence": 0.3418803418803419,
      "recall_at_0.5": 0.6625,
      "recall_at_tuned_threshold": 0.85,
      "threshold_used": 0.41057902574539185
    },
    "cardiomegaly": {
      "auroc": 0.7742735648476258,
      "average_precision": 0.6221583550469016,
      "ece": 0.09350126005983801,
      "f1_at_0.5": 0.5909090909090909,
      "f1_at_tuned_threshold": 0.37362637362637363,
      "negative_count": 166,
      "positive_count": 68,
      "precision_at_0.5": 0.609375,
      "precision_at_tuned_threshold": 0.7391304347826086,
      "prevalence": 0.2905982905982906,
      "recall_at_0.5": 0.5735294117647058,
      "recall_at_tuned_threshold": 0.25,
      "threshold_used": 0.724090576171875
    },
    "consolidation": {
      "auroc": 0.8622041308608472,
      "average_precision": 0.43153273390691527,
      "ece": 0.21385085003546944,
      "f1_at_0.5": 0.46315789473684216,
      "f1_at_tuned_threshold": 0.4375,
      "negative_count": 201,
      "positive_count": 33,
      "precision_at_0.5": 0.3548387096774194,
      "precision_at_tuned_threshold": 0.45161290322580644,
      "prevalence": 0.14102564102564102,
      "recall_at_0.5": 0.6666666666666666,
      "recall_at_tuned_threshold": 0.42424242424242425,
      "threshold_used": 0.5902478694915771
    },
    "edema": {
      "auroc": 0.8466784244562022,
      "average_precision": 0.6204199837148927,
      "ece": 0.15689514691471768,
      "f1_at_0.5": 0.5688073394495412,
      "f1_at_tuned_threshold": 0.606060606060606,
      "negative_count": 189,
      "positive_count": 45,
      "precision_at_0.5": 0.484375,
      "precision_at_tuned_threshold": 0.5555555555555556,
      "prevalence": 0.19230769230769232,
      "recall_at_0.5": 0.6888888888888889,
      "recall_at_tuned_threshold": 0.6666666666666666,
      "threshold_used": 0.5751107931137085
    },
    "pleural_effusion": {
      "auroc": 0.9204575922781303,
      "average_precision": 0.8494076916536688,
      "ece": 0.09138088758869213,
      "f1_at_0.5": 0.746268656716418,
      "f1_at_tuned_threshold": 0.7417218543046357,
      "negative_count": 167,
      "positive_count": 67,
      "precision_at_0.5": 0.746268656716418,
      "precision_at_tuned_threshold": 0.6666666666666666,
      "prevalence": 0.2863247863247863,
      "recall_at_0.5": 0.746268656716418,
      "recall_at_tuned_threshold": 0.835820895522388,
      "threshold_used": 0.38041362166404724
    },
    "pneumonia": {
      "auroc": 0.5862831858407079,
      "average_precision": 0.05341758417351776,
      "ece": 0.31443303274740725,
      "f1_at_0.5": 0.06779661016949153,
      "f1_at_tuned_threshold": 0.0,
      "negative_count": 226,
      "positive_count": 8,
      "precision_at_0.5": 0.0392156862745098,
      "precision_at_tuned_threshold": 0.0,
      "prevalence": 0.03418803418803419,
      "recall_at_0.5": 0.25,
      "recall_at_tuned_threshold": 0.0,
      "threshold_used": 0.7358314990997314
    },
    "pneumothorax": {
      "auroc": 0.7488938053097345,
      "average_precision": 0.1448319056856721,
      "ece": 0.30784972919513987,
      "f1_at_0.5": 0.09999999999999999,
      "f1_at_tuned_threshold": 0.2857142857142857,
      "negative_count": 226,
      "positive_count": 8,
      "precision_at_0.5": 0.057692307692307696,
      "precision_at_tuned_threshold": 0.23076923076923078,
      "prevalence": 0.03418803418803419,
      "recall_at_0.5": 0.375,
      "recall_at_tuned_threshold": 0.375,
      "threshold_used": 0.7468782067298889
    }
  },
  "loss": 1.1867493391036987,
  "macro": {
    "auroc": 0.7914819279715771,
    "average_precision": 0.4793754086505372,
    "ece": 0.1842096688913979,
    "f1_at_0.5": 0.45202264669894665,
    "f1_at_tuned_thresholds": 0.4468628864475766
  },
  "num_examples": 234,
  "split_alias": "target_test",
  "valid_label_counts": {
    "macro_auroc": 7,
    "macro_average_precision": 7
  }
}