{
  "label_metrics": {
    "atelectasis": {
      "auroc": 0.651162435579309,
      "average_precision": 0.2567759963279896,
      "ece": 0.30538987235095033,
      "f1_at_0.5": 0.32225913621262453,
      "f1_at_tuned_threshold": 0.33066666666666666,
      "negative_count": 845,
      "positive_count": 155,
      "precision_at_0.5": 0.21700223713646533,
      "precision_at_tuned_threshold": 0.20840336134453782,
      "prevalence": 0.155,
      "recall_at_0.5": 0.6258064516129033,
      "recall_at_tuned_threshold": 0.8,
      "threshold_used": 0.41057902574539185
    },
    "cardiomegaly": {
      "auroc": 0.7947594812322125,
      "average_precision": 0.3968927657856999,
      "ece": 0.26464753462205776,
      "f1_at_0.5": 0.3918918918918919,
      "f1_at_tuned_threshold": 0.4146341463414634,
      "negative_count": 877,
      "positive_count": 123,
      "precision_at_0.5": 0.27102803738317754,
      "precision_at_tuned_threshold": 0.4146341463414634,
      "prevalence": 0.123,
      "recall_at_0.5": 0.7073170731707317,
      "recall_at_tuned_threshold": 0.4146341463414634,
      "threshold_used": 0.724090576171875
    },
    "consolidation": {
      "auroc": 0.69315671547589,
      "average_precision": 0.12906401635798442,
      "ece": 0.3404449250801192,
      "f1_at_0.5": 0.21079691516709506,
      "f1_at_tuned_threshold": 0.234375,
      "negative_count": 932,
      "positive_count": 68,
      "precision_at_0.5": 0.1277258566978193,
      "precision_at_tuned_threshold": 0.1595744680851064,
      "prevalence": 0.068,
      "recall_at_0.5": 0.6029411764705882,
      "recall_at_tuned_threshold": 0.4411764705882353,
      "threshold_used": 0.5902478694915771
    },
    "edema": {
      "auroc": 0.788468238299849,
      "average_precision": 0.5065564013450384,
      "ece": 0.1876145574222081,
      "f1_at_0.5": 0.5347758887171561,
      "f1_at_tuned_threshold": 0.5598591549295775,
      "negative_count": 763,
      "positive_count": 237,
      "precision_at_0.5": 0.4219512195121951,
      "precision_at_tuned_threshold": 0.48036253776435045,
      "prevalence": 0.237,
      "recall_at_0.5": 0.729957805907173,
      "recall_at_tuned_threshold": 0.6708860759493671,
      "threshold_used": 0.5751107931137085
    },
    "pleural_effusion": {
      "auroc": 0.832762316247827,
      "average_precision": 0.7640867063305959,
      "ece": 0.06244725759359302,
      "f1_at_0.5": 0.7045454545454546,
      "f1_at_tuned_threshold": 0.7117903930131004,
      "negative_count": 614,
      "positive_count": 386,
      "precision_at_0.5": 0.687192118226601,
      "precision_at_tuned_threshold": 0.6150943396226415,
      "prevalence": 0.386,
      "recall_at_0.5": 0.7227979274611399,
      "recall_at_tuned_threshold": 0.844559585492228,
      "threshold_used": 0.38041362166404724
    },
    "pneumonia": {
      "auroc": 0.6123127582644629,
      "average_precision": 0.05369986665945031,
      "ece": 0.34233782320118566,
      "f1_at_0.5": 0.08450704225352113,
      "f1_at_tuned_threshold": 0.13333333333333336,
      "negative_count": 968,
      "positive_count": 32,
      "precision_at_0.5": 0.047619047619047616,
      "precision_at_tuned_threshold": 0.11627906976744186,
      "prevalence": 0.032,
      "recall_at_0.5": 0.375,
      "recall_at_tuned_threshold": 0.15625,
      "threshold_used": 0.7358314990997314
    },
    "pneumothorax": {
      "auroc": 0.7934976997742942,
      "average_precision": 0.4284424365318552,
      "ece": 0.29395754821079945,
      "f1_at_0.5": 0.3225806451612903,
      "f1_at_tuned_threshold": 0.48863636363636365,
      "negative_count": 911,
      "positive_count": 89,
      "precision_at_0.5": 0.21201413427561838,
      "precision_at_tuned_threshold": 0.4942528735632184,
      "prevalence": 0.089,
      "recall_at_0.5": 0.6741573033707865,
      "recall_at_tuned_threshold": 0.48314606741573035,
      "threshold_used": 0.7468782067298889
    }
  },
  "loss": 1.0148315191268922,
  "macro": {
    "auroc": 0.7380170921248349,
    "average_precision": 0.36221688419123055,
    "ece": 0.2566913597829876,
    "f1_at_0.5": 0.3673367105641477,
    "f1_at_tuned_thresholds": 0.41047072256007217
  },
  "num_examples": 1000,
  "split_alias": "target_val",
  "valid_label_counts": {
    "macro_auroc": 7,
    "macro_average_precision": 7
  }
}