{
  "brier_score": 0.12240874554429736,
  "label_metrics": {
    "0": {
      "auprc": 0.7459334089284388,
      "auroc": 0.8605519480519481,
      "brier": 0.18711607158184052,
      "ece": 0.1544444972696977
    },
    "1": {
      "auprc": 0.6006561311009119,
      "auroc": 0.7599220411055989,
      "brier": 0.22253644466400146,
      "ece": 0.21076328065405542
    },
    "2": {
      "auprc": 0.5276548202466916,
      "auroc": 0.9009497964721845,
      "brier": 0.10251061618328094,
      "ece": 0.06216754337661287
    },
    "3": {
      "auprc": 0.6536623472312524,
      "auroc": 0.8684303350970018,
      "brier": 0.17006532847881317,
      "ece": 0.16820948328982055
    },
    "4": {
      "auprc": 0.8468367309041441,
      "auroc": 0.9235856644919116,
      "brier": 0.10643789172172546,
      "ece": 0.09573551251465438
    },
    "5": {
      "auprc": 0.2805398767898768,
      "auroc": 0.9037610619469025,
      "brier": 0.03299054130911827,
      "ece": 0.026400671806186438
    },
    "6": {
      "auprc": 0.12099536095022405,
      "auroc": 0.7743362831858407,
      "brier": 0.03520432487130165,
      "ece": 0.03459104570822837
    }
  },
  "macro_auprc": 0.5394683823073628,
  "macro_auroc": 0.855933875764484,
  "macro_ece": 0.10747314780275083,
  "micro_auprc": 0.5876599496320943,
  "micro_auroc": 0.829431087928973,
  "num_examples": 234,
  "prediction_artifact": "/workspace/paper_v1/outputs/nih_to_chexpert_seed_sweep/20260420T122137Z__nih_to_chexpert_seed_sweep/seed_1337/20260420T122145Z__labelwise_trust_region/metrics/d1_chexpert_test_predictions.npz",
  "valid_label_counts": {
    "brier_score": 7,
    "macro_auprc": 7,
    "macro_auroc": 7,
    "macro_ece": 7
  }
}
