{
  "label_metrics": {
    "atelectasis": {
      "auroc": 0.7797308825086084,
      "average_precision": 0.44687077867491376,
      "ece": 0.21645496143362478,
      "f1_at_0.5": 0.48813559322033895,
      "f1_at_tuned_threshold": 0.4891518737672584,
      "negative_count": 799,
      "positive_count": 201,
      "precision_at_0.5": 0.37017994858611825,
      "precision_at_tuned_threshold": 0.40522875816993464,
      "prevalence": 0.201,
      "recall_at_0.5": 0.7164179104477612,
      "recall_at_tuned_threshold": 0.6169154228855721,
      "threshold_used": 0.5838202834129333
    },
    "cardiomegaly": {
      "auroc": 0.7716514222775597,
      "average_precision": 0.4193814988858393,
      "ece": 0.21301920102921743,
      "f1_at_0.5": 0.4885496183206107,
      "f1_at_tuned_threshold": 0.4985994397759104,
      "negative_count": 788,
      "positive_count": 212,
      "precision_at_0.5": 0.3611738148984199,
      "precision_at_tuned_threshold": 0.3545816733067729,
      "prevalence": 0.212,
      "recall_at_0.5": 0.7547169811320755,
      "recall_at_tuned_threshold": 0.839622641509434,
      "threshold_used": 0.4445948898792267
    },
    "consolidation": {
      "auroc": 0.7788476089588378,
      "average_precision": 0.17907962795069018,
      "ece": 0.3140388177173055,
      "f1_at_0.5": 0.19047619047619047,
      "f1_at_tuned_threshold": 0.25599999999999995,
      "negative_count": 944,
      "positive_count": 56,
      "precision_at_0.5": 0.10909090909090909,
      "precision_at_tuned_threshold": 0.2318840579710145,
      "prevalence": 0.056,
      "recall_at_0.5": 0.75,
      "recall_at_tuned_threshold": 0.2857142857142857,
      "threshold_used": 0.7589616179466248
    },
    "edema": {
      "auroc": 0.8766680283224401,
      "average_precision": 0.4908426808284831,
      "ece": 0.20403525541449202,
      "f1_at_0.5": 0.5180180180180181,
      "f1_at_tuned_threshold": 0.5481049562682216,
      "negative_count": 864,
      "positive_count": 136,
      "precision_at_0.5": 0.37337662337662336,
      "precision_at_tuned_threshold": 0.45410628019323673,
      "prevalence": 0.136,
      "recall_at_0.5": 0.8455882352941176,
      "recall_at_tuned_threshold": 0.6911764705882353,
      "threshold_used": 0.7216573357582092
    },
    "pleural_effusion": {
      "auroc": 0.8915858114919355,
      "average_precision": 0.7107264708095153,
      "ece": 0.1608641007493777,
      "f1_at_0.5": 0.6825633383010433,
      "f1_at_tuned_threshold": 0.6927175843694494,
      "negative_count": 744,
      "positive_count": 256,
      "precision_at_0.5": 0.5518072289156627,
      "precision_at_tuned_threshold": 0.6351791530944625,
      "prevalence": 0.256,
      "recall_at_0.5": 0.89453125,
      "recall_at_tuned_threshold": 0.76171875,
      "threshold_used": 0.6738260388374329
    },
    "pneumonia": {
      "auroc": 0.7222486486486487,
      "average_precision": 0.1713097120388719,
      "ece": 0.3113470718008947,
      "f1_at_0.5": 0.2155388471177945,
      "f1_at_tuned_threshold": 0.2561576354679803,
      "negative_count": 925,
      "positive_count": 75,
      "precision_at_0.5": 0.13271604938271606,
      "precision_at_tuned_threshold": 0.203125,
      "prevalence": 0.075,
      "recall_at_0.5": 0.5733333333333334,
      "recall_at_tuned_threshold": 0.3466666666666667,
      "threshold_used": 0.6752177476882935
    },
    "pneumothorax": {
      "auroc": 0.8149169897604136,
      "average_precision": 0.2926739958258276,
      "ece": 0.2435041157259138,
      "f1_at_0.5": 0.21428571428571425,
      "f1_at_tuned_threshold": 0.3939393939393939,
      "negative_count": 958,
      "positive_count": 42,
      "precision_at_0.5": 0.12857142857142856,
      "precision_at_tuned_threshold": 0.5416666666666666,
      "prevalence": 0.042,
      "recall_at_0.5": 0.6428571428571429,
      "recall_at_tuned_threshold": 0.30952380952380953,
      "threshold_used": 0.915948212146759
    }
  },
  "loss": 0.9273284816741943,
  "macro": {
    "auroc": 0.8050927702812063,
    "average_precision": 0.38726925214487734,
    "ece": 0.23760907483868943,
    "f1_at_0.5": 0.39965247424853007,
    "f1_at_tuned_thresholds": 0.44781012622688776
  },
  "num_examples": 1000,
  "split_alias": "target_val",
  "valid_label_counts": {
    "macro_auroc": 7,
    "macro_average_precision": 7
  }
}