{
  "brier_score": 0.04249330743082932,
  "label_metrics": {
    "0": {
      "auprc": 0.3065646253923648,
      "auroc": 0.797664274658787,
      "brier": 0.08534430712461472,
      "ece": 0.036863911770284176
    },
    "1": {
      "auprc": 0.2549128830209546,
      "auroc": 0.8679439098370982,
      "brier": 0.022476479411125183,
      "ece": 0.004871970497071743
    },
    "2": {
      "auprc": 0.19096985746403794,
      "auroc": 0.8085547868351461,
      "brier": 0.040747735649347305,
      "ece": 0.0053912468403577805
    },
    "3": {
      "auprc": 0.18588476088957678,
      "auroc": 0.9023303347553803,
      "brier": 0.01915290579199791,
      "ece": 0.0017802588008344173
    },
    "4": {
      "auprc": 0.5177973472832106,
      "auroc": 0.8659899876211452,
      "brier": 0.07743572443723679,
      "ece": 0.017624574936926363
    },
    "5": {
      "auprc": 0.06409759437796918,
      "auroc": 0.8137677484787018,
      "brier": 0.01344958133995533,
      "ece": 0.001266652274876833
    },
    "6": {
      "auprc": 0.2859157938842554,
      "auroc": 0.8570518350615446,
      "brier": 0.038846418261528015,
      "ece": 0.008952350334264338
    }
  },
  "macro_auprc": 0.25802040890176703,
  "macro_auroc": 0.8447575538925433,
  "macro_ece": 0.010964423636373665,
  "micro_auprc": 0.3425992295417296,
  "micro_auroc": 0.872641781604454,
  "num_examples": 2000,
  "prediction_artifact": "/workspace/paper_v1/outputs/nih_to_chexpert_postmortem/20260420T100814Z__nih_to_chexpert_postmortem/20260420T100828Z__tiny_logit_correction/metrics/d0_nih_test_predictions.npz",
  "valid_label_counts": {
    "brier_score": 7,
    "macro_auprc": 7,
    "macro_auroc": 7,
    "macro_ece": 7
  }
}
