{
  "brier_score": 0.13290717559201376,
  "label_metrics": {
    "0": {
      "auprc": 0.7572585990480016,
      "auroc": 0.861525974025974,
      "brier": 0.21073110401630402,
      "ece": 0.1943139571091558
    },
    "1": {
      "auprc": 0.5843992197882153,
      "auroc": 0.739280652019844,
      "brier": 0.23693637549877167,
      "ece": 0.2279883489076398
    },
    "2": {
      "auprc": 0.5302025196142166,
      "auroc": 0.9050203527815468,
      "brier": 0.10721301287412643,
      "ece": 0.07226413475652027
    },
    "3": {
      "auprc": 0.6483292931371574,
      "auroc": 0.861845972957084,
      "brier": 0.1836065948009491,
      "ece": 0.1812229249626398
    },
    "4": {
      "auprc": 0.8217774854934011,
      "auroc": 0.9043703637501117,
      "brier": 0.12500841915607452,
      "ece": 0.08801373874402454
    },
    "5": {
      "auprc": 0.3311395929339478,
      "auroc": 0.8987831858407079,
      "brier": 0.03311780467629433,
      "ece": 0.02652503689751029
    },
    "6": {
      "auprc": 0.12121960206337509,
      "auroc": 0.7793141592920354,
      "brier": 0.03373691812157631,
      "ece": 0.0299098360646739
    }
  },
  "macro_auprc": 0.5420466160111879,
  "macro_auroc": 0.8500200943810433,
  "macro_ece": 0.1171768539203092,
  "micro_auprc": 0.5656408976312852,
  "micro_auroc": 0.7981449419350755,
  "num_examples": 234,
  "prediction_artifact": "/workspace/paper_v1/outputs/nih_to_chexpert_postmortem/20260420T100814Z__nih_to_chexpert_postmortem/20260420T100828Z__tiny_logit_correction/metrics/d1_chexpert_test_predictions.npz",
  "valid_label_counts": {
    "brier_score": 7,
    "macro_auprc": 7,
    "macro_auroc": 7,
    "macro_ece": 7
  }
}
