{
  "label_metrics": {
    "atelectasis": {
      "auroc": 0.8558441558441559,
      "average_precision": 0.7569512881976446,
      "ece": 0.10194959804905782,
      "f1_at_0.5": 0.6388888888888888,
      "f1_at_tuned_threshold": 0.5648854961832062,
      "negative_count": 154,
      "positive_count": 80,
      "precision_at_0.5": 0.71875,
      "precision_at_tuned_threshold": 0.7254901960784313,
      "prevalence": 0.3418803418803419,
      "recall_at_0.5": 0.575,
      "recall_at_tuned_threshold": 0.4625,
      "threshold_used": 0.5798550844192505
    },
    "cardiomegaly": {
      "auroc": 0.8031537916371367,
      "average_precision": 0.6571453358008477,
      "ece": 0.15218929133684037,
      "f1_at_0.5": 0.5974025974025974,
      "f1_at_tuned_threshold": 0.5988023952095808,
      "negative_count": 166,
      "positive_count": 68,
      "precision_at_0.5": 0.5348837209302325,
      "precision_at_tuned_threshold": 0.5050505050505051,
      "prevalence": 0.2905982905982906,
      "recall_at_0.5": 0.6764705882352942,
      "recall_at_tuned_threshold": 0.7352941176470589,
      "threshold_used": 0.46834269165992737
    },
    "consolidation": {
      "auroc": 0.8882858435097241,
      "average_precision": 0.4983414180626921,
      "ece": 0.1740348580391615,
      "f1_at_0.5": 0.4000000000000001,
      "f1_at_tuned_threshold": 0.1142857142857143,
      "negative_count": 201,
      "positive_count": 33,
      "precision_at_0.5": 0.3783783783783784,
      "precision_at_tuned_threshold": 1.0,
      "prevalence": 0.14102564102564102,
      "recall_at_0.5": 0.42424242424242425,
      "recall_at_tuned_threshold": 0.06060606060606061,
      "threshold_used": 0.7347416877746582
    },
    "edema": {
      "auroc": 0.8808935920047031,
      "average_precision": 0.6638842803685483,
      "ece": 0.1597838296880436,
      "f1_at_0.5": 0.6415094339622641,
      "f1_at_tuned_threshold": 0.5897435897435898,
      "negative_count": 189,
      "positive_count": 45,
      "precision_at_0.5": 0.5573770491803278,
      "precision_at_tuned_threshold": 0.696969696969697,
      "prevalence": 0.19230769230769232,
      "recall_at_0.5": 0.7555555555555555,
      "recall_at_tuned_threshold": 0.5111111111111111,
      "threshold_used": 0.6498821377754211
    },
    "pleural_effusion": {
      "auroc": 0.9267137367056931,
      "average_precision": 0.8502956774402205,
      "ece": 0.1244246164276128,
      "f1_at_0.5": 0.757142857142857,
      "f1_at_tuned_threshold": 0.6724137931034483,
      "negative_count": 167,
      "positive_count": 67,
      "precision_at_0.5": 0.726027397260274,
      "precision_at_tuned_threshold": 0.7959183673469388,
      "prevalence": 0.2863247863247863,
      "recall_at_0.5": 0.7910447761194029,
      "recall_at_tuned_threshold": 0.582089552238806,
      "threshold_used": 0.6340493559837341
    },
    "pneumonia": {
      "auroc": 0.6957964601769911,
      "average_precision": 0.09125206018401458,
      "ece": 0.2537812026283153,
      "f1_at_0.5": 0.15999999999999998,
      "f1_at_tuned_threshold": 0.0,
      "negative_count": 226,
      "positive_count": 8,
      "precision_at_0.5": 0.11764705882352941,
      "precision_at_tuned_threshold": 0.0,
      "prevalence": 0.03418803418803419,
      "recall_at_0.5": 0.25,
      "recall_at_tuned_threshold": 0.0,
      "threshold_used": 0.6722180843353271
    },
    "pneumothorax": {
      "auroc": 0.7085176991150443,
      "average_precision": 0.11556566401195922,
      "ece": 0.3371138409674701,
      "f1_at_0.5": 0.13513513513513511,
      "f1_at_tuned_threshold": 0.0,
      "negative_count": 226,
      "positive_count": 8,
      "precision_at_0.5": 0.07575757575757576,
      "precision_at_tuned_threshold": 0.0,
      "prevalence": 0.03418803418803419,
      "recall_at_0.5": 0.625,
      "recall_at_tuned_threshold": 0.0,
      "threshold_used": 0.9181609749794006
    }
  },
  "loss": 1.1198675632476807,
  "macro": {
    "auroc": 0.8227436112847784,
    "average_precision": 0.5190622462951324,
    "ece": 0.18618246244807166,
    "f1_at_0.5": 0.47572555893310614,
    "f1_at_tuned_thresholds": 0.36287585550364854
  },
  "num_examples": 234,
  "split_alias": "d1_test",
  "valid_label_counts": {
    "macro_auroc": 7,
    "macro_average_precision": 7
  }
}