{
  "label_metrics": {
    "atelectasis": {
      "auroc": 0.7766299914694363,
      "average_precision": 0.4452409627918042,
      "ece": 0.21442404507015347,
      "f1_at_0.5": 0.4827586206896552,
      "f1_at_tuned_threshold": 0.4808080808080808,
      "negative_count": 799,
      "positive_count": 201,
      "precision_at_0.5": 0.36939313984168864,
      "precision_at_tuned_threshold": 0.40476190476190477,
      "prevalence": 0.201,
      "recall_at_0.5": 0.6965174129353234,
      "recall_at_tuned_threshold": 0.5920398009950248,
      "threshold_used": 0.5798550844192505
    },
    "cardiomegaly": {
      "auroc": 0.7672157839287425,
      "average_precision": 0.42209907784544815,
      "ece": 0.22324395604553068,
      "f1_at_0.5": 0.4718417047184171,
      "f1_at_tuned_threshold": 0.4891461649782924,
      "negative_count": 788,
      "positive_count": 212,
      "precision_at_0.5": 0.34831460674157305,
      "precision_at_tuned_threshold": 0.35281837160751567,
      "prevalence": 0.212,
      "recall_at_0.5": 0.7311320754716981,
      "recall_at_tuned_threshold": 0.7971698113207547,
      "threshold_used": 0.46834269165992737
    },
    "consolidation": {
      "auroc": 0.7851467917675545,
      "average_precision": 0.18076304228034562,
      "ece": 0.3215869913605444,
      "f1_at_0.5": 0.1932584269662921,
      "f1_at_tuned_threshold": 0.25954198473282447,
      "negative_count": 944,
      "positive_count": 56,
      "precision_at_0.5": 0.11053984575835475,
      "precision_at_tuned_threshold": 0.22666666666666666,
      "prevalence": 0.056,
      "recall_at_0.5": 0.7678571428571429,
      "recall_at_tuned_threshold": 0.30357142857142855,
      "threshold_used": 0.7347416877746582
    },
    "edema": {
      "auroc": 0.8760297521786492,
      "average_precision": 0.4904697068588007,
      "ece": 0.2182276537730236,
      "f1_at_0.5": 0.5021645021645021,
      "f1_at_tuned_threshold": 0.5478036175710594,
      "negative_count": 864,
      "positive_count": 136,
      "precision_at_0.5": 0.3558282208588957,
      "precision_at_tuned_threshold": 0.42231075697211157,
      "prevalence": 0.136,
      "recall_at_0.5": 0.8529411764705882,
      "recall_at_tuned_threshold": 0.7794117647058824,
      "threshold_used": 0.6498821377754211
    },
    "pleural_effusion": {
      "auroc": 0.8921528477822581,
      "average_precision": 0.7160415908112494,
      "ece": 0.16638047496235633,
      "f1_at_0.5": 0.6824925816023738,
      "f1_at_tuned_threshold": 0.7003367003367004,
      "negative_count": 744,
      "positive_count": 256,
      "precision_at_0.5": 0.5502392344497608,
      "precision_at_tuned_threshold": 0.6153846153846154,
      "prevalence": 0.256,
      "recall_at_0.5": 0.8984375,
      "recall_at_tuned_threshold": 0.8125,
      "threshold_used": 0.6340493559837341
    },
    "pneumonia": {
      "auroc": 0.7218018018018018,
      "average_precision": 0.1788660451301017,
      "ece": 0.28285665209771366,
      "f1_at_0.5": 0.23056300268096516,
      "f1_at_tuned_threshold": 0.26595744680851063,
      "negative_count": 925,
      "positive_count": 75,
      "precision_at_0.5": 0.14429530201342283,
      "precision_at_tuned_threshold": 0.22123893805309736,
      "prevalence": 0.075,
      "recall_at_0.5": 0.5733333333333334,
      "recall_at_tuned_threshold": 0.3333333333333333,
      "threshold_used": 0.6722180843353271
    },
    "pneumothorax": {
      "auroc": 0.8145938960135203,
      "average_precision": 0.29463430248430994,
      "ece": 0.2556812836429862,
      "f1_at_0.5": 0.2125984251968504,
      "f1_at_tuned_threshold": 0.40625000000000006,
      "negative_count": 958,
      "positive_count": 42,
      "precision_at_0.5": 0.12735849056603774,
      "precision_at_tuned_threshold": 0.5909090909090909,
      "prevalence": 0.042,
      "recall_at_0.5": 0.6428571428571429,
      "recall_at_tuned_threshold": 0.30952380952380953,
      "threshold_used": 0.9181609749794006
    }
  },
  "loss": 0.9314861297607422,
  "macro": {
    "auroc": 0.8047958378488519,
    "average_precision": 0.38973067545743706,
    "ece": 0.24034300813604406,
    "f1_at_0.5": 0.3965253234312937,
    "f1_at_tuned_thresholds": 0.44997771360506683
  },
  "num_examples": 1000,
  "split_alias": "target_val",
  "valid_label_counts": {
    "macro_auroc": 7,
    "macro_average_precision": 7
  }
}