{
  "label_metrics": {
    "atelectasis": {
      "auroc": 0.6473143729719412,
      "average_precision": 0.25359607728024547,
      "ece": 0.32765998960119286,
      "f1_at_0.5": 0.3157894736842105,
      "f1_at_tuned_threshold": 0.3285528031290743,
      "negative_count": 845,
      "positive_count": 155,
      "precision_at_0.5": 0.20588235294117646,
      "precision_at_tuned_threshold": 0.20588235294117646,
      "prevalence": 0.155,
      "recall_at_0.5": 0.6774193548387096,
      "recall_at_tuned_threshold": 0.8129032258064516,
      "threshold_used": 0.42206406593322754
    },
    "cardiomegaly": {
      "auroc": 0.7925299663486943,
      "average_precision": 0.3974528180157035,
      "ece": 0.3818589656595212,
      "f1_at_0.5": 0.3391442155309033,
      "f1_at_tuned_threshold": 0.4181818181818182,
      "negative_count": 877,
      "positive_count": 123,
      "precision_at_0.5": 0.2106299212598425,
      "precision_at_tuned_threshold": 0.3333333333333333,
      "prevalence": 0.123,
      "recall_at_0.5": 0.8699186991869918,
      "recall_at_tuned_threshold": 0.5609756097560976,
      "threshold_used": 0.7286407351493835
    },
    "consolidation": {
      "auroc": 0.6895512496844232,
      "average_precision": 0.1260311039597599,
      "ece": 0.4036570566157217,
      "f1_at_0.5": 0.18587360594795538,
      "f1_at_tuned_threshold": 0.24074074074074078,
      "negative_count": 932,
      "positive_count": 68,
      "precision_at_0.5": 0.10638297872340426,
      "precision_at_tuned_threshold": 0.17567567567567569,
      "prevalence": 0.068,
      "recall_at_0.5": 0.7352941176470589,
      "recall_at_tuned_threshold": 0.38235294117647056,
      "threshold_used": 0.6866576671600342
    },
    "edema": {
      "auroc": 0.7857944710807329,
      "average_precision": 0.4986320214236866,
      "ece": 0.13881203736146286,
      "f1_at_0.5": 0.5435168738898756,
      "f1_at_tuned_threshold": 0.5513513513513514,
      "negative_count": 763,
      "positive_count": 237,
      "precision_at_0.5": 0.46932515337423314,
      "precision_at_tuned_threshold": 0.4811320754716981,
      "prevalence": 0.237,
      "recall_at_0.5": 0.6455696202531646,
      "recall_at_tuned_threshold": 0.6455696202531646,
      "threshold_used": 0.5091989040374756
    },
    "pleural_effusion": {
      "auroc": 0.8330450118985333,
      "average_precision": 0.7658097386777076,
      "ece": 0.12083239642729535,
      "f1_at_0.5": 0.704954954954955,
      "f1_at_tuned_threshold": 0.7099056603773585,
      "negative_count": 614,
      "positive_count": 386,
      "precision_at_0.5": 0.6235059760956175,
      "precision_at_tuned_threshold": 0.6515151515151515,
      "prevalence": 0.386,
      "recall_at_0.5": 0.810880829015544,
      "recall_at_tuned_threshold": 0.7797927461139896,
      "threshold_used": 0.5402622818946838
    },
    "pneumonia": {
      "auroc": 0.60963326446281,
      "average_precision": 0.060042247247121525,
      "ece": 0.34666497850770195,
      "f1_at_0.5": 0.09285714285714286,
      "f1_at_tuned_threshold": 0.1348314606741573,
      "negative_count": 968,
      "positive_count": 32,
      "precision_at_0.5": 0.05241935483870968,
      "precision_at_tuned_threshold": 0.10526315789473684,
      "prevalence": 0.032,
      "recall_at_0.5": 0.40625,
      "recall_at_tuned_threshold": 0.1875,
      "threshold_used": 0.6988218426704407
    },
    "pneumothorax": {
      "auroc": 0.7931153566274868,
      "average_precision": 0.4294155199712012,
      "ece": 0.3162041778389914,
      "f1_at_0.5": 0.3137254901960784,
      "f1_at_tuned_threshold": 0.49704142011834324,
      "negative_count": 911,
      "positive_count": 89,
      "precision_at_0.5": 0.2006269592476489,
      "precision_at_tuned_threshold": 0.525,
      "prevalence": 0.089,
      "recall_at_0.5": 0.7191011235955056,
      "recall_at_tuned_threshold": 0.47191011235955055,
      "threshold_used": 0.7777442336082458
    }
  },
  "loss": 1.0274256429672242,
  "macro": {
    "auroc": 0.7358548132963746,
    "average_precision": 0.3615685037964894,
    "ece": 0.29081280028741247,
    "f1_at_0.5": 0.35655167958016015,
    "f1_at_tuned_thresholds": 0.41151503636754905
  },
  "num_examples": 1000,
  "split_alias": "target_val",
  "valid_label_counts": {
    "macro_auroc": 7,
    "macro_average_precision": 7
  }
}