{
  "labels": {
    "atelectasis": {
      "best_f1": 0.3307291666666667,
      "threshold": 0.42206405206876396
    },
    "cardiomegaly": {
      "best_f1": 0.41818181818181815,
      "threshold": 0.7286407529581377
    },
    "consolidation": {
      "best_f1": 0.24074074074074073,
      "threshold": 0.6866576717657897
    },
    "edema": {
      "best_f1": 0.5513513513513514,
      "threshold": 0.5091989313707528
    },
    "pleural_effusion": {
      "best_f1": 0.7114252061248527,
      "threshold": 0.540262265772413
    },
    "pneumonia": {
      "best_f1": 0.15555555555555556,
      "threshold": 0.6988218338030739
    },
    "pneumothorax": {
      "best_f1": 0.5058823529411764,
      "threshold": 0.7777442230646692
    }
  },
  "macro_threshold": 0.6233413815498352,
  "selection_metric": "per_label_f1",
  "selection_split": "target_val"
}