{
  "label_metrics": {
    "atelectasis": {
      "auroc": 0.8189935064935064,
      "average_precision": 0.6624685155039234,
      "ece": 0.10121033729470823,
      "f1_at_0.5": 0.6892655367231638,
      "f1_at_tuned_threshold": 0.68,
      "negative_count": 154,
      "positive_count": 80,
      "precision_at_0.5": 0.6288659793814433,
      "precision_at_tuned_threshold": 0.5666666666666667,
      "prevalence": 0.3418803418803419,
      "recall_at_0.5": 0.7625,
      "recall_at_tuned_threshold": 0.85,
      "threshold_used": 0.42206406593322754
    },
    "cardiomegaly": {
      "auroc": 0.7674521615875266,
      "average_precision": 0.6197910780014064,
      "ece": 0.1849399288361573,
      "f1_at_0.5": 0.5402298850574713,
      "f1_at_tuned_threshold": 0.537037037037037,
      "negative_count": 166,
      "positive_count": 68,
      "precision_at_0.5": 0.44339622641509435,
      "precision_at_tuned_threshold": 0.725,
      "prevalence": 0.2905982905982906,
      "recall_at_0.5": 0.6911764705882353,
      "recall_at_tuned_threshold": 0.4264705882352941,
      "threshold_used": 0.7286407351493835
    },
    "consolidation": {
      "auroc": 0.8784863560982964,
      "average_precision": 0.4656926124392717,
      "ece": 0.2705579032189214,
      "f1_at_0.5": 0.547008547008547,
      "f1_at_tuned_threshold": 0.3508771929824562,
      "negative_count": 201,
      "positive_count": 33,
      "precision_at_0.5": 0.38095238095238093,
      "precision_at_tuned_threshold": 0.4166666666666667,
      "prevalence": 0.14102564102564102,
      "recall_at_0.5": 0.9696969696969697,
      "recall_at_tuned_threshold": 0.30303030303030304,
      "threshold_used": 0.6866576671600342
    },
    "edema": {
      "auroc": 0.8512639623750735,
      "average_precision": 0.6263563447009948,
      "ece": 0.11793323976178488,
      "f1_at_0.5": 0.5918367346938775,
      "f1_at_tuned_threshold": 0.5979381443298969,
      "negative_count": 189,
      "positive_count": 45,
      "precision_at_0.5": 0.5471698113207547,
      "precision_at_tuned_threshold": 0.5576923076923077,
      "prevalence": 0.19230769230769232,
      "recall_at_0.5": 0.6444444444444445,
      "recall_at_tuned_threshold": 0.6444444444444445,
      "threshold_used": 0.5091989040374756
    },
    "pleural_effusion": {
      "auroc": 0.9231387970328001,
      "average_precision": 0.8527991123447527,
      "ece": 0.14839398819991975,
      "f1_at_0.5": 0.7466666666666666,
      "f1_at_tuned_threshold": 0.7586206896551725,
      "negative_count": 167,
      "positive_count": 67,
      "precision_at_0.5": 0.6746987951807228,
      "precision_at_tuned_threshold": 0.7051282051282052,
      "prevalence": 0.2863247863247863,
      "recall_at_0.5": 0.835820895522388,
      "recall_at_tuned_threshold": 0.8208955223880597,
      "threshold_used": 0.5402622818946838
    },
    "pneumonia": {
      "auroc": 0.6698008849557522,
      "average_precision": 0.06802376414782546,
      "ece": 0.30882753977105376,
      "f1_at_0.5": 0.06779661016949153,
      "f1_at_tuned_threshold": 0.0,
      "negative_count": 226,
      "positive_count": 8,
      "precision_at_0.5": 0.0392156862745098,
      "precision_at_tuned_threshold": 0.0,
      "prevalence": 0.03418803418803419,
      "recall_at_0.5": 0.25,
      "recall_at_tuned_threshold": 0.0,
      "threshold_used": 0.6988218426704407
    },
    "pneumothorax": {
      "auroc": 0.7555309734513275,
      "average_precision": 0.13663937647228297,
      "ece": 0.3262903238894982,
      "f1_at_0.5": 0.08695652173913043,
      "f1_at_tuned_threshold": 0.2,
      "negative_count": 226,
      "positive_count": 8,
      "precision_at_0.5": 0.04918032786885246,
      "precision_at_tuned_threshold": 0.16666666666666666,
      "prevalence": 0.03418803418803419,
      "recall_at_0.5": 0.375,
      "recall_at_tuned_threshold": 0.25,
      "threshold_used": 0.7777442336082458
    }
  },
  "loss": 1.073425531387329,
  "macro": {
    "auroc": 0.809238091713469,
    "average_precision": 0.4902529719443511,
    "ece": 0.2083076087102919,
    "f1_at_0.5": 0.46710864315119255,
    "f1_at_tuned_thresholds": 0.4463532948577947
  },
  "num_examples": 234,
  "split_alias": "target_test",
  "valid_label_counts": {
    "macro_auroc": 7,
    "macro_average_precision": 7
  }
}