{
  "labels": {
    "atelectasis": {
      "best_f1": 0.4105960264900662,
      "threshold": 0.1889218077855725
    },
    "cardiomegaly": {
      "best_f1": 0.36496350364963503,
      "threshold": 0.2951283321692637
    },
    "consolidation": {
      "best_f1": 0.23529411764705882,
      "threshold": 0.6902459806556982
    },
    "edema": {
      "best_f1": 0.25098039215686274,
      "threshold": 0.30528294234216474
    },
    "pleural_effusion": {
      "best_f1": 0.4115755627009646,
      "threshold": 0.1974444571048067
    },
    "pneumonia": {
      "best_f1": 0.16759776536312848,
      "threshold": 0.4388753751953937
    },
    "pneumothorax": {
      "best_f1": 0.13114754098360656,
      "threshold": 0.6418714600946596
    }
  },
  "macro_threshold": 0.3939671814441681,
  "selection_metric": "per_label_f1",
  "selection_split": "target_val"
}