{
  "label_metrics": {
    "atelectasis": {
      "auroc": 0.533399836850326,
      "average_precision": 0.1987256519138923,
      "ece": 0.23072432168947055,
      "f1_at_0.5": 0.22940226171243944,
      "f1_at_tuned_threshold": 0.30950974601299475,
      "negative_count": 1189,
      "positive_count": 266,
      "precision_at_0.5": 0.20113314447592068,
      "precision_at_tuned_threshold": 0.1836019621583742,
      "prevalence": 0.18281786941580755,
      "recall_at_0.5": 0.2669172932330827,
      "recall_at_tuned_threshold": 0.9849624060150376,
      "threshold_used": 0.18892180919647217
    },
    "cardiomegaly": {
      "auroc": 0.4806610057203103,
      "average_precision": 0.1506265345193773,
      "ece": 0.24916146586056231,
      "f1_at_0.5": 0.16633663366336635,
      "f1_at_tuned_threshold": 0.2588866532528505,
      "negative_count": 1226,
      "positive_count": 229,
      "precision_at_0.5": 0.15217391304347827,
      "precision_at_tuned_threshold": 0.15293185419968305,
      "prevalence": 0.15738831615120275,
      "recall_at_0.5": 0.18340611353711792,
      "recall_at_tuned_threshold": 0.8427947598253275,
      "threshold_used": 0.29512834548950195
    },
    "consolidation": {
      "auroc": 0.5042593387720051,
      "average_precision": 0.05727550661862706,
      "ece": 0.4525549548924817,
      "f1_at_0.5": 0.10843373493975904,
      "f1_at_tuned_threshold": 0.072992700729927,
      "negative_count": 1370,
      "positive_count": 85,
      "precision_at_0.5": 0.06040268456375839,
      "precision_at_tuned_threshold": 0.05291005291005291,
      "prevalence": 0.058419243986254296,
      "recall_at_0.5": 0.5294117647058824,
      "recall_at_tuned_threshold": 0.11764705882352941,
      "threshold_used": 0.6902459859848022
    },
    "edema": {
      "auroc": 0.4767525005320281,
      "average_precision": 0.14512626460853306,
      "ece": 0.3723309255368669,
      "f1_at_0.5": 0.1780673181324647,
      "f1_at_tuned_threshold": 0.2245430809399478,
      "negative_count": 1270,
      "positive_count": 185,
      "precision_at_0.5": 0.11141304347826086,
      "precision_at_tuned_threshold": 0.1276911655530809,
      "prevalence": 0.12714776632302405,
      "recall_at_0.5": 0.44324324324324327,
      "recall_at_tuned_threshold": 0.9297297297297298,
      "threshold_used": 0.30528295040130615
    },
    "pleural_effusion": {
      "auroc": 0.48592576533753007,
      "average_precision": 0.22489010509888166,
      "ece": 0.3331996036994101,
      "f1_at_0.5": 0.33182503770739064,
      "f1_at_tuned_threshold": 0.3717012914093206,
      "negative_count": 1122,
      "positive_count": 333,
      "precision_at_0.5": 0.2215508559919436,
      "precision_at_tuned_threshold": 0.2285911602209945,
      "prevalence": 0.2288659793814433,
      "recall_at_0.5": 0.6606606606606606,
      "recall_at_tuned_threshold": 0.993993993993994,
      "threshold_used": 0.19744445383548737
    },
    "pneumonia": {
      "auroc": 0.48705491065605844,
      "average_precision": 0.06724696807945019,
      "ece": 0.3825252902807812,
      "f1_at_0.5": 0.10569105691056911,
      "f1_at_tuned_threshold": 0.12608695652173912,
      "negative_count": 1353,
      "positive_count": 102,
      "precision_at_0.5": 0.06666666666666667,
      "precision_at_tuned_threshold": 0.07090464547677261,
      "prevalence": 0.07010309278350516,
      "recall_at_0.5": 0.2549019607843137,
      "recall_at_tuned_threshold": 0.5686274509803921,
      "threshold_used": 0.43887537717819214
    },
    "pneumothorax": {
      "auroc": 0.5263475373547316,
      "average_precision": 0.049433739668455365,
      "ece": 0.5046346313376416,
      "f1_at_0.5": 0.09188660801564028,
      "f1_at_tuned_threshold": 0.0898876404494382,
      "negative_count": 1390,
      "positive_count": 65,
      "precision_at_0.5": 0.049060542797494784,
      "precision_at_tuned_threshold": 0.054982817869415807,
      "prevalence": 0.044673539518900345,
      "recall_at_0.5": 0.7230769230769231,
      "recall_at_tuned_threshold": 0.24615384615384617,
      "threshold_used": 0.641871452331543
    }
  },
  "loss": 1.1614568935636802,
  "macro": {
    "auroc": 0.49920012788899853,
    "average_precision": 0.12761782435817384,
    "ece": 0.36073302761388776,
    "f1_at_0.5": 0.17309180729737564,
    "f1_at_tuned_thresholds": 0.20765829561660257
  },
  "num_examples": 1455,
  "split_alias": "target_test",
  "valid_label_counts": {
    "macro_auroc": 7,
    "macro_average_precision": 7
  }
}