{
  "brier_score": 0.13391914857285364,
  "label_metrics": {
    "0": {
      "auprc": 0.7572585990480016,
      "auroc": 0.861525974025974,
      "brier": 0.21351782977581024,
      "ece": 0.19978297973035747
    },
    "1": {
      "auprc": 0.5843992197882153,
      "auroc": 0.739280652019844,
      "brier": 0.23900149762630463,
      "ece": 0.23136441599036386
    },
    "2": {
      "auprc": 0.5302025196142166,
      "auroc": 0.9050203527815468,
      "brier": 0.108268141746521,
      "ece": 0.07601813666331461
    },
    "3": {
      "auprc": 0.6483292931371574,
      "auroc": 0.861845972957084,
      "brier": 0.18433034420013428,
      "ece": 0.1823072610422969
    },
    "4": {
      "auprc": 0.8217774854934011,
      "auroc": 0.9043703637501117,
      "brier": 0.1256062090396881,
      "ece": 0.08920491503503841
    },
    "5": {
      "auprc": 0.3311395929339478,
      "auroc": 0.8987831858407079,
      "brier": 0.033209774643182755,
      "ece": 0.02734161727130413
    },
    "6": {
      "auprc": 0.12121960206337509,
      "auroc": 0.7793141592920354,
      "brier": 0.03350024297833443,
      "ece": 0.028335223428140852
    }
  },
  "macro_auprc": 0.5420466160111879,
  "macro_auroc": 0.8500200943810433,
  "macro_ece": 0.11919350702297374,
  "micro_auprc": 0.5655968124016663,
  "micro_auroc": 0.798030492303871,
  "num_examples": 234,
  "prediction_artifact": "/workspace/paper_v1/outputs/nih_to_chexpert_seed_sweep/20260420T103712Z__nih_to_chexpert_seed_sweep/seed_31415/20260420T103732Z__source_only/metrics/d1_chexpert_test_predictions.npz",
  "valid_label_counts": {
    "brier_score": 7,
    "macro_auprc": 7,
    "macro_auroc": 7,
    "macro_ece": 7
  }
}
