{
  "label_metrics": {
    "atelectasis": {
      "auroc": 0.7931156714398588,
      "average_precision": 0.30144997327725576,
      "ece": 0.2866724215179294,
      "f1_at_0.5": 0.3299888517279822,
      "f1_at_tuned_threshold": 0.33203125,
      "negative_count": 1794,
      "positive_count": 206,
      "precision_at_0.5": 0.2141823444283647,
      "precision_at_tuned_threshold": 0.2078239608801956,
      "prevalence": 0.103,
      "recall_at_0.5": 0.7184466019417476,
      "recall_at_tuned_threshold": 0.8252427184466019,
      "threshold_used": 0.42769548296928406
    },
    "cardiomegaly": {
      "auroc": 0.8690825750307681,
      "average_precision": 0.2563351382271534,
      "ece": 0.2798933794309839,
      "f1_at_0.5": 0.18901098901098903,
      "f1_at_tuned_threshold": 0.2616822429906542,
      "negative_count": 1947,
      "positive_count": 53,
      "precision_at_0.5": 0.10696517412935323,
      "precision_at_tuned_threshold": 0.17391304347826086,
      "prevalence": 0.0265,
      "recall_at_0.5": 0.8113207547169812,
      "recall_at_tuned_threshold": 0.5283018867924528,
      "threshold_used": 0.7251623272895813
    },
    "consolidation": {
      "auroc": 0.7905678569616185,
      "average_precision": 0.14865851094045465,
      "ece": 0.27754027133889897,
      "f1_at_0.5": 0.20520231213872833,
      "f1_at_tuned_threshold": 0.21960784313725493,
      "negative_count": 1907,
      "positive_count": 93,
      "precision_at_0.5": 0.11853088480801335,
      "precision_at_tuned_threshold": 0.1342925659472422,
      "prevalence": 0.0465,
      "recall_at_0.5": 0.7634408602150538,
      "recall_at_tuned_threshold": 0.6021505376344086,
      "threshold_used": 0.6319350600242615
    },
    "edema": {
      "auroc": 0.9059369466791839,
      "average_precision": 0.18152512312207325,
      "ece": 0.23539229960619285,
      "f1_at_0.5": 0.15000000000000002,
      "f1_at_tuned_threshold": 0.1754385964912281,
      "negative_count": 1957,
      "positive_count": 43,
      "precision_at_0.5": 0.08237986270022883,
      "precision_at_tuned_threshold": 0.09831460674157304,
      "prevalence": 0.0215,
      "recall_at_0.5": 0.8372093023255814,
      "recall_at_tuned_threshold": 0.813953488372093,
      "threshold_used": 0.5997195839881897
    },
    "pleural_effusion": {
      "auroc": 0.8651583946930115,
      "average_precision": 0.48829753264533987,
      "ece": 0.20549868674041702,
      "f1_at_0.5": 0.46819338422391854,
      "f1_at_tuned_threshold": 0.4282655246252677,
      "negative_count": 1761,
      "positive_count": 239,
      "precision_at_0.5": 0.33638025594149906,
      "precision_at_tuned_threshold": 0.28776978417266186,
      "prevalence": 0.1195,
      "recall_at_0.5": 0.7698744769874477,
      "recall_at_tuned_threshold": 0.8368200836820083,
      "threshold_used": 0.3775980472564697
    },
    "pneumonia": {
      "auroc": 0.7979571138800348,
      "average_precision": 0.055855985975249954,
      "ece": 0.3489000462239276,
      "f1_at_0.5": 0.07746478873239436,
      "f1_at_tuned_threshold": 0.09154929577464788,
      "negative_count": 1972,
      "positive_count": 28,
      "precision_at_0.5": 0.040740740740740744,
      "precision_at_tuned_threshold": 0.05078125,
      "prevalence": 0.014,
      "recall_at_0.5": 0.7857142857142857,
      "recall_at_tuned_threshold": 0.4642857142857143,
      "threshold_used": 0.7121320962905884
    },
    "pneumothorax": {
      "auroc": 0.8537250988153435,
      "average_precision": 0.27959541139465416,
      "ece": 0.21798448798849468,
      "f1_at_0.5": 0.2953020134228188,
      "f1_at_tuned_threshold": 0.33333333333333337,
      "negative_count": 1907,
      "positive_count": 93,
      "precision_at_0.5": 0.1864406779661017,
      "precision_at_tuned_threshold": 0.2606060606060606,
      "prevalence": 0.0465,
      "recall_at_0.5": 0.7096774193548387,
      "recall_at_tuned_threshold": 0.46236559139784944,
      "threshold_used": 0.7297124266624451
    }
  },
  "loss": 0.6478574938774109,
  "macro": {
    "auroc": 0.8393633796428313,
    "average_precision": 0.24453109651174015,
    "ece": 0.2645545132638349,
    "f1_at_0.5": 0.24502319132240444,
    "f1_at_tuned_thresholds": 0.2631297266217695
  },
  "num_examples": 2000,
  "split_alias": "d0_test",
  "valid_label_counts": {
    "macro_auroc": 7,
    "macro_average_precision": 7
  }
}