{
  "label_metrics": {
    "atelectasis": {
      "auroc": 0.8077110389610389,
      "average_precision": 0.6410001794927114,
      "ece": 0.11508111694625972,
      "f1_at_0.5": 0.6511627906976744,
      "f1_at_tuned_threshold": 0.6666666666666667,
      "negative_count": 154,
      "positive_count": 80,
      "precision_at_0.5": 0.6086956521739131,
      "precision_at_tuned_threshold": 0.5652173913043478,
      "prevalence": 0.3418803418803419,
      "recall_at_0.5": 0.7,
      "recall_at_tuned_threshold": 0.8125,
      "threshold_used": 0.42769548296928406
    },
    "cardiomegaly": {
      "auroc": 0.7733433734939759,
      "average_precision": 0.6192969118281895,
      "ece": 0.08196818927715749,
      "f1_at_0.5": 0.5757575757575757,
      "f1_at_tuned_threshold": 0.38709677419354843,
      "negative_count": 166,
      "positive_count": 68,
      "precision_at_0.5": 0.59375,
      "precision_at_tuned_threshold": 0.72,
      "prevalence": 0.2905982905982906,
      "recall_at_0.5": 0.5588235294117647,
      "recall_at_tuned_threshold": 0.2647058823529412,
      "threshold_used": 0.7251623272895813
    },
    "consolidation": {
      "auroc": 0.8714005728931102,
      "average_precision": 0.45368583698626086,
      "ece": 0.21004551381332248,
      "f1_at_0.5": 0.45454545454545453,
      "f1_at_tuned_threshold": 0.2692307692307693,
      "negative_count": 201,
      "positive_count": 33,
      "precision_at_0.5": 0.36363636363636365,
      "precision_at_tuned_threshold": 0.3684210526315789,
      "prevalence": 0.14102564102564102,
      "recall_at_0.5": 0.6060606060606061,
      "recall_at_tuned_threshold": 0.21212121212121213,
      "threshold_used": 0.6319350600242615
    },
    "edema": {
      "auroc": 0.8469723691945914,
      "average_precision": 0.6223064299655865,
      "ece": 0.1600589701703384,
      "f1_at_0.5": 0.5636363636363636,
      "f1_at_tuned_threshold": 0.5957446808510639,
      "negative_count": 189,
      "positive_count": 45,
      "precision_at_0.5": 0.47692307692307695,
      "precision_at_tuned_threshold": 0.5714285714285714,
      "prevalence": 0.19230769230769232,
      "recall_at_0.5": 0.6888888888888889,
      "recall_at_tuned_threshold": 0.6222222222222222,
      "threshold_used": 0.5997195839881897
    },
    "pleural_effusion": {
      "auroc": 0.9177763875234606,
      "average_precision": 0.8435045613440955,
      "ece": 0.10596291268927387,
      "f1_at_0.5": 0.7218045112781953,
      "f1_at_tuned_threshold": 0.7417218543046357,
      "negative_count": 167,
      "positive_count": 67,
      "precision_at_0.5": 0.7272727272727273,
      "precision_at_tuned_threshold": 0.6666666666666666,
      "prevalence": 0.2863247863247863,
      "recall_at_0.5": 0.7164179104477612,
      "recall_at_tuned_threshold": 0.835820895522388,
      "threshold_used": 0.3775980472564697
    },
    "pneumonia": {
      "auroc": 0.6219579646017699,
      "average_precision": 0.061538928344200175,
      "ece": 0.32379165682671507,
      "f1_at_0.5": 0.07547169811320754,
      "f1_at_tuned_threshold": 0.0,
      "negative_count": 226,
      "positive_count": 8,
      "precision_at_0.5": 0.044444444444444446,
      "precision_at_tuned_threshold": 0.0,
      "prevalence": 0.03418803418803419,
      "recall_at_0.5": 0.25,
      "recall_at_tuned_threshold": 0.0,
      "threshold_used": 0.7121320962905884
    },
    "pneumothorax": {
      "auroc": 0.754424778761062,
      "average_precision": 0.12563439732445011,
      "ece": 0.3065343798953451,
      "f1_at_0.5": 0.10526315789473682,
      "f1_at_tuned_threshold": 0.2857142857142857,
      "negative_count": 226,
      "positive_count": 8,
      "precision_at_0.5": 0.061224489795918366,
      "precision_at_tuned_threshold": 0.23076923076923078,
      "prevalence": 0.03418803418803419,
      "recall_at_0.5": 0.375,
      "recall_at_tuned_threshold": 0.375,
      "threshold_used": 0.7297124266624451
    }
  },
  "loss": 1.1669514179229736,
  "macro": {
    "auroc": 0.7990837836327156,
    "average_precision": 0.48099532075507057,
    "ece": 0.18620610565977316,
    "f1_at_0.5": 0.4496630788461725,
    "f1_at_tuned_thresholds": 0.4208821472801385
  },
  "num_examples": 234,
  "split_alias": "target_test",
  "valid_label_counts": {
    "macro_auroc": 7,
    "macro_average_precision": 7
  }
}