{
  "label_metrics": {
    "atelectasis": {
      "auroc": 0.6494979958007253,
      "average_precision": 0.2516708927906141,
      "ece": 0.30926878402509245,
      "f1_at_0.5": 0.32078559738134205,
      "f1_at_tuned_threshold": 0.33197278911564626,
      "negative_count": 845,
      "positive_count": 155,
      "precision_at_0.5": 0.2149122807017544,
      "precision_at_tuned_threshold": 0.2103448275862069,
      "prevalence": 0.155,
      "recall_at_0.5": 0.632258064516129,
      "recall_at_tuned_threshold": 0.7870967741935484,
      "threshold_used": 0.42769548296928406
    },
    "cardiomegaly": {
      "auroc": 0.7938231776844564,
      "average_precision": 0.394017797269481,
      "ece": 0.2708863028881191,
      "f1_at_0.5": 0.38864628820960706,
      "f1_at_tuned_threshold": 0.41935483870967744,
      "negative_count": 877,
      "positive_count": 123,
      "precision_at_0.5": 0.2656716417910448,
      "precision_at_tuned_threshold": 0.416,
      "prevalence": 0.123,
      "recall_at_0.5": 0.7235772357723578,
      "recall_at_tuned_threshold": 0.42276422764227645,
      "threshold_used": 0.7251623272895813
    },
    "consolidation": {
      "auroc": 0.6935669654127745,
      "average_precision": 0.1279165073370823,
      "ece": 0.33643503572446254,
      "f1_at_0.5": 0.21465968586387435,
      "f1_at_tuned_threshold": 0.23232323232323232,
      "negative_count": 932,
      "positive_count": 68,
      "precision_at_0.5": 0.1305732484076433,
      "precision_at_tuned_threshold": 0.17692307692307693,
      "prevalence": 0.068,
      "recall_at_0.5": 0.6029411764705882,
      "recall_at_tuned_threshold": 0.3382352941176471,
      "threshold_used": 0.6319350600242615
    },
    "edema": {
      "auroc": 0.7868396458571816,
      "average_precision": 0.503895965819731,
      "ece": 0.19036506790785204,
      "f1_at_0.5": 0.5294117647058824,
      "f1_at_tuned_threshold": 0.5557586837294333,
      "negative_count": 763,
      "positive_count": 237,
      "precision_at_0.5": 0.4180929095354523,
      "precision_at_tuned_threshold": 0.49032258064516127,
      "prevalence": 0.237,
      "recall_at_0.5": 0.7215189873417721,
      "recall_at_tuned_threshold": 0.6413502109704642,
      "threshold_used": 0.5997195839881897
    },
    "pleural_effusion": {
      "auroc": 0.8325070462945773,
      "average_precision": 0.7634096541691234,
      "ece": 0.060515350184492105,
      "f1_at_0.5": 0.7063291139240507,
      "f1_at_tuned_threshold": 0.7105263157894738,
      "negative_count": 614,
      "positive_count": 386,
      "precision_at_0.5": 0.6905940594059405,
      "precision_at_tuned_threshold": 0.6159695817490495,
      "prevalence": 0.386,
      "recall_at_0.5": 0.7227979274611399,
      "recall_at_tuned_threshold": 0.8393782383419689,
      "threshold_used": 0.3775980472564697
    },
    "pneumonia": {
      "auroc": 0.6178977272727273,
      "average_precision": 0.05332206036760321,
      "ece": 0.35209634317126637,
      "f1_at_0.5": 0.08362369337979093,
      "f1_at_tuned_threshold": 0.13513513513513511,
      "negative_count": 968,
      "positive_count": 32,
      "precision_at_0.5": 0.047058823529411764,
      "precision_at_tuned_threshold": 0.11904761904761904,
      "prevalence": 0.032,
      "recall_at_0.5": 0.375,
      "recall_at_tuned_threshold": 0.15625,
      "threshold_used": 0.7121320962905884
    },
    "pneumothorax": {
      "auroc": 0.7917339878390212,
      "average_precision": 0.4238958652089838,
      "ece": 0.2922582390267113,
      "f1_at_0.5": 0.32697547683923706,
      "f1_at_tuned_threshold": 0.4916201117318436,
      "negative_count": 911,
      "positive_count": 89,
      "precision_at_0.5": 0.2158273381294964,
      "precision_at_tuned_threshold": 0.4888888888888889,
      "prevalence": 0.089,
      "recall_at_0.5": 0.6741573033707865,
      "recall_at_tuned_threshold": 0.4943820224719101,
      "threshold_used": 0.7297124266624451
    }
  },
  "loss": 1.0123998527526856,
  "macro": {
    "auroc": 0.7379809351659233,
    "average_precision": 0.3597326775660884,
    "ece": 0.25883216041828516,
    "f1_at_0.5": 0.36720451718625496,
    "f1_at_tuned_thresholds": 0.4109558723620631
  },
  "num_examples": 1000,
  "split_alias": "target_val",
  "valid_label_counts": {
    "macro_auroc": 7,
    "macro_average_precision": 7
  }
}