{
  "brier_score": 0.05558385141193867,
  "label_metrics": {
    "0": {
      "auprc": 0.27789784883902136,
      "auroc": 0.7841808184779904,
      "brier": 0.0861390233039856,
      "ece": 0.03481333398167044
    },
    "1": {
      "auprc": 0.18163383193742658,
      "auroc": 0.8367687104495547,
      "brier": 0.02409346029162407,
      "ece": 0.007237603957299143
    },
    "2": {
      "auprc": 0.16709295643520747,
      "auroc": 0.7891131146709067,
      "brier": 0.041710395365953445,
      "ece": 0.016707060854882
    },
    "3": {
      "auprc": 0.21030797010480878,
      "auroc": 0.8927879644924005,
      "brier": 0.09102983772754669,
      "ece": 0.15840593647130302
    },
    "4": {
      "auprc": 0.4869757851419596,
      "auroc": 0.8629772452415065,
      "brier": 0.09044808149337769,
      "ece": 0.061173376380465924
    },
    "5": {
      "auprc": 0.04272804389974126,
      "auroc": 0.7599789915966386,
      "brier": 0.014015590772032738,
      "ece": 0.00388122185273096
    },
    "6": {
      "auprc": 0.26959591445367476,
      "auroc": 0.8494285343753347,
      "brier": 0.041650570929050446,
      "ece": 0.028481261059641837
    }
  },
  "macro_auprc": 0.2337474786874057,
  "macro_auroc": 0.8250336256149046,
  "macro_ece": 0.04438568493685619,
  "micro_auprc": 0.255011899074302,
  "micro_auroc": 0.8324260810652027,
  "num_examples": 2000,
  "prediction_artifact": "/workspace/paper_v1/outputs/nih_to_chexpert_seed_sweep/20260420T121957Z__nih_to_chexpert_seed_sweep/seed_31415/20260420T122023Z__vq_summary_replay/metrics/d0_nih_test_predictions.npz",
  "valid_label_counts": {
    "brier_score": 7,
    "macro_auprc": 7,
    "macro_auroc": 7,
    "macro_ece": 7
  }
}
