{
  "label_metrics": {
    "atelectasis": {
      "auroc": 0.5340511708202381,
      "average_precision": 0.19864671261917832,
      "ece": 0.28348841395421626,
      "f1_at_0.5": 0.28263473053892213,
      "f1_at_tuned_threshold": 0.3104265402843602,
      "negative_count": 1189,
      "positive_count": 266,
      "precision_at_0.5": 0.20738137082601055,
      "precision_at_tuned_threshold": 0.18424753867791843,
      "prevalence": 0.18281786941580755,
      "recall_at_0.5": 0.44360902255639095,
      "recall_at_tuned_threshold": 0.9849624060150376,
      "threshold_used": 0.22884513437747955
    },
    "cardiomegaly": {
      "auroc": 0.48112048270015745,
      "average_precision": 0.15044728603928156,
      "ece": 0.15195549385974988,
      "f1_at_0.5": 0.02909090909090909,
      "f1_at_tuned_threshold": 0.2669902912621359,
      "negative_count": 1226,
      "positive_count": 229,
      "precision_at_0.5": 0.08695652173913043,
      "precision_at_tuned_threshold": 0.15503875968992248,
      "prevalence": 0.15738831615120275,
      "recall_at_0.5": 0.017467248908296942,
      "recall_at_tuned_threshold": 0.9606986899563319,
      "threshold_used": 0.1489114910364151
    },
    "consolidation": {
      "auroc": 0.5013224559896952,
      "average_precision": 0.056610013604692186,
      "ece": 0.36496192192488586,
      "f1_at_0.5": 0.09213051823416507,
      "f1_at_tuned_threshold": 0.09440559440559441,
      "negative_count": 1370,
      "positive_count": 85,
      "precision_at_0.5": 0.05504587155963303,
      "precision_at_tuned_threshold": 0.055441478439425054,
      "prevalence": 0.058419243986254296,
      "recall_at_0.5": 0.2823529411764706,
      "recall_at_tuned_threshold": 0.3176470588235294,
      "threshold_used": 0.4808443486690521
    },
    "edema": {
      "auroc": 0.4756756756756757,
      "average_precision": 0.144621535579563,
      "ece": 0.4757870933177801,
      "f1_at_0.5": 0.2191780821917808,
      "f1_at_tuned_threshold": 0.22846202935545626,
      "negative_count": 1270,
      "positive_count": 185,
      "precision_at_0.5": 0.1275465013286094,
      "precision_at_tuned_threshold": 0.12952243125904486,
      "prevalence": 0.12714776632302405,
      "recall_at_0.5": 0.7783783783783784,
      "recall_at_tuned_threshold": 0.9675675675675676,
      "threshold_used": 0.3678378164768219
    },
    "pleural_effusion": {
      "auroc": 0.4867059572941926,
      "average_precision": 0.22497121135237758,
      "ece": 0.3526441408822656,
      "f1_at_0.5": 0.3378864126527678,
      "f1_at_tuned_threshold": 0.3717012914093206,
      "negative_count": 1122,
      "positive_count": 333,
      "precision_at_0.5": 0.222117202268431,
      "precision_at_tuned_threshold": 0.2285911602209945,
      "prevalence": 0.2288659793814433,
      "recall_at_0.5": 0.7057057057057057,
      "recall_at_tuned_threshold": 0.993993993993994,
      "threshold_used": 0.21255876123905182
    },
    "pneumonia": {
      "auroc": 0.4982029766821732,
      "average_precision": 0.06908526914941082,
      "ece": 0.3400332012983927,
      "f1_at_0.5": 0.08459214501510574,
      "f1_at_tuned_threshold": 0.12199036918138041,
      "negative_count": 1353,
      "positive_count": 102,
      "precision_at_0.5": 0.0611353711790393,
      "precision_at_tuned_threshold": 0.07293666026871401,
      "prevalence": 0.07010309278350516,
      "recall_at_0.5": 0.13725490196078433,
      "recall_at_tuned_threshold": 0.37254901960784315,
      "threshold_used": 0.4370424747467041
    },
    "pneumothorax": {
      "auroc": 0.5374211400110681,
      "average_precision": 0.04993823527676034,
      "ece": 0.5330523800634105,
      "f1_at_0.5": 0.08881578947368421,
      "f1_at_tuned_threshold": 0.04040404040404041,
      "negative_count": 1390,
      "positive_count": 65,
      "precision_at_0.5": 0.04691572545612511,
      "precision_at_tuned_threshold": 0.03007518796992481,
      "prevalence": 0.044673539518900345,
      "recall_at_0.5": 0.8307692307692308,
      "recall_at_tuned_threshold": 0.06153846153846154,
      "threshold_used": 0.696784257888794
    }
  },
  "loss": 1.1877744459204658,
  "macro": {
    "auroc": 0.5020714084533144,
    "average_precision": 0.12776003766018057,
    "ece": 0.357417520757243,
    "f1_at_0.5": 0.1620469410281907,
    "f1_at_tuned_thresholds": 0.2049114509003269
  },
  "num_examples": 1455,
  "split_alias": "target_test",
  "valid_label_counts": {
    "macro_auroc": 7,
    "macro_average_precision": 7
  }
}