{
  "label_metrics": {
    "atelectasis": {
      "auroc": 0.782224025974026,
      "average_precision": 0.6826746497189224,
      "ece": 0.19615633174489963,
      "f1_at_0.5": 0.6336633663366338,
      "f1_at_tuned_threshold": 0.6440677966101694,
      "negative_count": 154,
      "positive_count": 80,
      "precision_at_0.5": 0.5245901639344263,
      "precision_at_tuned_threshold": 0.5876288659793815,
      "prevalence": 0.3418803418803419,
      "recall_at_0.5": 0.8,
      "recall_at_tuned_threshold": 0.7125,
      "threshold_used": 0.5291431546211243
    },
    "cardiomegaly": {
      "auroc": 0.5045180722891566,
      "average_precision": 0.28575701963040046,
      "ece": 0.20263686624201116,
      "f1_at_0.5": 0.3105590062111801,
      "f1_at_tuned_threshold": 0.1372549019607843,
      "negative_count": 166,
      "positive_count": 68,
      "precision_at_0.5": 0.26881720430107525,
      "precision_at_tuned_threshold": 0.20588235294117646,
      "prevalence": 0.2905982905982906,
      "recall_at_0.5": 0.36764705882352944,
      "recall_at_tuned_threshold": 0.10294117647058823,
      "threshold_used": 0.5409395694732666
    },
    "consolidation": {
      "auroc": 0.7789838685361073,
      "average_precision": 0.3322493118138402,
      "ece": 0.3517620610581128,
      "f1_at_0.5": 0.3724137931034483,
      "f1_at_tuned_threshold": 0.3883495145631068,
      "negative_count": 201,
      "positive_count": 33,
      "precision_at_0.5": 0.24107142857142858,
      "precision_at_tuned_threshold": 0.2857142857142857,
      "prevalence": 0.14102564102564102,
      "recall_at_0.5": 0.8181818181818182,
      "recall_at_tuned_threshold": 0.6060606060606061,
      "threshold_used": 0.5573534369468689
    },
    "edema": {
      "auroc": 0.7586125808348031,
      "average_precision": 0.5031511280235484,
      "ece": 0.2763688075946572,
      "f1_at_0.5": 0.42028985507246375,
      "f1_at_tuned_threshold": 0.125,
      "negative_count": 189,
      "positive_count": 45,
      "precision_at_0.5": 0.3118279569892473,
      "precision_at_tuned_threshold": 1.0,
      "prevalence": 0.19230769230769232,
      "recall_at_0.5": 0.6444444444444445,
      "recall_at_tuned_threshold": 0.06666666666666667,
      "threshold_used": 0.6362733244895935
    },
    "pleural_effusion": {
      "auroc": 0.7933684869067834,
      "average_precision": 0.6226794832018017,
      "ece": 0.2370147931165099,
      "f1_at_0.5": 0.5957446808510638,
      "f1_at_tuned_threshold": 0.556390977443609,
      "negative_count": 167,
      "positive_count": 67,
      "precision_at_0.5": 0.4628099173553719,
      "precision_at_tuned_threshold": 0.5606060606060606,
      "prevalence": 0.2863247863247863,
      "recall_at_0.5": 0.835820895522388,
      "recall_at_tuned_threshold": 0.5522388059701493,
      "threshold_used": 0.5480690598487854
    },
    "pneumonia": {
      "auroc": 0.8042035398230089,
      "average_precision": 0.13954399047023913,
      "ece": 0.4543629530940946,
      "f1_at_0.5": 0.14678899082568805,
      "f1_at_tuned_threshold": 0.12499999999999999,
      "negative_count": 226,
      "positive_count": 8,
      "precision_at_0.5": 0.07920792079207921,
      "precision_at_tuned_threshold": 0.075,
      "prevalence": 0.03418803418803419,
      "recall_at_0.5": 1.0,
      "recall_at_tuned_threshold": 0.375,
      "threshold_used": 0.5413454174995422
    },
    "pneumothorax": {
      "auroc": 0.6305309734513275,
      "average_precision": 0.057831169669162186,
      "ece": 0.4454985385568071,
      "f1_at_0.5": 0.08,
      "f1_at_tuned_threshold": 0.08602150537634408,
      "negative_count": 226,
      "positive_count": 8,
      "precision_at_0.5": 0.043478260869565216,
      "precision_at_tuned_threshold": 0.047058823529411764,
      "prevalence": 0.03418803418803419,
      "recall_at_0.5": 0.5,
      "recall_at_tuned_threshold": 0.5,
      "threshold_used": 0.5059574246406555
    }
  },
  "loss": 3.431748867034912,
  "macro": {
    "auroc": 0.7217773639736019,
    "average_precision": 0.37484096464684485,
    "ece": 0.30911433591529885,
    "f1_at_0.5": 0.365637098914354,
    "f1_at_tuned_thresholds": 0.2945835279934305
  },
  "num_examples": 234,
  "split_alias": "d1_transfer",
  "valid_label_counts": {
    "macro_auroc": 7,
    "macro_average_precision": 7
  }
}