{
  "brier_score": 0.11326977663806506,
  "label_metrics": {
    "0": {
      "auprc": 0.7552691013345743,
      "auroc": 0.8626623376623377,
      "brier": 0.1681283712387085,
      "ece": 0.12011843524936937
    },
    "1": {
      "auprc": 0.60683666974652,
      "auroc": 0.7596562721474134,
      "brier": 0.19774259626865387,
      "ece": 0.16199730505418578
    },
    "2": {
      "auprc": 0.5260322958416527,
      "auroc": 0.903663500678426,
      "brier": 0.09315253794193268,
      "ece": 0.07343634039673032
    },
    "3": {
      "auprc": 0.6548326914979398,
      "auroc": 0.8632569077013522,
      "brier": 0.14058318734169006,
      "ece": 0.11265081135380982
    },
    "4": {
      "auprc": 0.8270298297029816,
      "auroc": 0.9098221467512735,
      "brier": 0.12464362382888794,
      "ece": 0.13489921992787945
    },
    "5": {
      "auprc": 0.37740427675772503,
      "auroc": 0.9065265486725663,
      "brier": 0.031580038368701935,
      "ece": 0.014362525194883347
    },
    "6": {
      "auprc": 0.12192924825881848,
      "auroc": 0.7771017699115045,
      "brier": 0.03705808147788048,
      "ece": 0.04990570382493684
    }
  },
  "macro_auprc": 0.5527620161628873,
  "macro_auroc": 0.854669926217839,
  "macro_ece": 0.09533862014311356,
  "micro_auprc": 0.5914919046067179,
  "micro_auroc": 0.846727592832044,
  "num_examples": 234,
  "prediction_artifact": "/workspace/paper_v1/outputs/nih_to_chexpert_seed_sweep/20260420T121957Z__nih_to_chexpert_seed_sweep/seed_1337/20260420T122004Z__harder_gate_clipping/metrics/d1_chexpert_test_predictions.npz",
  "valid_label_counts": {
    "brier_score": 7,
    "macro_auprc": 7,
    "macro_auroc": 7,
    "macro_ece": 7
  }
}
