{
  "diagnostic_macro_f1_at_tuned_thresholds": 0.23418622022828312,
  "macro_auroc": 0.7754390434945343,
  "macro_average_precision": 0.16192646173230046,
  "macro_ece": 0.2485286916023691,
  "macro_f1_at_0.5": 0.20674683787286005,
  "per_label": {
    "atelectasis": {
      "auroc": 0.7564003899567343,
      "average_precision": 0.2643596607716342,
      "ece": 0.2341235601242354,
      "f1_at_0.5": 0.33841642228739005,
      "f1_at_tuned_threshold": 0.34347455217514933,
      "positive_count": 1152,
      "threshold": 0.4939786195755005
    },
    "cardiomegaly": {
      "auroc": 0.8170717401531286,
      "average_precision": 0.15333965171422503,
      "ece": 0.21760732453510367,
      "f1_at_0.5": 0.21578099838969406,
      "f1_at_tuned_threshold": 0.2525252525252525,
      "positive_count": 303,
      "threshold": 0.5786281228065491
    },
    "consolidation": {
      "auroc": 0.753239921347326,
      "average_precision": 0.10526834407046126,
      "ece": 0.270836016093167,
      "f1_at_0.5": 0.1618229854689564,
      "f1_at_tuned_threshold": 0.17522658610271905,
      "positive_count": 454,
      "threshold": 0.5919597744941711
    },
    "edema": {
      "auroc": 0.8704551401781576,
      "average_precision": 0.11916234049263852,
      "ece": 0.18976541324607446,
      "f1_at_0.5": 0.17656500802568215,
      "f1_at_tuned_threshold": 0.20974889217134415,
      "positive_count": 253,
      "threshold": 0.6996184587478638
    },
    "emphysema": {
      "auroc": 0.8223776795941744,
      "average_precision": 0.11274895554752322,
      "ece": 0.2623885466139165,
      "f1_at_0.5": 0.12147505422993495,
      "f1_at_tuned_threshold": 0.21130221130221127,
      "positive_count": 194,
      "threshold": 0.746232271194458
    },
    "fibrosis": {
      "auroc": 0.7897187518238903,
      "average_precision": 0.08963188663523541,
      "ece": 0.26821742679346666,
      "f1_at_0.5": 0.10316139767054909,
      "f1_at_tuned_threshold": 0.1533742331288344,
      "positive_count": 158,
      "threshold": 0.638015866279602
    },
    "hernia": {
      "auroc": 0.8259503218020917,
      "average_precision": 0.030373481992413905,
      "ece": 0.19401357298366712,
      "f1_at_0.5": 0.025611175785797437,
      "f1_at_tuned_threshold": 0.09433962264150943,
      "positive_count": 32,
      "threshold": 0.6729283332824707
    },
    "infiltration": {
      "auroc": 0.6952948588560144,
      "average_precision": 0.34542627354812727,
      "ece": 0.21327760539618884,
      "f1_at_0.5": 0.40061701189951515,
      "f1_at_tuned_threshold": 0.4062814576202939,
      "positive_count": 2014,
      "threshold": 0.46749019622802734
    },
    "mass": {
      "auroc": 0.7229382821003278,
      "average_precision": 0.14595131897789326,
      "ece": 0.29218983575462637,
      "f1_at_0.5": 0.21715817694369974,
      "f1_at_tuned_threshold": 0.22417355371900827,
      "positive_count": 584,
      "threshold": 0.522419273853302
    },
    "nodule": {
      "auroc": 0.6687301799125835,
      "average_precision": 0.1238808184443286,
      "ece": 0.30259508670853347,
      "f1_at_0.5": 0.18258823529411763,
      "f1_at_tuned_threshold": 0.1833648393194707,
      "positive_count": 660,
      "threshold": 0.5008912086486816
    },
    "pleural_effusion": {
      "auroc": 0.8338969764263876,
      "average_precision": 0.4210767328889841,
      "ece": 0.19117364632353423,
      "f1_at_0.5": 0.45561390347586894,
      "f1_at_tuned_threshold": 0.4646405610753945,
      "positive_count": 1390,
      "threshold": 0.5543612241744995
    },
    "pleural_thickening": {
      "auroc": 0.7378486528495872,
      "average_precision": 0.07477731790079711,
      "ece": 0.29804284739131987,
      "f1_at_0.5": 0.133768352365416,
      "f1_at_tuned_threshold": 0.14913957934990438,
      "positive_count": 309,
      "threshold": 0.5780458450317383
    },
    "pneumonia": {
      "auroc": 0.7171120917349247,
      "average_precision": 0.04535728737024614,
      "ece": 0.291972601026355,
      "f1_at_0.5": 0.08142493638676844,
      "f1_at_tuned_threshold": 0.0951474785918173,
      "positive_count": 146,
      "threshold": 0.5543774962425232
    },
    "pneumothorax": {
      "auroc": 0.8451116221881504,
      "average_precision": 0.23561639389769878,
      "ece": 0.25319819944297944,
      "f1_at_0.5": 0.28045207199665134,
      "f1_at_tuned_threshold": 0.3158682634730539,
      "positive_count": 504,
      "threshold": 0.6635906100273132
    }
  },
  "thresholds": {
    "atelectasis": {
      "best_f1": 0.34347455217514933,
      "prevalence": 0.10268294856939121,
      "threshold": 0.4939786195755005
    },
    "cardiomegaly": {
      "best_f1": 0.2525252525252525,
      "prevalence": 0.027007754701845084,
      "threshold": 0.5786281228065491
    },
    "consolidation": {
      "best_f1": 0.17522658610271905,
      "prevalence": 0.04046706480078438,
      "threshold": 0.5919597744941711
    },
    "edema": {
      "best_f1": 0.20974889217134415,
      "prevalence": 0.022551029503520812,
      "threshold": 0.6996184587478638
    },
    "emphysema": {
      "best_f1": 0.21130221130221127,
      "prevalence": 0.01729209376949817,
      "threshold": 0.746232271194458
    },
    "fibrosis": {
      "best_f1": 0.1533742331288344,
      "prevalence": 0.014083251626704697,
      "threshold": 0.638015866279602
    },
    "hernia": {
      "best_f1": 0.09433962264150943,
      "prevalence": 0.0028523041269275335,
      "threshold": 0.6729283332824707
    },
    "infiltration": {
      "best_f1": 0.4062814576202939,
      "prevalence": 0.17951689098850165,
      "threshold": 0.46749019622802734
    },
    "mass": {
      "best_f1": 0.22417355371900827,
      "prevalence": 0.052054550316427486,
      "threshold": 0.522419273853302
    },
    "nodule": {
      "best_f1": 0.1833648393194707,
      "prevalence": 0.05882877261788038,
      "threshold": 0.5008912086486816
    },
    "pleural_effusion": {
      "best_f1": 0.4646405610753945,
      "prevalence": 0.12389696051341474,
      "threshold": 0.5543612241744995
    },
    "pleural_thickening": {
      "best_f1": 0.14913957934990438,
      "prevalence": 0.027542561725643996,
      "threshold": 0.5780458450317383
    },
    "pneumonia": {
      "best_f1": 0.0951474785918173,
      "prevalence": 0.013013637579106872,
      "threshold": 0.5543774962425232
    },
    "pneumothorax": {
      "best_f1": 0.3158682634730539,
      "prevalence": 0.044923789999108656,
      "threshold": 0.6635906100273132
    }
  }
}