{
  "brier_score": 0.10572441614099912,
  "label_metrics": {
    "0": {
      "auprc": 0.7500651244506856,
      "auroc": 0.8630681818181818,
      "brier": 0.16344310343265533,
      "ece": 0.11537669064142764
    },
    "1": {
      "auprc": 0.6351451406454812,
      "auroc": 0.791194188518781,
      "brier": 0.18335290253162384,
      "ece": 0.13704930295228449
    },
    "2": {
      "auprc": 0.5220209021211746,
      "auroc": 0.9024574099200965,
      "brier": 0.09250953793525696,
      "ece": 0.07110684713683067
    },
    "3": {
      "auprc": 0.6279582344665975,
      "auroc": 0.8446796002351558,
      "brier": 0.11358564347028732,
      "ece": 0.05291185247847158
    },
    "4": {
      "auprc": 0.8341399343597251,
      "auroc": 0.9167039056215927,
      "brier": 0.11351515352725983,
      "ece": 0.10028130449673052
    },
    "5": {
      "auprc": 0.4756342002340478,
      "auroc": 0.9076327433628318,
      "brier": 0.0306394100189209,
      "ece": 0.007207851944507187
    },
    "6": {
      "auprc": 0.12618270181875246,
      "auroc": 0.7704646017699115,
      "brier": 0.04302516207098961,
      "ece": 0.07561524134352166
    }
  },
  "macro_auprc": 0.567306605442352,
  "macro_auroc": 0.8566000901780788,
  "macro_ece": 0.07993558442768196,
  "micro_auprc": 0.6290515884178651,
  "micro_auroc": 0.8672213821132272,
  "num_examples": 234,
  "prediction_artifact": "/workspace/paper_v1/outputs/nih_to_chexpert_seed_sweep/20260420T122137Z__nih_to_chexpert_seed_sweep/seed_2027/20260420T122153Z__harder_gate_clipping/metrics/d1_chexpert_test_predictions.npz",
  "valid_label_counts": {
    "brier_score": 7,
    "macro_auprc": 7,
    "macro_auroc": 7,
    "macro_ece": 7
  }
}
