{
  "brier_score": 0.05601242503949574,
  "label_metrics": {
    "0": {
      "auprc": 0.27753438304775696,
      "auroc": 0.7836802285936941,
      "brier": 0.08669653534889221,
      "ece": 0.037540983268991114
    },
    "1": {
      "auprc": 0.17912222182751902,
      "auroc": 0.8358383967594072,
      "brier": 0.02415148727595806,
      "ece": 0.0073264243863523
    },
    "2": {
      "auprc": 0.1710543680714476,
      "auroc": 0.791644817339626,
      "brier": 0.04154607653617859,
      "ece": 0.017728255497291685
    },
    "3": {
      "auprc": 0.21026257639713547,
      "auroc": 0.8929186818932633,
      "brier": 0.09190382808446884,
      "ece": 0.15945205125096254
    },
    "4": {
      "auprc": 0.4856945513746666,
      "auroc": 0.8630604045343199,
      "brier": 0.09172177314758301,
      "ece": 0.06473813138157129
    },
    "5": {
      "auprc": 0.0433591596291244,
      "auroc": 0.7653759779773979,
      "brier": 0.013985639438033104,
      "ece": 0.0035960314590483904
    },
    "6": {
      "auprc": 0.2655405959000844,
      "auroc": 0.8511426493225298,
      "brier": 0.04208163544535637,
      "ece": 0.027454446192830797
    }
  },
  "macro_auprc": 0.23322397946396212,
  "macro_auroc": 0.8262373080600339,
  "macro_ece": 0.045405189062435444,
  "micro_auprc": 0.25789549556053515,
  "micro_auroc": 0.8350742876857192,
  "num_examples": 2000,
  "prediction_artifact": "/workspace/paper_v1/outputs/nih_to_chexpert_seed_sweep/20260420T121957Z__nih_to_chexpert_seed_sweep/seed_1337/20260420T122003Z__vq_summary_replay/metrics/d0_nih_test_predictions.npz",
  "valid_label_counts": {
    "brier_score": 7,
    "macro_auprc": 7,
    "macro_auroc": 7,
    "macro_ece": 7
  }
}
