{
  "brier_score": 0.0464878666347691,
  "label_metrics": {
    "0": {
      "auprc": 0.3038930350445157,
      "auroc": 0.7965846240434675,
      "brier": 0.09463484585285187,
      "ece": 0.0768315856344998
    },
    "1": {
      "auprc": 0.24413059705440857,
      "auroc": 0.8632729598511498,
      "brier": 0.02374844439327717,
      "ece": 0.018891550460830332
    },
    "2": {
      "auprc": 0.18614654903934602,
      "auroc": 0.8062599026788684,
      "brier": 0.040999166667461395,
      "ece": 0.013679254494607449
    },
    "3": {
      "auprc": 0.20666307250044766,
      "auroc": 0.8994307851362433,
      "brier": 0.02741064317524433,
      "ece": 0.050075435860315334
    },
    "4": {
      "auprc": 0.5147028395716929,
      "auroc": 0.8655741911570785,
      "brier": 0.08468762040138245,
      "ece": 0.05316048329696059
    },
    "5": {
      "auprc": 0.06185231132674682,
      "auroc": 0.8070124601564763,
      "brier": 0.013520791195333004,
      "ece": 0.005723352651577443
    },
    "6": {
      "auprc": 0.2886563865045694,
      "auroc": 0.8577453749908373,
      "brier": 0.04041355475783348,
      "ece": 0.017438414361327887
    }
  },
  "macro_auprc": 0.2580063987202467,
  "macro_auroc": 0.8422686140020172,
  "macro_ece": 0.033685725251445545,
  "micro_auprc": 0.33822810974760004,
  "micro_auroc": 0.867504768761922,
  "num_examples": 2000,
  "prediction_artifact": "/workspace/paper_v1/outputs/nih_to_chexpert_seed_sweep/20260420T122137Z__nih_to_chexpert_seed_sweep/seed_1337/ablations/20260420T122213Z__gate_cap_0p05/metrics/d0_nih_test_predictions.npz",
  "valid_label_counts": {
    "brier_score": 7,
    "macro_auprc": 7,
    "macro_auroc": 7,
    "macro_ece": 7
  }
}
