{
  "brier_score": 0.11295188271573611,
  "label_metrics": {
    "0": {
      "auprc": 0.7573932917222301,
      "auroc": 0.8641233766233767,
      "brier": 0.16944383084774017,
      "ece": 0.1203724592924118
    },
    "1": {
      "auprc": 0.6074303645807858,
      "auroc": 0.7637313961729271,
      "brier": 0.19537723064422607,
      "ece": 0.15810840559375083
    },
    "2": {
      "auprc": 0.5235994441144387,
      "auroc": 0.9026081712648877,
      "brier": 0.09598208963871002,
      "ece": 0.08402413201446718
    },
    "3": {
      "auprc": 0.6428445513453666,
      "auroc": 0.8574955908289241,
      "brier": 0.1437975913286209,
      "ece": 0.1190686454821346
    },
    "4": {
      "auprc": 0.8273349446504897,
      "auroc": 0.909375279292162,
      "brier": 0.11526575684547424,
      "ece": 0.08068810150218315
    },
    "5": {
      "auprc": 0.3560893232327187,
      "auroc": 0.9015486725663716,
      "brier": 0.03210362419486046,
      "ece": 0.019209953024983406
    },
    "6": {
      "auprc": 0.11880434782608695,
      "auroc": 0.773783185840708,
      "brier": 0.038693055510520935,
      "ece": 0.05871019186850033
    }
  },
  "macro_auprc": 0.5476423239245881,
  "macro_auroc": 0.853237953227051,
  "macro_ece": 0.0914545555397759,
  "micro_auprc": 0.6084567026927162,
  "micro_auroc": 0.8504776445778879,
  "num_examples": 234,
  "prediction_artifact": "/workspace/paper_v1/outputs/nih_to_chexpert_seed_sweep/20260420T122137Z__nih_to_chexpert_seed_sweep/seed_1337/ablations/20260420T122213Z__gate_cap_0p05/metrics/d1_chexpert_test_predictions.npz",
  "valid_label_counts": {
    "brier_score": 7,
    "macro_auprc": 7,
    "macro_auroc": 7,
    "macro_ece": 7
  }
}
