{
  "brier_score": 0.10497862207038063,
  "label_metrics": {
    "0": {
      "auprc": 0.7408281701058639,
      "auroc": 0.8448863636363637,
      "brier": 0.16955994069576263,
      "ece": 0.11322215132606335
    },
    "1": {
      "auprc": 0.6429686859590443,
      "auroc": 0.8052799433026222,
      "brier": 0.18421557545661926,
      "ece": 0.14434851871596444
    },
    "2": {
      "auprc": 0.5381904908726554,
      "auroc": 0.9053218754711292,
      "brier": 0.09227807819843292,
      "ece": 0.07488132911360162
    },
    "3": {
      "auprc": 0.6469873037347558,
      "auroc": 0.860435038212816,
      "brier": 0.10760221630334854,
      "ece": 0.0645426405259432
    },
    "4": {
      "auprc": 0.8592474592330305,
      "auroc": 0.9314505317722763,
      "brier": 0.10594800114631653,
      "ece": 0.10065805216311902
    },
    "5": {
      "auprc": 0.20626449037490227,
      "auroc": 0.8440265486725664,
      "brier": 0.03154418244957924,
      "ece": 0.035987941309427604
    },
    "6": {
      "auprc": 0.10707266819937765,
      "auroc": 0.7654867256637168,
      "brier": 0.04370236024260521,
      "ece": 0.07778220589503518
    }
  },
  "macro_auprc": 0.5345084669256615,
  "macro_auroc": 0.8509838609616415,
  "macro_ece": 0.08734611986416492,
  "micro_auprc": 0.6347727592839502,
  "micro_auroc": 0.8657822388782962,
  "num_examples": 234,
  "prediction_artifact": "/workspace/paper_v1/outputs/nih_to_chexpert/20260420T091929Z__nih_to_chexpert/20260420T091935Z__lwf/metrics/d1_chexpert_test_predictions.npz",
  "valid_label_counts": {
    "brier_score": 7,
    "macro_auprc": 7,
    "macro_auroc": 7,
    "macro_ece": 7
  }
}
