{
  "brier_score": 0.05281391101224082,
  "label_metrics": {
    "0": {
      "auprc": 0.27045102048130026,
      "auroc": 0.7826465781299045,
      "brier": 0.08906396478414536,
      "ece": 0.05050187799986452
    },
    "1": {
      "auprc": 0.16678922019900513,
      "auroc": 0.828560630287525,
      "brier": 0.029551489278674126,
      "ece": 0.048131287477444856
    },
    "2": {
      "auprc": 0.1899499862851961,
      "auroc": 0.79743559382242,
      "brier": 0.041026342660188675,
      "ece": 0.007662706520408392
    },
    "3": {
      "auprc": 0.16626389082537238,
      "auroc": 0.8898171144727929,
      "brier": 0.06233249604701996,
      "ece": 0.11404433168284593
    },
    "4": {
      "auprc": 0.48587009552364757,
      "auroc": 0.8664770634790522,
      "brier": 0.08686486631631851,
      "ece": 0.05560862245596945
    },
    "5": {
      "auprc": 0.047644847478241346,
      "auroc": 0.7565379600115908,
      "brier": 0.019283698871731758,
      "ece": 0.054700803457293654
    },
    "6": {
      "auprc": 0.2557125530316015,
      "auroc": 0.8548302518734036,
      "brier": 0.041574519127607346,
      "ece": 0.018733130683191122
    }
  },
  "macro_auprc": 0.22609737340348063,
  "macro_auroc": 0.8251864560109555,
  "macro_ece": 0.04991182289671685,
  "micro_auprc": 0.27040542702678066,
  "micro_auroc": 0.8341485353713385,
  "num_examples": 2000,
  "prediction_artifact": "/workspace/paper_v1/outputs/nih_to_chexpert_to_mimic/20260420T165028Z__nih_to_chexpert_to_mimic_harder_gate_only/20260420T165032Z__lwf/metrics/d0_nih_test_predictions.npz",
  "valid_label_counts": {
    "brier_score": 7,
    "macro_auprc": 7,
    "macro_auroc": 7,
    "macro_ece": 7
  }
}
