{
  "brier_score": 0.04402574284800461,
  "label_metrics": {
    "0": {
      "auprc": 0.2998848452921646,
      "auroc": 0.796489917849141,
      "brier": 0.08626316487789154,
      "ece": 0.04064646715298295
    },
    "1": {
      "auprc": 0.26171204746918203,
      "auroc": 0.8669360700061051,
      "brier": 0.02272438071668148,
      "ece": 0.006200160067528485
    },
    "2": {
      "auprc": 0.18804127677642526,
      "auroc": 0.807094406008424,
      "brier": 0.04079999029636383,
      "ece": 0.006855617744848132
    },
    "3": {
      "auprc": 0.21094570727757442,
      "auroc": 0.8735725065655785,
      "brier": 0.019707271829247475,
      "ece": 0.009289118256419896
    },
    "4": {
      "auprc": 0.4884786342167238,
      "auroc": 0.8634476892408507,
      "brier": 0.0852961614727974,
      "ece": 0.05049616347346455
    },
    "5": {
      "auprc": 0.06645193687946115,
      "auroc": 0.8071935670820052,
      "brier": 0.01348310150206089,
      "ece": 0.002966845618095249
    },
    "6": {
      "auprc": 0.2845254612173466,
      "auroc": 0.8593354421458013,
      "brier": 0.039906129240989685,
      "ece": 0.015314568953588605
    }
  },
  "macro_auprc": 0.25714855844698253,
  "macro_auroc": 0.839152799842558,
  "macro_ece": 0.01882413446670398,
  "micro_auprc": 0.33623360404370856,
  "micro_auroc": 0.8688486721216803,
  "num_examples": 2000,
  "prediction_artifact": "/workspace/paper_v1/outputs/nih_to_chexpert_topk_seed_sweep/20260420T123811Z__nih_to_chexpert_topk_seed_sweep/seed_1337/20260420T123907Z__topk_labelwise_trust_region_k2/metrics/d0_nih_test_predictions.npz",
  "valid_label_counts": {
    "brier_score": 7,
    "macro_auprc": 7,
    "macro_auroc": 7,
    "macro_ece": 7
  }
}
