{
  "brier_score": 0.12671006258044923,
  "label_metrics": {
    "0": {
      "auprc": 0.756247635607432,
      "auroc": 0.8573051948051948,
      "brier": 0.1890430897474289,
      "ece": 0.15962986420426103
    },
    "1": {
      "auprc": 0.5721523021946959,
      "auroc": 0.7341424521615876,
      "brier": 0.23111243546009064,
      "ece": 0.22089230466602194
    },
    "2": {
      "auprc": 0.5420745197064887,
      "auroc": 0.9071310116086235,
      "brier": 0.10656335949897766,
      "ece": 0.0747118027578307
    },
    "3": {
      "auprc": 0.6362407567203129,
      "auroc": 0.8610229276895943,
      "brier": 0.1847473829984665,
      "ece": 0.18253233190625906
    },
    "4": {
      "auprc": 0.8336998076523505,
      "auroc": 0.9217088211636428,
      "brier": 0.10589389503002167,
      "ece": 0.06128491868830135
    },
    "5": {
      "auprc": 0.3311395929339478,
      "auroc": 0.8987831858407079,
      "brier": 0.03320961073040962,
      "ece": 0.02738186763599515
    },
    "6": {
      "auprc": 0.10622280655293904,
      "auroc": 0.7710176991150441,
      "brier": 0.03640066459774971,
      "ece": 0.0333472544598019
    }
  },
  "macro_auprc": 0.539682488766881,
  "macro_auroc": 0.8501587560549135,
  "macro_ece": 0.10854004918835303,
  "micro_auprc": 0.5639860134033846,
  "micro_auroc": 0.7967812867547686,
  "num_examples": 234,
  "prediction_artifact": "/workspace/paper_v1/outputs/nih_to_chexpert_topk_seed_sweep/20260420T123811Z__nih_to_chexpert_topk_seed_sweep/seed_1337/20260420T123907Z__topk_labelwise_trust_region_k2/metrics/d1_chexpert_test_predictions.npz",
  "valid_label_counts": {
    "brier_score": 7,
    "macro_auprc": 7,
    "macro_auroc": 7,
    "macro_ece": 7
  }
}
