{
  "brier_score": 0.18530226605279104,
  "label_metrics": {
    "0": {
      "auprc": 0.9921568627450981,
      "auroc": 0.9921568627450981,
      "brier": 0.15523526072502136,
      "ece": 0.3167845297139138
    },
    "1": {
      "auprc": 0.8050769123349769,
      "auroc": 0.7686274509803921,
      "brier": 0.20112356543540955,
      "ece": 0.13055666396394372
    },
    "2": {
      "auprc": 0.8110892496250552,
      "auroc": 0.803921568627451,
      "brier": 0.19889509677886963,
      "ece": 0.11864383891224861
    },
    "3": {
      "auprc": 0.7917846967711184,
      "auroc": 0.74609375,
      "brier": 0.20961329340934753,
      "ece": 0.09467129036784172
    },
    "4": {
      "auprc": 0.9885964912280703,
      "auroc": 0.9841269841269842,
      "brier": 0.1599648892879486,
      "ece": 0.2897348254919052
    },
    "5": {
      "auprc": 0.7540474509898196,
      "auroc": 0.7301587301587301,
      "brier": 0.2065986692905426,
      "ece": 0.12605385016649961
    },
    "6": {
      "auprc": 0.9061497326203208,
      "auroc": 0.8823529411764705,
      "brier": 0.16568508744239807,
      "ece": 0.2458553286269307
    }
  },
  "macro_auprc": 0.8641287709020656,
  "macro_auroc": 0.8439197554021608,
  "macro_ece": 0.18890004674904048,
  "micro_auprc": 0.8442448421787945,
  "micro_auroc": 0.838169642857143,
  "num_examples": 32,
  "prediction_artifact": "/workspace/paper_v1/outputs/smoke/20260420T071853Z__smoke__stage0/metrics/d0_nih_test_predictions.npz",
  "valid_label_counts": {
    "brier_score": 7,
    "macro_auprc": 7,
    "macro_auroc": 7,
    "macro_ece": 7
  }
}
