{
  "brier_score": 0.18747737790857041,
  "label_metrics": {
    "0": {
      "auprc": 0.7538583027817478,
      "auroc": 0.6853146853146853,
      "brier": 0.22949452698230743,
      "ece": 0.26373799331486225
    },
    "1": {
      "auprc": 0.8820053393244182,
      "auroc": 0.734375,
      "brier": 0.1949710100889206,
      "ece": 0.21268166415393353
    },
    "2": {
      "auprc": 0.8961809024309024,
      "auroc": 0.842857142857143,
      "brier": 0.19313888251781464,
      "ece": 0.24352273034552732
    },
    "3": {
      "auprc": 0.9305572205572206,
      "auroc": 0.8814814814814815,
      "brier": 0.15341879427433014,
      "ece": 0.16476019223531088
    },
    "4": {
      "auprc": 0.9578542474682181,
      "auroc": 0.9140625,
      "brier": 0.15133889019489288,
      "ece": 0.20970402409633
    },
    "5": {
      "auprc": 0.5924900263135557,
      "auroc": 0.6944444444444444,
      "brier": 0.22690701484680176,
      "ece": 0.2750302118559678
    },
    "6": {
      "auprc": 0.9109539388486757,
      "auroc": 0.837037037037037,
      "brier": 0.16307252645492554,
      "ece": 0.19296999710301557
    }
  },
  "macro_auprc": 0.8462714253892483,
  "macro_auroc": 0.7985103273049702,
  "macro_ece": 0.22320097330070676,
  "micro_auprc": 0.862106165442432,
  "micro_auroc": 0.8058781362007169,
  "num_examples": 24,
  "prediction_artifact": "/workspace/paper_v1/outputs/smoke/20260420T071853Z__smoke__stage0/metrics/d1_chexpert_test_predictions.npz",
  "valid_label_counts": {
    "brier_score": 7,
    "macro_auprc": 7,
    "macro_auroc": 7,
    "macro_ece": 7
  }
}
