{
  "brier_score": 0.17052065900393895,
  "label_metrics": {
    "0": {
      "auprc": 0.9524572649572649,
      "auroc": 0.9444444444444444,
      "brier": 0.16423249244689941,
      "ece": 0.2100854761277636
    },
    "1": {
      "auprc": 0.6089927048260382,
      "auroc": 0.6444444444444444,
      "brier": 0.22013556957244873,
      "ece": 0.11608766391873361
    },
    "2": {
      "auprc": 0.8927062836153745,
      "auroc": 0.9090909090909092,
      "brier": 0.1728048324584961,
      "ece": 0.17519102183481058
    },
    "3": {
      "auprc": 0.8298076923076922,
      "auroc": 0.859375,
      "brier": 0.1869489550590515,
      "ece": 0.2179495921979348
    },
    "4": {
      "auprc": 0.9821428571428572,
      "auroc": 0.9915966386554622,
      "brier": 0.1370788812637329,
      "ece": 0.31076156596342724
    },
    "5": {
      "auprc": 0.9722611266728913,
      "auroc": 0.8981481481481481,
      "brier": 0.17904894053936005,
      "ece": 0.2885604929178953
    },
    "6": {
      "auprc": 0.9332070707070707,
      "auroc": 0.9357142857142856,
      "brier": 0.13339494168758392,
      "ece": 0.19382664747536185
    }
  },
  "macro_auprc": 0.8816535714613127,
  "macro_auroc": 0.8832591243568134,
  "macro_ece": 0.216066065776561,
  "micro_auprc": 0.8767237647753483,
  "micro_auroc": 0.8863082437275985,
  "num_examples": 24,
  "prediction_artifact": "/workspace/paper_v1/outputs/smoke/20260420T071853Z__smoke__stage0/metrics/d2_mimic_test_predictions.npz",
  "valid_label_counts": {
    "brier_score": 7,
    "macro_auprc": 7,
    "macro_auroc": 7,
    "macro_ece": 7
  }
}
