{
  "best_topk_candidate": "topk_labelwise_trust_region_k2",
  "candidate_evaluations": {
    "topk_labelwise_trust_region_k1": {
      "candidate_summary": {
        "average_brier_score_max": 0.08767977263778448,
        "average_brier_score_mean": 0.08713906690744418,
        "average_brier_score_min": 0.08663214357303722,
        "average_brier_score_std": 0.00042835935228267716,
        "average_macro_ece_delta_vs_source_only_mean": -0.0016142725615898162,
        "average_macro_ece_max": 0.06518595362826612,
        "average_macro_ece_mean": 0.06358957330554112,
        "average_macro_ece_min": 0.062021504743885236,
        "average_macro_ece_std": 0.0012920359521122694,
        "d0_nih_test_macro_auroc_max": 0.843814685072689,
        "d0_nih_test_macro_auroc_mean": 0.8229817148242332,
        "d0_nih_test_macro_auroc_min": 0.8110765709810249,
        "d0_nih_test_macro_auroc_std": 0.014781195075982561,
        "d1_chexpert_delta_vs_source_only_mean": -0.0007071839970540506,
        "d1_chexpert_test_macro_auroc_max": 0.8518862905601076,
        "d1_chexpert_test_macro_auroc_mean": 0.8493129103839893,
        "d1_chexpert_test_macro_auroc_min": 0.8454397031167024,
        "d1_chexpert_test_macro_auroc_std": 0.0027876854517166856,
        "method": "topk_labelwise_trust_region_k1",
        "nih_forgetting_macro_auroc_max": 0.03368098291151833,
        "nih_forgetting_macro_auroc_mean": 0.02177583906830997,
        "nih_forgetting_macro_auroc_min": 0.0009428688198542812,
        "nih_forgetting_macro_auroc_std": 0.014781195075982561,
        "num_seeds": 3,
        "seen_average_delta_vs_source_only_mean": -0.011241511532682047,
        "seen_average_macro_auroc_max": 0.8446271940946957,
        "seen_average_macro_auroc_mean": 0.8361473126041113,
        "seen_average_macro_auroc_min": 0.8314814307705662,
        "seen_average_macro_auroc_std": 0.006006258867849372
      },
      "criteria": {
        "chexpert_variance_not_crazy": true,
        "mean_chexpert_above_source_only": false,
        "mean_forgetting_close_to_harder_gate": false,
        "mean_seen_average_above_harder_gate": false,
        "mean_seen_average_above_source_only": false,
        "seen_average_variance_not_crazy": false
      },
      "promote_to_stage2_candidate": false
    },
    "topk_labelwise_trust_region_k2": {
      "candidate_summary": {
        "average_brier_score_max": 0.08536790271422692,
        "average_brier_score_mean": 0.08506827901250551,
        "average_brier_score_min": 0.08478195825591683,
        "average_brier_score_std": 0.00023939570215855325,
        "average_macro_ece_delta_vs_source_only_mean": -0.0019199048707015665,
        "average_macro_ece_max": 0.0636820918275285,
        "average_macro_ece_mean": 0.06328394099642937,
        "average_macro_ece_min": 0.06285054311424584,
        "average_macro_ece_std": 0.00034039201087189514,
        "d0_nih_test_macro_auroc_max": 0.8421744128191497,
        "d0_nih_test_macro_auroc_mean": 0.8319139397362028,
        "d0_nih_test_macro_auroc_min": 0.8144146065469003,
        "d0_nih_test_macro_auroc_std": 0.01243523308447254,
        "d1_chexpert_delta_vs_source_only_mean": 0.0018477073808975675,
        "d1_chexpert_test_macro_auroc_max": 0.8537208866465031,
        "d1_chexpert_test_macro_auroc_mean": 0.8518678017619409,
        "d1_chexpert_test_macro_auroc_min": 0.8501587560549135,
        "d1_chexpert_test_macro_auroc_std": 0.0014577960651575646,
        "method": "topk_labelwise_trust_region_k2",
        "nih_forgetting_macro_auroc_max": 0.030342947345642912,
        "nih_forgetting_macro_auroc_mean": 0.012843614156340574,
        "nih_forgetting_macro_auroc_min": 0.0025831410733935245,
        "nih_forgetting_macro_auroc_std": 0.01243523308447254,
        "num_seeds": 3,
        "seen_average_delta_vs_source_only_mean": -0.005497953387721521,
        "seen_average_macro_auroc_max": 0.8469490877017779,
        "seen_average_macro_auroc_mean": 0.8418908707490719,
        "seen_average_macro_auroc_min": 0.8340677465967017,
        "seen_average_macro_auroc_std": 0.005610452806051513
      },
      "criteria": {
        "chexpert_variance_not_crazy": true,
        "mean_chexpert_above_source_only": true,
        "mean_forgetting_close_to_harder_gate": false,
        "mean_seen_average_above_harder_gate": false,
        "mean_seen_average_above_source_only": false,
        "seen_average_variance_not_crazy": false
      },
      "promote_to_stage2_candidate": false
    }
  },
  "harder_gate_reference": {
    "average_brier_score_max": 0.07931956063423838,
    "average_brier_score_mean": 0.07896575963656817,
    "average_brier_score_min": 0.07829391131443637,
    "average_brier_score_std": 0.0004752926868435659,
    "average_macro_ece_delta_vs_source_only_mean": -0.0017478246769821598,
    "average_macro_ece_max": 0.06514055408234616,
    "average_macro_ece_mean": 0.06345602119014877,
    "average_macro_ece_min": 0.061016039615839124,
    "average_macro_ece_std": 0.0017665280315891476,
    "d0_nih_test_macro_auroc_max": 0.8420555169585534,
    "d0_nih_test_macro_auroc_mean": 0.8409137809024775,
    "d0_nih_test_macro_auroc_min": 0.8399693679809213,
    "d0_nih_test_macro_auroc_std": 0.0008630205496902083,
    "d1_chexpert_delta_vs_source_only_mean": 0.005224467545833167,
    "d1_chexpert_test_macro_auroc_max": 0.8558113398023262,
    "d1_chexpert_test_macro_auroc_mean": 0.8552445619268765,
    "d1_chexpert_test_macro_auroc_min": 0.8546693259980335,
    "d1_chexpert_test_macro_auroc_std": 0.00046626354228709833,
    "method": "harder_gate_clipping",
    "nih_forgetting_macro_auroc_max": 0.0047881859116220005,
    "nih_forgetting_macro_auroc_mean": 0.0038437729900657005,
    "nih_forgetting_macro_auroc_min": 0.0027020369339898487,
    "nih_forgetting_macro_auroc_std": 0.0008630205496902083,
    "num_seeds": 3,
    "seen_average_delta_vs_source_only_mean": 0.0006903472778836406,
    "seen_average_macro_auroc_max": 0.8483624214782934,
    "seen_average_macro_auroc_mean": 0.848079171414677,
    "seen_average_macro_auroc_min": 0.8478903538916237,
    "seen_average_macro_auroc_std": 0.00020396091150664663
  },
  "source_only_reference": {
    "average_brier_score_max": 0.08818298212385603,
    "average_brier_score_mean": 0.08818298212385604,
    "average_brier_score_min": 0.08818298212385603,
    "average_brier_score_std": 1.3877787807814457e-17,
    "average_macro_ece_delta_vs_source_only_mean": 0.0,
    "average_macro_ece_max": 0.06520384586713093,
    "average_macro_ece_mean": 0.06520384586713093,
    "average_macro_ece_min": 0.06520384586713093,
    "average_macro_ece_std": 0.0,
    "d0_nih_test_macro_auroc_max": 0.8447575538925433,
    "d0_nih_test_macro_auroc_mean": 0.8447575538925433,
    "d0_nih_test_macro_auroc_min": 0.8447575538925433,
    "d0_nih_test_macro_auroc_std": 0.0,
    "d1_chexpert_delta_vs_source_only_mean": 0.0,
    "d1_chexpert_test_macro_auroc_max": 0.8500200943810433,
    "d1_chexpert_test_macro_auroc_mean": 0.8500200943810433,
    "d1_chexpert_test_macro_auroc_min": 0.8500200943810433,
    "d1_chexpert_test_macro_auroc_std": 0.0,
    "method": "source_only",
    "nih_forgetting_macro_auroc_max": 0.0,
    "nih_forgetting_macro_auroc_mean": 0.0,
    "nih_forgetting_macro_auroc_min": 0.0,
    "nih_forgetting_macro_auroc_std": 0.0,
    "num_seeds": 3,
    "seen_average_delta_vs_source_only_mean": 0.0,
    "seen_average_macro_auroc_max": 0.8473888241367933,
    "seen_average_macro_auroc_mean": 0.8473888241367934,
    "seen_average_macro_auroc_min": 0.8473888241367933,
    "seen_average_macro_auroc_std": 1.1102230246251565e-16
  }
}
