{
  "brier_score": 0.10482212422149521,
  "label_metrics": {
    "0": {
      "auprc": 0.7414100878762278,
      "auroc": 0.8453733766233766,
      "brier": 0.16960422694683075,
      "ece": 0.12043794365520152
    },
    "1": {
      "auprc": 0.6433800268118411,
      "auroc": 0.8053685329553508,
      "brier": 0.18486498296260834,
      "ece": 0.14565492160299906
    },
    "2": {
      "auprc": 0.538881449677259,
      "auroc": 0.9056233981607116,
      "brier": 0.09159062057733536,
      "ece": 0.07095557228367551
    },
    "3": {
      "auprc": 0.6467495982935177,
      "auroc": 0.8599647266313933,
      "brier": 0.10762439668178558,
      "ece": 0.06437722170072743
    },
    "4": {
      "auprc": 0.8595175364495573,
      "auroc": 0.9315399052640987,
      "brier": 0.10544105619192123,
      "ece": 0.10439802824049933
    },
    "5": {
      "auprc": 0.19811095436095436,
      "auroc": 0.8429203539823009,
      "brier": 0.03163273259997368,
      "ece": 0.03545870459598736
    },
    "6": {
      "auprc": 0.10811259973390511,
      "auroc": 0.7676991150442478,
      "brier": 0.0429968535900116,
      "ece": 0.07523581031391507
    }
  },
  "macro_auprc": 0.5337374647433232,
  "macro_auroc": 0.8512127726659257,
  "macro_ece": 0.08807402891328649,
  "micro_auprc": 0.6363855220715489,
  "micro_auroc": 0.8663544870343178,
  "num_examples": 234,
  "prediction_artifact": "/workspace/paper_v1/outputs/nih_to_chexpert_seed_sweep/20260420T103712Z__nih_to_chexpert_seed_sweep/seed_2027/20260420T103725Z__lwf/metrics/d1_chexpert_test_predictions.npz",
  "valid_label_counts": {
    "brier_score": 7,
    "macro_auprc": 7,
    "macro_auroc": 7,
    "macro_ece": 7
  }
}
