{
  "brier_score": 0.04412847903690168,
  "label_metrics": {
    "0": {
      "auprc": 0.2536245546234984,
      "auroc": 0.7626094533017286,
      "brier": 0.08585178852081299,
      "ece": 0.03158599689602852
    },
    "1": {
      "auprc": 0.23326968354473443,
      "auroc": 0.8609471756257813,
      "brier": 0.022927604615688324,
      "ece": 0.007281326129101217
    },
    "2": {
      "auprc": 0.18008760629759588,
      "auroc": 0.7939848097839877,
      "brier": 0.04132559895515442,
      "ece": 0.010827917456626892
    },
    "3": {
      "auprc": 0.14937547512216365,
      "auroc": 0.8677971741274613,
      "brier": 0.01984246075153351,
      "ece": 0.00956439022300765
    },
    "4": {
      "auprc": 0.49657413194015226,
      "auroc": 0.8592659648022354,
      "brier": 0.08507745712995529,
      "ece": 0.04671700043790042
    },
    "5": {
      "auprc": 0.055322380227621995,
      "auroc": 0.7307483338162851,
      "brier": 0.013555324636399746,
      "ece": 0.003475019024219364
    },
    "6": {
      "auprc": 0.22885832568457842,
      "auroc": 0.8255493343708239,
      "brier": 0.04031911864876747,
      "ece": 0.016122918729670345
    }
  },
  "macro_auprc": 0.228158879634335,
  "macro_auroc": 0.8144146065469003,
  "macro_ece": 0.0179392241280792,
  "micro_auprc": 0.3190429583336901,
  "micro_auroc": 0.8537313343283359,
  "num_examples": 2000,
  "prediction_artifact": "/workspace/paper_v1/outputs/nih_to_chexpert_topk_seed_sweep/20260420T123811Z__nih_to_chexpert_topk_seed_sweep/seed_31415/20260420T124023Z__topk_labelwise_trust_region_k2/metrics/d0_nih_test_predictions.npz",
  "valid_label_counts": {
    "brier_score": 7,
    "macro_auprc": 7,
    "macro_auroc": 7,
    "macro_ece": 7
  }
}
