{
  "brier_score": 0.125435437474932,
  "label_metrics": {
    "0": {
      "auprc": 0.742049564224867,
      "auroc": 0.8585227272727273,
      "brier": 0.1813647747039795,
      "ece": 0.14442023184373337
    },
    "1": {
      "auprc": 0.5585865117537226,
      "auroc": 0.736888731396173,
      "brier": 0.23237848281860352,
      "ece": 0.2215855257251324
    },
    "2": {
      "auprc": 0.5281097354833002,
      "auroc": 0.9035127393336349,
      "brier": 0.10715542733669281,
      "ece": 0.07419227197384223
    },
    "3": {
      "auprc": 0.6483292931371574,
      "auroc": 0.861845972957084,
      "brier": 0.18415886163711548,
      "ece": 0.1822139248251915
    },
    "4": {
      "auprc": 0.8486039119315129,
      "auroc": 0.9222450621145768,
      "brier": 0.10470087081193924,
      "ece": 0.08212631950393702
    },
    "5": {
      "auprc": 0.3184742158426369,
      "auroc": 0.8893805309734513,
      "brier": 0.033214271068573,
      "ece": 0.02709550177678466
    },
    "6": {
      "auprc": 0.1264700620411892,
      "auroc": 0.8036504424778761,
      "brier": 0.03507537394762039,
      "ece": 0.029260288120016582
    }
  },
  "macro_auprc": 0.5386604706306265,
  "macro_auroc": 0.8537208866465031,
  "macro_ece": 0.10869915196694825,
  "micro_auprc": 0.5618108141185725,
  "micro_auroc": 0.7971270707469178,
  "num_examples": 234,
  "prediction_artifact": "/workspace/paper_v1/outputs/nih_to_chexpert_topk_seed_sweep/20260420T123811Z__nih_to_chexpert_topk_seed_sweep/seed_31415/20260420T124023Z__topk_labelwise_trust_region_k2/metrics/d1_chexpert_test_predictions.npz",
  "valid_label_counts": {
    "brier_score": 7,
    "macro_auprc": 7,
    "macro_auroc": 7,
    "macro_ece": 7
  }
}
