{
  "label_metrics": {
    "atelectasis": {
      "auroc": 0.51254662004662,
      "average_precision": 0.22366933447868503,
      "ece": 0.22697923958551175,
      "f1_at_0.5": 0.29981718464351004,
      "f1_at_tuned_threshold": 0.36065573770491804,
      "negative_count": 780,
      "positive_count": 220,
      "precision_at_0.5": 0.25076452599388377,
      "precision_at_tuned_threshold": 0.22,
      "prevalence": 0.22,
      "recall_at_0.5": 0.37272727272727274,
      "recall_at_tuned_threshold": 1.0,
      "threshold_used": 0.14080816507339478
    },
    "cardiomegaly": {
      "auroc": 0.48952219369038885,
      "average_precision": 0.18729076786442034,
      "ece": 0.12746415720802884,
      "f1_at_0.5": 0.046511627906976744,
      "f1_at_tuned_threshold": 0.3186147186147187,
      "negative_count": 812,
      "positive_count": 188,
      "precision_at_0.5": 0.18518518518518517,
      "precision_at_tuned_threshold": 0.19027921406411583,
      "prevalence": 0.188,
      "recall_at_0.5": 0.026595744680851064,
      "recall_at_tuned_threshold": 0.9787234042553191,
      "threshold_used": 0.15921740233898163
    },
    "consolidation": {
      "auroc": 0.5426755447941889,
      "average_precision": 0.07221526663338304,
      "ece": 0.4007767717976662,
      "f1_at_0.5": 0.11009174311926605,
      "f1_at_tuned_threshold": 0.1285714285714286,
      "negative_count": 944,
      "positive_count": 56,
      "precision_at_0.5": 0.06315789473684211,
      "precision_at_tuned_threshold": 0.10714285714285714,
      "prevalence": 0.056,
      "recall_at_0.5": 0.42857142857142855,
      "recall_at_tuned_threshold": 0.16071428571428573,
      "threshold_used": 0.6977118849754333
    },
    "edema": {
      "auroc": 0.47915119363395225,
      "average_precision": 0.13065566280050622,
      "ece": 0.45323877577060573,
      "f1_at_0.5": 0.2158956109134045,
      "f1_at_tuned_threshold": 0.23495702005730654,
      "negative_count": 870,
      "positive_count": 130,
      "precision_at_0.5": 0.1276297335203366,
      "precision_at_tuned_threshold": 0.1341330425299891,
      "prevalence": 0.13,
      "recall_at_0.5": 0.7,
      "recall_at_tuned_threshold": 0.9461538461538461,
      "threshold_used": 0.36954256892204285
    },
    "pleural_effusion": {
      "auroc": 0.5372007336937631,
      "average_precision": 0.27683536998147373,
      "ece": 0.32043998212909064,
      "f1_at_0.5": 0.3917748917748917,
      "f1_at_tuned_threshold": 0.3996157540826129,
      "negative_count": 751,
      "positive_count": 249,
      "precision_at_0.5": 0.26814814814814814,
      "precision_at_tuned_threshold": 0.26262626262626265,
      "prevalence": 0.249,
      "recall_at_0.5": 0.7269076305220884,
      "recall_at_tuned_threshold": 0.8353413654618473,
      "threshold_used": 0.45423004031181335
    },
    "pneumonia": {
      "auroc": 0.5005628174642259,
      "average_precision": 0.07790110254721012,
      "ece": 0.2981961472999603,
      "f1_at_0.5": 0.07650273224043715,
      "f1_at_tuned_threshold": 0.14901047729918512,
      "negative_count": 923,
      "positive_count": 77,
      "precision_at_0.5": 0.0660377358490566,
      "precision_at_tuned_threshold": 0.08184143222506395,
      "prevalence": 0.077,
      "recall_at_0.5": 0.09090909090909091,
      "recall_at_tuned_threshold": 0.8311688311688312,
      "threshold_used": 0.2954331636428833
    },
    "pneumothorax": {
      "auroc": 0.5260439265274076,
      "average_precision": 0.06627213576319065,
      "ece": 0.510779262551927,
      "f1_at_0.5": 0.09,
      "f1_at_tuned_threshold": 0.14634146341463414,
      "negative_count": 949,
      "positive_count": 51,
      "precision_at_0.5": 0.04806408544726302,
      "precision_at_tuned_threshold": 0.10619469026548672,
      "prevalence": 0.051,
      "recall_at_0.5": 0.7058823529411765,
      "recall_at_tuned_threshold": 0.23529411764705882,
      "threshold_used": 0.6777939796447754
    }
  },
  "loss": 1.2837272357940674,
  "macro": {
    "auroc": 0.5125290042643639,
    "average_precision": 0.14783423429555273,
    "ece": 0.33398204804897,
    "f1_at_0.5": 0.1757991129426409,
    "f1_at_tuned_thresholds": 0.24825237139211484
  },
  "num_examples": 1000,
  "split_alias": "target_val",
  "valid_label_counts": {
    "macro_auroc": 7,
    "macro_average_precision": 7
  }
}