{
  "mode": "overfit32",
  "device": "cuda",
  "subset_size": 32,
  "steps": 100,
  "initial_loss": 2.1525936126708984,
  "final_loss": 0.10367782413959503,
  "min_loss": 0.07343621551990509,
  "success": true,
  "loss_curve_png": "/workspace/reports/mini_stage_b_overfit32.png",
  "losses": [
    2.1525936126708984,
    0.7687225341796875,
    1.441908836364746,
    1.1280319690704346,
    1.088652491569519,
    0.6086147427558899,
    1.0161875486373901,
    0.7270527482032776,
    0.6310667395591736,
    0.7043401002883911,
    0.6764678359031677,
    0.701590359210968,
    0.5822426676750183,
    0.6412017345428467,
    0.5390634536743164,
    0.5405610799789429,
    0.4903874397277832,
    0.5282601118087769,
    0.4580923616886139,
    0.42774447798728943,
    0.44207140803337097,
    0.4503750503063202,
    0.36377906799316406,
    0.4087526798248291,
    0.4123729169368744,
    0.39894381165504456,
    0.3622042238712311,
    0.39418575167655945,
    0.3210086524486542,
    0.32368412613868713,
    0.28598034381866455,
    0.3583640158176422,
    0.35343703627586365,
    0.31211188435554504,
    0.3098321855068207,
    0.32737693190574646,
    0.2513323724269867,
    0.3256851136684418,
    0.23237204551696777,
    0.23973329365253448,
    0.21036291122436523,
    0.23039937019348145,
    0.19734196364879608,
    0.27704891562461853,
    0.20927563309669495,
    0.21306391060352325,
    0.1876697838306427,
    0.24319438636302948,
    0.17795716226100922,
    0.17763306200504303,
    0.20962654054164886,
    0.15738992393016815,
    0.1830863058567047,
    0.1768723577260971,
    0.1638360470533371,
    0.16953398287296295,
    0.15993869304656982,
    0.18866771459579468,
    0.15424270927906036,
    0.15425001084804535,
    0.23190799355506897,
    0.1607213169336319,
    0.16207411885261536,
    0.15874439477920532,
    0.14813318848609924,
    0.12329719215631485,
    0.15496018528938293,
    0.13654477894306183,
    0.12390448898077011,
    0.12316691875457764,
    0.17880003154277802,
    0.11118562519550323,
    0.11445992439985275,
    0.122774638235569,
    0.1113777756690979,
    0.09900622814893723,
    0.1611187905073166,
    0.12360107153654099,
    0.1362292319536209,
    0.14528793096542358,
    0.11992891132831573,
    0.0889156386256218,
    0.1011369600892067,
    0.10235879570245743,
    0.11617972701787949,
    0.1448245346546173,
    0.08755200356245041,
    0.12366852909326553,
    0.08638811856508255,
    0.07813002169132233,
    0.09293825179338455,
    0.08871755003929138,
    0.08991600573062897,
    0.10735248774290085,
    0.07343621551990509,
    0.10240912437438965,
    0.12236010283231735,
    0.10520478338003159,
    0.07565652579069138,
    0.10367782413959503
  ],
  "pos_weight": [
    9.666666984558105,
    31.0,
    15.0,
    31.0,
    5.400000095367432
  ],
  "model_info": {
    "pretrained_requested": true,
    "pretrained_used": true,
    "pretrained_error": null
  },
  "manifest_check": {
    "splits": {
      "train": {
        "manifest_path": "manifests/nih_dev_2k_train.csv",
        "split_name": "train",
        "path_column": "abs_path",
        "patient_column": "Patient ID",
        "image_id_column": "image_id",
        "num_images": 1400,
        "num_patients": 395,
        "label_counts": {
          "Atelectasis": 129,
          "Cardiomegaly": 25,
          "Consolidation": 75,
          "Edema": 30,
          "Effusion": 174
        }
      },
      "val": {
        "manifest_path": "manifests/nih_dev_2k_val.csv",
        "split_name": "val",
        "path_column": "abs_path",
        "patient_column": "Patient ID",
        "image_id_column": "image_id",
        "num_images": 200,
        "num_patients": 66,
        "label_counts": {
          "Atelectasis": 29,
          "Cardiomegaly": 13,
          "Consolidation": 4,
          "Edema": 7,
          "Effusion": 29
        }
      },
      "test": {
        "manifest_path": "manifests/nih_dev_2k_test.csv",
        "split_name": "test",
        "path_column": "abs_path",
        "patient_column": "Patient ID",
        "image_id_column": "image_id",
        "num_images": 400,
        "num_patients": 82,
        "label_counts": {
          "Atelectasis": 31,
          "Cardiomegaly": 7,
          "Consolidation": 30,
          "Edema": 14,
          "Effusion": 86
        }
      }
    },
    "overlap": {
      "train_vs_val": {
        "patient_overlap": 0,
        "image_overlap": 0
      },
      "train_vs_test": {
        "patient_overlap": 0,
        "image_overlap": 0
      },
      "val_vs_test": {
        "patient_overlap": 0,
        "image_overlap": 0
      }
    }
  }
}