{
  "image_dtype": "torch.float32",
  "image_finite": true,
  "image_max": 2.640000104904175,
  "image_mean": 0.07656867802143097,
  "image_min": -2.1179039478302,
  "image_shape": [
    16,
    3,
    224,
    224
  ],
  "image_std": 1.1210263967514038,
  "label_binary": true,
  "label_dtype": "torch.float32",
  "label_shape": [
    16,
    7
  ]
}
