{
  "label_metrics": {
    "atelectasis": {
      "auroc": 0.8306039663461539,
      "average_precision": 0.3596975082145383,
      "ece": 0.2517724197275581,
      "f1_at_0.5": 0.37674418604651166,
      "f1_at_tuned_threshold": 0.4315068493150685,
      "negative_count": 896,
      "positive_count": 104,
      "precision_at_0.5": 0.24846625766871167,
      "precision_at_tuned_threshold": 0.3351063829787234,
      "prevalence": 0.104,
      "recall_at_0.5": 0.7788461538461539,
      "recall_at_tuned_threshold": 0.6057692307692307,
      "threshold_used": 0.6550197601318359
    },
    "cardiomegaly": {
      "auroc": 0.8752920962199313,
      "average_precision": 0.20273360529097112,
      "ece": 0.23019124047025563,
      "f1_at_0.5": 0.22000000000000003,
      "f1_at_tuned_threshold": 0.3055555555555555,
      "negative_count": 970,
      "positive_count": 30,
      "precision_at_0.5": 0.12941176470588237,
      "precision_at_tuned_threshold": 0.2619047619047619,
      "prevalence": 0.03,
      "recall_at_0.5": 0.7333333333333333,
      "recall_at_tuned_threshold": 0.36666666666666664,
      "threshold_used": 0.8219258785247803
    },
    "consolidation": {
      "auroc": 0.8266110655364142,
      "average_precision": 0.17107797791569881,
      "ece": 0.31587317410826216,
      "f1_at_0.5": 0.19387755102040816,
      "f1_at_tuned_threshold": 0.2786885245901639,
      "negative_count": 954,
      "positive_count": 46,
      "precision_at_0.5": 0.10982658959537572,
      "precision_at_tuned_threshold": 0.2236842105263158,
      "prevalence": 0.046,
      "recall_at_0.5": 0.8260869565217391,
      "recall_at_tuned_threshold": 0.3695652173913043,
      "threshold_used": 0.823865532875061
    },
    "edema": {
      "auroc": 0.9124923076923077,
      "average_precision": 0.251813370873978,
      "ece": 0.1998508660060192,
      "f1_at_0.5": 0.1890547263681592,
      "f1_at_tuned_threshold": 0.41860465116279066,
      "negative_count": 975,
      "positive_count": 25,
      "precision_at_0.5": 0.10795454545454546,
      "precision_at_tuned_threshold": 0.5,
      "prevalence": 0.025,
      "recall_at_0.5": 0.76,
      "recall_at_tuned_threshold": 0.36,
      "threshold_used": 0.8968808054924011
    },
    "pleural_effusion": {
      "auroc": 0.8774290799462424,
      "average_precision": 0.5018438268411515,
      "ece": 0.19802926370498553,
      "f1_at_0.5": 0.5083932853717027,
      "f1_at_tuned_threshold": 0.5642857142857142,
      "negative_count": 874,
      "positive_count": 126,
      "precision_at_0.5": 0.3642611683848797,
      "precision_at_tuned_threshold": 0.512987012987013,
      "prevalence": 0.126,
      "recall_at_0.5": 0.8412698412698413,
      "recall_at_tuned_threshold": 0.626984126984127,
      "threshold_used": 0.7662673592567444
    },
    "pneumonia": {
      "auroc": 0.7599971022891915,
      "average_precision": 0.11173764047091769,
      "ece": 0.26189199677391145,
      "f1_at_0.5": 0.06363636363636363,
      "f1_at_tuned_threshold": 0.13333333333333333,
      "negative_count": 986,
      "positive_count": 14,
      "precision_at_0.5": 0.03398058252427184,
      "precision_at_tuned_threshold": 1.0,
      "prevalence": 0.014,
      "recall_at_0.5": 0.5,
      "recall_at_tuned_threshold": 0.07142857142857142,
      "threshold_used": 0.8941494822502136
    },
    "pneumothorax": {
      "auroc": 0.8769494104222137,
      "average_precision": 0.21645369288273048,
      "ece": 0.23426734767207455,
      "f1_at_0.5": 0.27731092436974786,
      "f1_at_tuned_threshold": 0.3235294117647059,
      "negative_count": 956,
      "positive_count": 44,
      "precision_at_0.5": 0.17010309278350516,
      "precision_at_tuned_threshold": 0.2391304347826087,
      "prevalence": 0.044,
      "recall_at_0.5": 0.75,
      "recall_at_tuned_threshold": 0.5,
      "threshold_used": 0.700019896030426
    }
  },
  "loss": 0.9398492078781128,
  "macro": {
    "auroc": 0.8513392897789223,
    "average_precision": 0.2593368032128551,
    "ece": 0.2416966154947238,
    "f1_at_0.5": 0.2612881481161276,
    "f1_at_tuned_thresholds": 0.35078629142961887
  },
  "num_examples": 1000,
  "split_alias": "d0_val",
  "valid_label_counts": {
    "macro_auroc": 7,
    "macro_average_precision": 7
  }
}