{
  "label_metrics": {
    "atelectasis": {
      "auroc": 0.8351461038961039,
      "average_precision": 0.7248146300266958,
      "ece": 0.10499512882636583,
      "f1_at_0.5": 0.6419753086419754,
      "f1_at_tuned_threshold": 0.49572649572649574,
      "negative_count": 154,
      "positive_count": 80,
      "precision_at_0.5": 0.6341463414634146,
      "precision_at_tuned_threshold": 0.7837837837837838,
      "prevalence": 0.3418803418803419,
      "recall_at_0.5": 0.65,
      "recall_at_tuned_threshold": 0.3625,
      "threshold_used": 0.6550197601318359
    },
    "cardiomegaly": {
      "auroc": 0.7592133238837704,
      "average_precision": 0.594960922779761,
      "ece": 0.13188926532549233,
      "f1_at_0.5": 0.5844155844155845,
      "f1_at_tuned_threshold": 0.2682926829268293,
      "negative_count": 166,
      "positive_count": 68,
      "precision_at_0.5": 0.5232558139534884,
      "precision_at_tuned_threshold": 0.7857142857142857,
      "prevalence": 0.2905982905982906,
      "recall_at_0.5": 0.6617647058823529,
      "recall_at_tuned_threshold": 0.16176470588235295,
      "threshold_used": 0.8219258785247803
    },
    "consolidation": {
      "auroc": 0.9001959897482286,
      "average_precision": 0.5549103670134435,
      "ece": 0.3877661534515985,
      "f1_at_0.5": 0.380952380952381,
      "f1_at_tuned_threshold": 0.4444444444444444,
      "negative_count": 201,
      "positive_count": 33,
      "precision_at_0.5": 0.23703703703703705,
      "precision_at_tuned_threshold": 0.5714285714285714,
      "prevalence": 0.14102564102564102,
      "recall_at_0.5": 0.9696969696969697,
      "recall_at_tuned_threshold": 0.36363636363636365,
      "threshold_used": 0.823865532875061
    },
    "edema": {
      "auroc": 0.8281011169900059,
      "average_precision": 0.6096502565296196,
      "ece": 0.047143451150458635,
      "f1_at_0.5": 0.19999999999999998,
      "f1_at_tuned_threshold": 0.0,
      "negative_count": 189,
      "positive_count": 45,
      "precision_at_0.5": 1.0,
      "precision_at_tuned_threshold": 0.0,
      "prevalence": 0.19230769230769232,
      "recall_at_0.5": 0.1111111111111111,
      "recall_at_tuned_threshold": 0.0,
      "threshold_used": 0.8968808054924011
    },
    "pleural_effusion": {
      "auroc": 0.9024041469300206,
      "average_precision": 0.8139860287836105,
      "ece": 0.24721611530684232,
      "f1_at_0.5": 0.663101604278075,
      "f1_at_tuned_threshold": 0.6779661016949152,
      "negative_count": 167,
      "positive_count": 67,
      "precision_at_0.5": 0.5166666666666667,
      "precision_at_tuned_threshold": 0.7843137254901961,
      "prevalence": 0.2863247863247863,
      "recall_at_0.5": 0.9253731343283582,
      "recall_at_tuned_threshold": 0.5970149253731343,
      "threshold_used": 0.7662673592567444
    },
    "pneumonia": {
      "auroc": 0.7428097345132744,
      "average_precision": 0.3497891334226261,
      "ece": 0.18339925305673127,
      "f1_at_0.5": 0.45454545454545453,
      "f1_at_tuned_threshold": 0.0,
      "negative_count": 226,
      "positive_count": 8,
      "precision_at_0.5": 0.35714285714285715,
      "precision_at_tuned_threshold": 0.0,
      "prevalence": 0.03418803418803419,
      "recall_at_0.5": 0.625,
      "recall_at_tuned_threshold": 0.0,
      "threshold_used": 0.8941494822502136
    },
    "pneumothorax": {
      "auroc": 0.7726769911504425,
      "average_precision": 0.15845170315650947,
      "ece": 0.40949417592496984,
      "f1_at_0.5": 0.14141414141414144,
      "f1_at_tuned_threshold": 0.1951219512195122,
      "negative_count": 226,
      "positive_count": 8,
      "precision_at_0.5": 0.07692307692307693,
      "precision_at_tuned_threshold": 0.12121212121212122,
      "prevalence": 0.03418803418803419,
      "recall_at_0.5": 0.875,
      "recall_at_tuned_threshold": 0.5,
      "threshold_used": 0.700019896030426
    }
  },
  "loss": 4.150767803192139,
  "macro": {
    "auroc": 0.820078201015978,
    "average_precision": 0.5437947202446094,
    "ece": 0.21598622043463697,
    "f1_at_0.5": 0.4380577820353731,
    "f1_at_tuned_thresholds": 0.2973645251445996
  },
  "num_examples": 234,
  "split_alias": "d1_transfer",
  "valid_label_counts": {
    "macro_auroc": 7,
    "macro_average_precision": 7
  }
}