{
  "brier_score": 0.04244681567485843,
  "label_metrics": {
    "0": {
      "auprc": 0.3065646253923648,
      "auroc": 0.797664274658787,
      "brier": 0.08497889339923859,
      "ece": 0.03235824468731881
    },
    "1": {
      "auprc": 0.2549128830209546,
      "auroc": 0.8679439098370982,
      "brier": 0.022489266470074654,
      "ece": 0.00382019696617499
    },
    "2": {
      "auprc": 0.19096985746403794,
      "auroc": 0.8085547868351461,
      "brier": 0.04080651327967644,
      "ece": 0.007226482667028904
    },
    "3": {
      "auprc": 0.18588476088957678,
      "auroc": 0.9023303347553803,
      "brier": 0.019173743203282356,
      "ece": 0.0026058636070229115
    },
    "4": {
      "auprc": 0.5177973472832106,
      "auroc": 0.8659899876211452,
      "brier": 0.07737469673156738,
      "ece": 0.01979707099217921
    },
    "5": {
      "auprc": 0.06409759437796918,
      "auroc": 0.8137677484787018,
      "brier": 0.013463814742863178,
      "ece": 0.002322531595826149
    },
    "6": {
      "auprc": 0.2859157938842554,
      "auroc": 0.8570518350615446,
      "brier": 0.03884078189730644,
      "ece": 0.010368902463465928
    }
  },
  "macro_auprc": 0.25802040890176703,
  "macro_auroc": 0.8447575538925433,
  "macro_ece": 0.01121418471128813,
  "micro_auprc": 0.3426060743241569,
  "micro_auroc": 0.8726524816312041,
  "num_examples": 2000,
  "prediction_artifact": "/workspace/paper_v1/outputs/nih_to_chexpert_to_mimic/20260420T164915Z__nih_to_chexpert_to_mimic_harder_gate_only/20260420T164919Z__source_only/metrics/d0_nih_test_predictions.npz",
  "valid_label_counts": {
    "brier_score": 7,
    "macro_auprc": 7,
    "macro_auroc": 7,
    "macro_ece": 7
  }
}
