{
  "diagnostic_macro_f1_at_tuned_thresholds": 0.2255465801816972,
  "macro_auroc": 0.7642617230502976,
  "macro_average_precision": 0.15661867825989392,
  "macro_ece": 0.24256612367312674,
  "macro_f1_at_0.5": 0.204700651626563,
  "per_label": {
    "atelectasis": {
      "auroc": 0.7497458434737261,
      "average_precision": 0.25481188608509175,
      "ece": 0.21485002946076373,
      "f1_at_0.5": 0.31459826480573366,
      "f1_at_tuned_threshold": 0.3329306595796086,
      "positive_count": 1152,
      "threshold": 0.4163171052932739
    },
    "cardiomegaly": {
      "auroc": 0.7952199030822833,
      "average_precision": 0.13585662884292396,
      "ece": 0.2123584242085861,
      "f1_at_0.5": 0.21216041397153948,
      "f1_at_tuned_threshold": 0.2309236947791165,
      "positive_count": 303,
      "threshold": 0.46009907126426697
    },
    "consolidation": {
      "auroc": 0.7562268405319081,
      "average_precision": 0.10445982247554002,
      "ece": 0.25243351168811656,
      "f1_at_0.5": 0.16548463356973997,
      "f1_at_tuned_threshold": 0.17955801104972377,
      "positive_count": 454,
      "threshold": 0.5617906451225281
    },
    "edema": {
      "auroc": 0.8670457519072606,
      "average_precision": 0.11600511546978813,
      "ece": 0.18800545390014622,
      "f1_at_0.5": 0.1797619047619048,
      "f1_at_tuned_threshold": 0.2,
      "positive_count": 253,
      "threshold": 0.6500452160835266
    },
    "emphysema": {
      "auroc": 0.8104612291652056,
      "average_precision": 0.11866356086482949,
      "ece": 0.26449416648468355,
      "f1_at_0.5": 0.13306451612903225,
      "f1_at_tuned_threshold": 0.19341563786008228,
      "positive_count": 194,
      "threshold": 0.6599522233009338
    },
    "fibrosis": {
      "auroc": 0.7705812073209669,
      "average_precision": 0.07938670494828073,
      "ece": 0.27960330616722284,
      "f1_at_0.5": 0.10583446404341929,
      "f1_at_tuned_threshold": 0.11904761904761905,
      "positive_count": 158,
      "threshold": 0.5492095351219177
    },
    "hernia": {
      "auroc": 0.7920633324394386,
      "average_precision": 0.045292480881483965,
      "ece": 0.2420455899086835,
      "f1_at_0.5": 0.027586206896551724,
      "f1_at_tuned_threshold": 0.12244897959183672,
      "positive_count": 32,
      "threshold": 0.6070147156715393
    },
    "infiltration": {
      "auroc": 0.6906857861347536,
      "average_precision": 0.3422323035928303,
      "ece": 0.19265945656476616,
      "f1_at_0.5": 0.39701994712809424,
      "f1_at_tuned_threshold": 0.40614536143391766,
      "positive_count": 2014,
      "threshold": 0.4310424029827118
    },
    "mass": {
      "auroc": 0.714639807175841,
      "average_precision": 0.1356145130534693,
      "ece": 0.2810041437239153,
      "f1_at_0.5": 0.2122260668973472,
      "f1_at_tuned_threshold": 0.21345707656612528,
      "positive_count": 584,
      "threshold": 0.5014572143554688
    },
    "nodule": {
      "auroc": 0.6525039676048294,
      "average_precision": 0.11653687818587298,
      "ece": 0.27300976309834,
      "f1_at_0.5": 0.16792842395044735,
      "f1_at_tuned_threshold": 0.1756210283073368,
      "positive_count": 660,
      "threshold": 0.47400450706481934
    },
    "pleural_effusion": {
      "auroc": 0.8231716671631664,
      "average_precision": 0.4080327717574623,
      "ece": 0.18487789861214374,
      "f1_at_0.5": 0.4466866648486501,
      "f1_at_tuned_threshold": 0.45047923322683703,
      "positive_count": 1390,
      "threshold": 0.49266162514686584
    },
    "pleural_thickening": {
      "auroc": 0.7257638993945758,
      "average_precision": 0.07326352854712694,
      "ece": 0.28757763288537286,
      "f1_at_0.5": 0.13193885760257443,
      "f1_at_tuned_threshold": 0.1375968992248062,
      "positive_count": 309,
      "threshold": 0.5192837119102478
    },
    "pneumonia": {
      "auroc": 0.7095464841667193,
      "average_precision": 0.038563787219703376,
      "ece": 0.2791252256220745,
      "f1_at_0.5": 0.08064516129032258,
      "f1_at_tuned_threshold": 0.09004739336492891,
      "positive_count": 146,
      "threshold": 0.5660743713378906
    },
    "pneumothorax": {
      "auroc": 0.8420084031434941,
      "average_precision": 0.2239415137141116,
      "ece": 0.24388112909895965,
      "f1_at_0.5": 0.29087359687652514,
      "f1_at_tuned_threshold": 0.30598052851182195,
      "positive_count": 504,
      "threshold": 0.5939331650733948
    }
  },
  "thresholds": {
    "atelectasis": {
      "best_f1": 0.3329306595796086,
      "prevalence": 0.10268294856939121,
      "threshold": 0.4163171052932739
    },
    "cardiomegaly": {
      "best_f1": 0.2309236947791165,
      "prevalence": 0.027007754701845084,
      "threshold": 0.46009907126426697
    },
    "consolidation": {
      "best_f1": 0.17955801104972377,
      "prevalence": 0.04046706480078438,
      "threshold": 0.5617906451225281
    },
    "edema": {
      "best_f1": 0.2,
      "prevalence": 0.022551029503520812,
      "threshold": 0.6500452160835266
    },
    "emphysema": {
      "best_f1": 0.19341563786008228,
      "prevalence": 0.01729209376949817,
      "threshold": 0.6599522233009338
    },
    "fibrosis": {
      "best_f1": 0.11904761904761905,
      "prevalence": 0.014083251626704697,
      "threshold": 0.5492095351219177
    },
    "hernia": {
      "best_f1": 0.12244897959183672,
      "prevalence": 0.0028523041269275335,
      "threshold": 0.6070147156715393
    },
    "infiltration": {
      "best_f1": 0.40614536143391766,
      "prevalence": 0.17951689098850165,
      "threshold": 0.4310424029827118
    },
    "mass": {
      "best_f1": 0.21345707656612528,
      "prevalence": 0.052054550316427486,
      "threshold": 0.5014572143554688
    },
    "nodule": {
      "best_f1": 0.1756210283073368,
      "prevalence": 0.05882877261788038,
      "threshold": 0.47400450706481934
    },
    "pleural_effusion": {
      "best_f1": 0.45047923322683703,
      "prevalence": 0.12389696051341474,
      "threshold": 0.49266162514686584
    },
    "pleural_thickening": {
      "best_f1": 0.1375968992248062,
      "prevalence": 0.027542561725643996,
      "threshold": 0.5192837119102478
    },
    "pneumonia": {
      "best_f1": 0.09004739336492891,
      "prevalence": 0.013013637579106872,
      "threshold": 0.5660743713378906
    },
    "pneumothorax": {
      "best_f1": 0.30598052851182195,
      "prevalence": 0.044923789999108656,
      "threshold": 0.5939331650733948
    }
  }
}