{
  "brier_score": 0.050184872799686024,
  "label_metrics": {
    "0": {
      "auprc": 0.3033880867402517,
      "auroc": 0.7956970917080668,
      "brier": 0.09474790841341019,
      "ece": 0.07706945265270769
    },
    "1": {
      "auprc": 0.23911474257724621,
      "auroc": 0.8610731556046554,
      "brier": 0.023990416899323463,
      "ece": 0.020648037470877168
    },
    "2": {
      "auprc": 0.18601006679185983,
      "auroc": 0.805250604732987,
      "brier": 0.04106493666768074,
      "ece": 0.0137243139911443
    },
    "3": {
      "auprc": 0.2145288961659413,
      "auroc": 0.8952121781084004,
      "brier": 0.05255291238427162,
      "ece": 0.10746771342935972
    },
    "4": {
      "auprc": 0.511582845722324,
      "auroc": 0.8656050788944091,
      "brier": 0.0848618745803833,
      "ece": 0.05010795333236456
    },
    "5": {
      "auprc": 0.05764321540833558,
      "auroc": 0.8000760649087221,
      "brier": 0.013792019337415695,
      "ece": 0.011505210198462009
    },
    "6": {
      "auprc": 0.2846838900723898,
      "auroc": 0.8568714019092083,
      "brier": 0.040284041315317154,
      "ece": 0.01643082869425416
    }
  },
  "macro_auprc": 0.25670739192547837,
  "macro_auroc": 0.8399693679809213,
  "macro_ece": 0.04242192996702423,
  "micro_auprc": 0.3129595011990195,
  "micro_auroc": 0.8572118930297326,
  "num_examples": 2000,
  "prediction_artifact": "/workspace/paper_v1/outputs/nih_to_chexpert_topk_seed_sweep/20260420T123811Z__nih_to_chexpert_topk_seed_sweep/seed_31415/20260420T124019Z__harder_gate_clipping/metrics/d0_nih_test_predictions.npz",
  "valid_label_counts": {
    "brier_score": 7,
    "macro_auprc": 7,
    "macro_auroc": 7,
    "macro_ece": 7
  }
}
