{
  "brier_score": 0.10640294982918672,
  "label_metrics": {
    "0": {
      "auprc": 0.7574749846775349,
      "auroc": 0.8641233766233767,
      "brier": 0.1662115901708603,
      "ece": 0.11634699342788286
    },
    "1": {
      "auprc": 0.6236341259695748,
      "auroc": 0.7784372785258682,
      "brier": 0.18495573103427887,
      "ece": 0.13743801746103496
    },
    "2": {
      "auprc": 0.5287149712524943,
      "auroc": 0.9020051258857229,
      "brier": 0.09402941912412643,
      "ece": 0.07707105597688094
    },
    "3": {
      "auprc": 0.6396529320351012,
      "auroc": 0.8526748971193416,
      "brier": 0.11343127489089966,
      "ece": 0.05327588437586768
    },
    "4": {
      "auprc": 0.8300742839778468,
      "auroc": 0.9131289659486996,
      "brier": 0.11445903033018112,
      "ece": 0.09537119144557887
    },
    "5": {
      "auprc": 0.3787409136915716,
      "auroc": 0.904867256637168,
      "brier": 0.03124675340950489,
      "ece": 0.011700894683599472
    },
    "6": {
      "auprc": 0.12435828037643017,
      "auroc": 0.7754424778761062,
      "brier": 0.04048684984445572,
      "ece": 0.06606700748173344
    }
  },
  "macro_auprc": 0.554664355997222,
  "macro_auroc": 0.8558113398023262,
  "macro_ece": 0.07961014926465403,
  "micro_auprc": 0.6322549219990398,
  "micro_auroc": 0.8654194091963932,
  "num_examples": 234,
  "prediction_artifact": "/workspace/paper_v1/outputs/nih_to_chexpert_topk_seed_sweep/20260420T123811Z__nih_to_chexpert_topk_seed_sweep/seed_31415/20260420T124019Z__harder_gate_clipping/metrics/d1_chexpert_test_predictions.npz",
  "valid_label_counts": {
    "brier_score": 7,
    "macro_auprc": 7,
    "macro_auroc": 7,
    "macro_ece": 7
  }
}
