{
  "brier_score": 0.04999615970466818,
  "label_metrics": {
    "0": {
      "auprc": 0.3059472373116378,
      "auroc": 0.7968281542574492,
      "brier": 0.10260861366987228,
      "ece": 0.10738005958124996
    },
    "1": {
      "auprc": 0.246231997003848,
      "auroc": 0.8647459565272164,
      "brier": 0.024294346570968628,
      "ece": 0.024347297672182328
    },
    "2": {
      "auprc": 0.18557613966512074,
      "auroc": 0.805701687613828,
      "brier": 0.041820134967565536,
      "ece": 0.018389119356870653
    },
    "3": {
      "auprc": 0.2115963328825833,
      "auroc": 0.8981830281280081,
      "brier": 0.03772304207086563,
      "ece": 0.07750141520448961
    },
    "4": {
      "auprc": 0.5132447558352562,
      "auroc": 0.8658284209951078,
      "brier": 0.0894930511713028,
      "ece": 0.06859919250011444
    },
    "5": {
      "auprc": 0.06471845587392738,
      "auroc": 0.8125543320776586,
      "brier": 0.013455966487526894,
      "ece": 0.004004178456030787
    },
    "6": {
      "auprc": 0.2873946187689863,
      "auroc": 0.8575311106224379,
      "brier": 0.0405779629945755,
      "ece": 0.01757436701282859
    }
  },
  "macro_auprc": 0.2592442196201943,
  "macro_auroc": 0.8430532414602437,
  "macro_ece": 0.0453993756833952,
  "micro_auprc": 0.3338683241143693,
  "micro_auroc": 0.8641745604364011,
  "num_examples": 2000,
  "prediction_artifact": "/workspace/paper_v1/outputs/nih_to_chexpert_seed_sweep/20260420T121957Z__nih_to_chexpert_seed_sweep/seed_31415/20260420T122024Z__harder_gate_clipping/metrics/d0_nih_test_predictions.npz",
  "valid_label_counts": {
    "brier_score": 7,
    "macro_auprc": 7,
    "macro_auroc": 7,
    "macro_ece": 7
  }
}
