{
  "count": 2000,
  "max": 0.10000000149011612,
  "mean": 0.10000001639127731,
  "min": 0.10000000149011612,
  "std": 1.4901161193847656e-08
}
