{
  "count": 2000,
  "max": 5.269659519195557,
  "mean": 2.748828649520874,
  "min": 1.1794216632843018,
  "std": 0.7874019145965576
}
