{
  "count": 234,
  "max": 5.775397300720215,
  "mean": 4.297093868255615,
  "min": 1.9263921976089478,
  "std": 0.857006847858429
}
