{
  "count": 234,
  "max": 0.99894779920578,
  "mean": 0.9970202445983887,
  "min": 0.9894653558731079,
  "std": 0.0017534797079861164
}
