{
  "count": 2000,
  "max": 0.9990853071212769,
  "mean": 0.9950368404388428,
  "min": 0.9759470224380493,
  "std": 0.0029829340055584908
}
