{
  "brier_score": 0.04830247749175344,
  "label_metrics": {
    "0": {
      "auprc": 0.2986258280432092,
      "auroc": 0.7945984998538819,
      "brier": 0.09058210253715515,
      "ece": 0.05987687691673636
    },
    "1": {
      "auprc": 0.23018512280532213,
      "auroc": 0.8551617873651772,
      "brier": 0.023331042379140854,
      "ece": 0.011907348259352147
    },
    "2": {
      "auprc": 0.18241945323948378,
      "auroc": 0.8019069528787546,
      "brier": 0.04127763211727142,
      "ece": 0.010594224663451314
    },
    "3": {
      "auprc": 0.21386360891420736,
      "auroc": 0.8898884148732635,
      "brier": 0.04409310594201088,
      "ece": 0.08791267656721174
    },
    "4": {
      "auprc": 0.5069194549294422,
      "auroc": 0.8643529375426191,
      "brier": 0.0841655284166336,
      "ece": 0.04506476696953178
    },
    "5": {
      "auprc": 0.048529953556078614,
      "auroc": 0.7811685018835121,
      "brier": 0.013795945793390274,
      "ece": 0.00800217348197475
    },
    "6": {
      "auprc": 0.2823240601722583,
      "auroc": 0.8565894751086828,
      "brier": 0.040871985256671906,
      "ece": 0.01859302223473787
    }
  },
  "macro_auprc": 0.2518382116657145,
  "macro_auroc": 0.8348095099294129,
  "macro_ece": 0.034564441298999424,
  "micro_auprc": 0.3162701707261043,
  "micro_auroc": 0.8570929427323568,
  "num_examples": 2000,
  "prediction_artifact": "/workspace/paper_v1/outputs/nih_to_chexpert_seed_sweep/20260420T103712Z__nih_to_chexpert_seed_sweep/seed_2027/20260420T103727Z__harder_gate_clipping/metrics/d0_nih_test_predictions.npz",
  "valid_label_counts": {
    "brier_score": 7,
    "macro_auprc": 7,
    "macro_auroc": 7,
    "macro_ece": 7
  }
}
