{
  "brier_score": 0.11603998925004687,
  "label_metrics": {
    "0": {
      "auprc": 0.4481103000863211,
      "auroc": 0.7009560679300167,
      "brier": 0.1923307627439499,
      "ece": 0.08668770011205822
    },
    "1": {
      "auprc": 0.47707613059630843,
      "auroc": 0.7813308104698834,
      "brier": 0.1465960443019867,
      "ece": 0.04126615965044534
    },
    "2": {
      "auprc": 0.11793653136732608,
      "auroc": 0.6592007026789635,
      "brier": 0.07592970132827759,
      "ece": 0.04305101638472468
    },
    "3": {
      "auprc": 0.5233655384874206,
      "auroc": 0.8238515780105429,
      "brier": 0.1294730007648468,
      "ece": 0.06365554778114754
    },
    "4": {
      "auprc": 0.8179800710108409,
      "auroc": 0.8636226628791686,
      "brier": 0.14979144930839539,
      "ece": 0.07679996415752278
    },
    "5": {
      "auprc": 0.2042032713067359,
      "auroc": 0.7034655234012147,
      "brier": 0.07029889523983002,
      "ece": 0.02136443567478798
    },
    "6": {
      "auprc": 0.1894019915829821,
      "auroc": 0.7921996879875195,
      "brier": 0.04786007106304169,
      "ece": 0.03221692095824776
    }
  },
  "macro_auprc": 0.3968676906339907,
  "macro_auroc": 0.7606610047653299,
  "macro_ece": 0.05214882067413347,
  "micro_auprc": 0.5713413010484633,
  "micro_auroc": 0.8272716479976383,
  "num_examples": 676,
  "prediction_artifact": "/workspace/paper_v1/outputs/nih_to_chexpert_to_mimic/20260420T165345Z__nih_to_chexpert_to_mimic_harder_gate_only/20260420T165350Z__vq_summary_replay/metrics/d2_mimic_test_predictions.npz",
  "valid_label_counts": {
    "brier_score": 7,
    "macro_auprc": 7,
    "macro_auroc": 7,
    "macro_ece": 7
  }
}
