{
  "label_metrics": {
    "atelectasis": {
      "auroc": 0.8368604052197802,
      "average_precision": 0.40458183486546245,
      "ece": 0.2027547889240751,
      "f1_at_0.5": 0.41359773371104813,
      "f1_at_tuned_threshold": 0.3870967741935483,
      "negative_count": 896,
      "positive_count": 104,
      "precision_at_0.5": 0.2931726907630522,
      "precision_at_tuned_threshold": 0.2912621359223301,
      "prevalence": 0.104,
      "recall_at_0.5": 0.7019230769230769,
      "recall_at_tuned_threshold": 0.5769230769230769,
      "threshold_used": 0.5464200973510742
    },
    "cardiomegaly": {
      "auroc": 0.8551202749140894,
      "average_precision": 0.19767756810723672,
      "ece": 0.24040953511294455,
      "f1_at_0.5": 0.19004524886877827,
      "f1_at_tuned_threshold": 0.14285714285714285,
      "negative_count": 970,
      "positive_count": 30,
      "precision_at_0.5": 0.1099476439790576,
      "precision_at_tuned_threshold": 0.0784313725490196,
      "prevalence": 0.03,
      "recall_at_0.5": 0.7,
      "recall_at_tuned_threshold": 0.8,
      "threshold_used": 0.35632947087287903
    },
    "consolidation": {
      "auroc": 0.8091331692644244,
      "average_precision": 0.14562526641165294,
      "ece": 0.24513096903731185,
      "f1_at_0.5": 0.20178041543026706,
      "f1_at_tuned_threshold": 0.18,
      "negative_count": 954,
      "positive_count": 46,
      "precision_at_0.5": 0.11683848797250859,
      "precision_at_tuned_threshold": 0.16666666666666666,
      "prevalence": 0.046,
      "recall_at_0.5": 0.7391304347826086,
      "recall_at_tuned_threshold": 0.1956521739130435,
      "threshold_used": 0.7749581933021545
    },
    "edema": {
      "auroc": 0.9012923076923077,
      "average_precision": 0.25732001074451705,
      "ece": 0.2659184654942535,
      "f1_at_0.5": 0.15714285714285714,
      "f1_at_tuned_threshold": 0.18779342723004697,
      "negative_count": 975,
      "positive_count": 25,
      "precision_at_0.5": 0.08627450980392157,
      "precision_at_tuned_threshold": 0.10638297872340426,
      "prevalence": 0.025,
      "recall_at_0.5": 0.88,
      "recall_at_tuned_threshold": 0.8,
      "threshold_used": 0.6880855560302734
    },
    "pleural_effusion": {
      "auroc": 0.8736424394319131,
      "average_precision": 0.5344244488876646,
      "ece": 0.12436569150915713,
      "f1_at_0.5": 0.547008547008547,
      "f1_at_tuned_threshold": 0.5686274509803921,
      "negative_count": 874,
      "positive_count": 126,
      "precision_at_0.5": 0.4266666666666667,
      "precision_at_tuned_threshold": 0.48333333333333334,
      "prevalence": 0.126,
      "recall_at_0.5": 0.7619047619047619,
      "recall_at_tuned_threshold": 0.6904761904761905,
      "threshold_used": 0.6005761027336121
    },
    "pneumonia": {
      "auroc": 0.6973341060562156,
      "average_precision": 0.027214211468361397,
      "ece": 0.4925637441548115,
      "f1_at_0.5": 0.043912175648702596,
      "f1_at_tuned_threshold": 0.022988505747126436,
      "negative_count": 986,
      "positive_count": 14,
      "precision_at_0.5": 0.022587268993839837,
      "precision_at_tuned_threshold": 0.0136986301369863,
      "prevalence": 0.014,
      "recall_at_0.5": 0.7857142857142857,
      "recall_at_tuned_threshold": 0.07142857142857142,
      "threshold_used": 0.7910499572753906
    },
    "pneumothorax": {
      "auroc": 0.8803965386078357,
      "average_precision": 0.2109936346462785,
      "ece": 0.22850171645667003,
      "f1_at_0.5": 0.2734375,
      "f1_at_tuned_threshold": 0.2168674698795181,
      "negative_count": 956,
      "positive_count": 44,
      "precision_at_0.5": 0.1650943396226415,
      "precision_at_tuned_threshold": 0.23076923076923078,
      "prevalence": 0.044,
      "recall_at_0.5": 0.7954545454545454,
      "recall_at_tuned_threshold": 0.20454545454545456,
      "threshold_used": 0.8748762607574463
    }
  },
  "loss": 0.6954457292556763,
  "macro": {
    "auroc": 0.8362541773123667,
    "average_precision": 0.2539767107330248,
    "ece": 0.25709213009846055,
    "f1_at_0.5": 0.26098921111574286,
    "f1_at_tuned_thresholds": 0.24374725298396785
  },
  "num_examples": 1000,
  "split_alias": "d0_val",
  "valid_label_counts": {
    "macro_auroc": 7,
    "macro_average_precision": 7
  }
}