{
  "label_metrics": {
    "atelectasis": {
      "auroc": 0.8532467532467533,
      "average_precision": 0.7462512361031788,
      "ece": 0.0760033437151175,
      "f1_at_0.5": 0.6577181208053692,
      "f1_at_tuned_threshold": 0.6285714285714286,
      "negative_count": 154,
      "positive_count": 80,
      "precision_at_0.5": 0.7101449275362319,
      "precision_at_tuned_threshold": 0.7333333333333333,
      "prevalence": 0.3418803418803419,
      "recall_at_0.5": 0.6125,
      "recall_at_tuned_threshold": 0.55,
      "threshold_used": 0.5464200973510742
    },
    "cardiomegaly": {
      "auroc": 0.8147590361445783,
      "average_precision": 0.669707299760553,
      "ece": 0.11732413383681539,
      "f1_at_0.5": 0.6122448979591837,
      "f1_at_tuned_threshold": 0.5684210526315789,
      "negative_count": 166,
      "positive_count": 68,
      "precision_at_0.5": 0.569620253164557,
      "precision_at_tuned_threshold": 0.4426229508196721,
      "prevalence": 0.2905982905982906,
      "recall_at_0.5": 0.6617647058823529,
      "recall_at_tuned_threshold": 0.7941176470588235,
      "threshold_used": 0.35632947087287903
    },
    "consolidation": {
      "auroc": 0.8991406603346902,
      "average_precision": 0.5096959227422027,
      "ece": 0.22422353261687236,
      "f1_at_0.5": 0.5882352941176471,
      "f1_at_tuned_threshold": 0.1111111111111111,
      "negative_count": 201,
      "positive_count": 33,
      "precision_at_0.5": 0.43478260869565216,
      "precision_at_tuned_threshold": 0.6666666666666666,
      "prevalence": 0.14102564102564102,
      "recall_at_0.5": 0.9090909090909091,
      "recall_at_tuned_threshold": 0.06060606060606061,
      "threshold_used": 0.7749581933021545
    },
    "edema": {
      "auroc": 0.8752498530276308,
      "average_precision": 0.6659245370060474,
      "ece": 0.14790824004119946,
      "f1_at_0.5": 0.6153846153846154,
      "f1_at_tuned_threshold": 0.5555555555555555,
      "negative_count": 189,
      "positive_count": 45,
      "precision_at_0.5": 0.5423728813559322,
      "precision_at_tuned_threshold": 0.7407407407407407,
      "prevalence": 0.19230769230769232,
      "recall_at_0.5": 0.7111111111111111,
      "recall_at_tuned_threshold": 0.4444444444444444,
      "threshold_used": 0.6880855560302734
    },
    "pleural_effusion": {
      "auroc": 0.9193851103762624,
      "average_precision": 0.8309216478895078,
      "ece": 0.07716805644268422,
      "f1_at_0.5": 0.6923076923076923,
      "f1_at_tuned_threshold": 0.6949152542372882,
      "negative_count": 167,
      "positive_count": 67,
      "precision_at_0.5": 0.7142857142857143,
      "precision_at_tuned_threshold": 0.803921568627451,
      "prevalence": 0.2863247863247863,
      "recall_at_0.5": 0.6716417910447762,
      "recall_at_tuned_threshold": 0.6119402985074627,
      "threshold_used": 0.6005761027336121
    },
    "pneumonia": {
      "auroc": 0.6764380530973452,
      "average_precision": 0.08261691843831646,
      "ece": 0.4230674920506255,
      "f1_at_0.5": 0.12121212121212123,
      "f1_at_tuned_threshold": 0.0,
      "negative_count": 226,
      "positive_count": 8,
      "precision_at_0.5": 0.06593406593406594,
      "precision_at_tuned_threshold": 0.0,
      "prevalence": 0.03418803418803419,
      "recall_at_0.5": 0.75,
      "recall_at_tuned_threshold": 0.0,
      "threshold_used": 0.7910499572753906
    },
    "pneumothorax": {
      "auroc": 0.7190265486725663,
      "average_precision": 0.12680290934842275,
      "ece": 0.3209365044434949,
      "f1_at_0.5": 0.15384615384615383,
      "f1_at_tuned_threshold": 0.0,
      "negative_count": 226,
      "positive_count": 8,
      "precision_at_0.5": 0.08771929824561403,
      "precision_at_tuned_threshold": 0.0,
      "prevalence": 0.03418803418803419,
      "recall_at_0.5": 0.625,
      "recall_at_tuned_threshold": 0.0,
      "threshold_used": 0.8748762607574463
    }
  },
  "loss": 1.0862494707107544,
  "macro": {
    "auroc": 0.822463716414261,
    "average_precision": 0.5188457816126041,
    "ece": 0.19809018616382987,
    "f1_at_0.5": 0.49156412794754034,
    "f1_at_tuned_thresholds": 0.36551062887242314
  },
  "num_examples": 234,
  "split_alias": "d1_test",
  "valid_label_counts": {
    "macro_auroc": 7,
    "macro_average_precision": 7
  }
}