{
  "brier_score": 0.1503507952604975,
  "label_metrics": {
    "0": {
      "auprc": 1.0,
      "auroc": 1.0,
      "brier": 0.12449301779270172,
      "ece": 0.3353860415518284
    },
    "1": {
      "auprc": 0.9505266955266954,
      "auroc": 0.9568627450980393,
      "brier": 0.14162945747375488,
      "ece": 0.234266703017056
    },
    "2": {
      "auprc": 0.9219868203691732,
      "auroc": 0.9254901960784314,
      "brier": 0.17102697491645813,
      "ece": 0.21735237399116158
    },
    "3": {
      "auprc": 0.8907448454323454,
      "auroc": 0.8828125,
      "brier": 0.16906148195266724,
      "ece": 0.18716877792030573
    },
    "4": {
      "auprc": 0.9857090984541965,
      "auroc": 0.9801587301587302,
      "brier": 0.12402019649744034,
      "ece": 0.2370874568587169
    },
    "5": {
      "auprc": 0.8984209554062496,
      "auroc": 0.873015873015873,
      "brier": 0.15458035469055176,
      "ece": 0.14567504730075598
    },
    "6": {
      "auprc": 0.8942745707451589,
      "auroc": 0.8705882352941176,
      "brier": 0.16764408349990845,
      "ece": 0.22596925077959895
    }
  },
  "macro_auprc": 0.9345232837048314,
  "macro_auroc": 0.9269897542350273,
  "macro_ece": 0.22612937877420336,
  "micro_auprc": 0.9096045997624398,
  "micro_auroc": 0.9095982142857143,
  "num_examples": 32,
  "prediction_artifact": "/workspace/paper_v1/outputs/smoke/20260420T071854Z__smoke__main_method/metrics/d0_nih_test_predictions.npz",
  "valid_label_counts": {
    "brier_score": 7,
    "macro_auprc": 7,
    "macro_auroc": 7,
    "macro_ece": 7
  }
}
