{
  "brier_score": 0.15294267662933894,
  "label_metrics": {
    "0": {
      "auprc": 0.8895316804407714,
      "auroc": 0.86013986013986,
      "brier": 0.1901387721300125,
      "ece": 0.24659960841139156
    },
    "1": {
      "auprc": 0.9571229495142539,
      "auroc": 0.8984375,
      "brier": 0.16864924132823944,
      "ece": 0.2069056204830607
    },
    "2": {
      "auprc": 0.9425595238095238,
      "auroc": 0.9,
      "brier": 0.16917885839939117,
      "ece": 0.18020432939132053
    },
    "3": {
      "auprc": 0.9646241830065359,
      "auroc": 0.9333333333333333,
      "brier": 0.13327656686306,
      "ece": 0.24747686088085175
    },
    "4": {
      "auprc": 0.9524958996756598,
      "auroc": 0.90625,
      "brier": 0.12907898426055908,
      "ece": 0.15175869874656203
    },
    "5": {
      "auprc": 0.7340909090909091,
      "auroc": 0.8425925925925926,
      "brier": 0.1446385681629181,
      "ece": 0.2059955019503832
    },
    "6": {
      "auprc": 0.9418212197159566,
      "auroc": 0.888888888888889,
      "brier": 0.13563774526119232,
      "ece": 0.1866428672025601
    }
  },
  "macro_auprc": 0.9117494807505159,
  "macro_auroc": 0.8899488821363821,
  "macro_ece": 0.20365478386659,
  "micro_auprc": 0.9186094562544944,
  "micro_auroc": 0.8812903225806452,
  "num_examples": 24,
  "prediction_artifact": "/workspace/paper_v1/outputs/smoke/20260420T071854Z__smoke__main_method/metrics/d1_chexpert_test_predictions.npz",
  "valid_label_counts": {
    "brier_score": 7,
    "macro_auprc": 7,
    "macro_auroc": 7,
    "macro_ece": 7
  }
}
