{
  "brier_score": 0.0677823583994593,
  "label_metrics": {
    "0": {
      "auprc": 0.2917943214311988,
      "auroc": 0.7876660064291976,
      "brier": 0.10009107738733292,
      "ece": 0.11569214296061546
    },
    "1": {
      "auprc": 0.22329787402346465,
      "auroc": 0.8540667306257328,
      "brier": 0.0280511025339365,
      "ece": 0.04413842005562037
    },
    "2": {
      "auprc": 0.17784097841027288,
      "auroc": 0.7926879465015703,
      "brier": 0.04358319938182831,
      "ece": 0.029469281063415106
    },
    "3": {
      "auprc": 0.20376900996702885,
      "auroc": 0.8943684567028317,
      "brier": 0.12077745050191879,
      "ece": 0.20240160687593742
    },
    "4": {
      "auprc": 0.48881310896907826,
      "auroc": 0.8630497126252439,
      "brier": 0.10464745759963989,
      "ece": 0.09486988442391157
    },
    "5": {
      "auprc": 0.05284608357590775,
      "auroc": 0.7736525644740655,
      "brier": 0.02789408527314663,
      "ece": 0.07842212052573451
    },
    "6": {
      "auprc": 0.2511358346771126,
      "auroc": 0.8472633365472988,
      "brier": 0.04943213611841202,
      "ece": 0.04719154402799904
    }
  },
  "macro_auprc": 0.24135674443629482,
  "macro_auroc": 0.8303935362722772,
  "macro_ece": 0.08745499999046194,
  "micro_auprc": 0.2594071617158941,
  "micro_auroc": 0.8366779416948542,
  "num_examples": 2000,
  "prediction_artifact": "/workspace/paper_v1/outputs/nih_to_chexpert/20260420T091540Z__nih_to_chexpert/20260420T091548Z__ewc/metrics/d0_nih_test_predictions.npz",
  "valid_label_counts": {
    "brier_score": 7,
    "macro_auprc": 7,
    "macro_auroc": 7,
    "macro_ece": 7
  }
}
