{
  "brier_score": 0.10603858636958259,
  "label_metrics": {
    "0": {
      "auprc": 0.7142055428709673,
      "auroc": 0.8330357142857143,
      "brier": 0.17120462656021118,
      "ece": 0.10926571418332238
    },
    "1": {
      "auprc": 0.6459471528369864,
      "auroc": 0.8090892983699505,
      "brier": 0.17426231503486633,
      "ece": 0.12219592069204038
    },
    "2": {
      "auprc": 0.5450649819223621,
      "auroc": 0.9065279662294587,
      "brier": 0.09131788462400436,
      "ece": 0.0629024705889388
    },
    "3": {
      "auprc": 0.6492581152712185,
      "auroc": 0.8566725455614344,
      "brier": 0.11820092052221298,
      "ece": 0.11154011949005291
    },
    "4": {
      "auprc": 0.8557264368626133,
      "auroc": 0.9300205559031192,
      "brier": 0.10830452293157578,
      "ece": 0.10885217815287347
    },
    "5": {
      "auprc": 0.1591750233152948,
      "auroc": 0.8257743362831859,
      "brier": 0.032512519508600235,
      "ece": 0.04029214778978728
    },
    "6": {
      "auprc": 0.10597148771490876,
      "auroc": 0.7621681415929203,
      "brier": 0.046467315405607224,
      "ece": 0.08817841959958021
    }
  },
  "macro_auprc": 0.5250498201134788,
  "macro_auroc": 0.8461840797465406,
  "macro_ece": 0.09188956721379936,
  "micro_auprc": 0.6255134758957711,
  "micro_auroc": 0.8638098090639237,
  "num_examples": 234,
  "prediction_artifact": "/workspace/paper_v1/outputs/nih_to_chexpert/20260420T091540Z__nih_to_chexpert/20260420T091548Z__ewc/metrics/d1_chexpert_test_predictions.npz",
  "valid_label_counts": {
    "brier_score": 7,
    "macro_auprc": 7,
    "macro_auroc": 7,
    "macro_ece": 7
  }
}
