{
  "brier_score": 0.04698718445641654,
  "label_metrics": {
    "0": {
      "auprc": 0.30511106519928566,
      "auroc": 0.7968768603002456,
      "brier": 0.09715895354747772,
      "ece": 0.08802095674723388
    },
    "1": {
      "auprc": 0.2510095960871201,
      "auroc": 0.8652401856751073,
      "brier": 0.023429732769727707,
      "ece": 0.017684220504015684
    },
    "2": {
      "auprc": 0.19068073005665034,
      "auroc": 0.8080191259141477,
      "brier": 0.040868718177080154,
      "ece": 0.009977925963699818
    },
    "3": {
      "auprc": 0.19778983449097448,
      "auroc": 0.9012370619481647,
      "brier": 0.02774140052497387,
      "ece": 0.051227274195291106
    },
    "4": {
      "auprc": 0.5157453179716353,
      "auroc": 0.8660517630958067,
      "brier": 0.08602073788642883,
      "ece": 0.06006230367161333
    },
    "5": {
      "auprc": 0.062046383109652006,
      "auroc": 0.8088778614894233,
      "brier": 0.01361236535012722,
      "ece": 0.009504766361787915
    },
    "6": {
      "auprc": 0.2881354319531769,
      "auroc": 0.8577284593828058,
      "brier": 0.040078382939100266,
      "ece": 0.016862293753772975
    }
  },
  "macro_auprc": 0.25864547983835634,
  "macro_auroc": 0.8434330454008145,
  "macro_ece": 0.036191391599630675,
  "micro_auprc": 0.33858046358489946,
  "micro_auroc": 0.8678685696714242,
  "num_examples": 2000,
  "prediction_artifact": "/workspace/paper_v1/outputs/nih_to_chexpert_postmortem/20260420T100814Z__nih_to_chexpert_postmortem/20260420T100826Z__harder_gate_clipping/metrics/d0_nih_test_predictions.npz",
  "valid_label_counts": {
    "brier_score": 7,
    "macro_auprc": 7,
    "macro_auroc": 7,
    "macro_ece": 7
  }
}
