{
  "brier_score": 0.1155472600034305,
  "label_metrics": {
    "0": {
      "auprc": 0.7553531043169854,
      "auroc": 0.8626623376623377,
      "brier": 0.17033754289150238,
      "ece": 0.12465412736448468
    },
    "1": {
      "auprc": 0.602490731890029,
      "auroc": 0.7554039688164423,
      "brier": 0.2046480029821396,
      "ece": 0.17560450926932517
    },
    "2": {
      "auprc": 0.5252027832027091,
      "auroc": 0.9045680687471732,
      "brier": 0.09844788163900375,
      "ece": 0.09702626165623467
    },
    "3": {
      "auprc": 0.6523694478401288,
      "auroc": 0.8636096413874192,
      "brier": 0.1502661108970642,
      "ece": 0.13091048967634508
    },
    "4": {
      "auprc": 0.8249816475803055,
      "auroc": 0.9081240504066495,
      "brier": 0.11554977297782898,
      "ece": 0.0792990440232122
    },
    "5": {
      "auprc": 0.3461697601179308,
      "auroc": 0.9037610619469025,
      "brier": 0.031889233738183975,
      "ece": 0.016529036685824394
    },
    "6": {
      "auprc": 0.11895330990954943,
      "auroc": 0.7754424778761062,
      "brier": 0.037692274898290634,
      "ece": 0.05357413400665052
    }
  },
  "macro_auprc": 0.5465029692653769,
  "macro_auroc": 0.8533673724061472,
  "macro_ece": 0.09679965752601097,
  "micro_auprc": 0.5970607140235658,
  "micro_auroc": 0.8432234860383625,
  "num_examples": 234,
  "prediction_artifact": "/workspace/paper_v1/outputs/nih_to_chexpert_postmortem/20260420T100814Z__nih_to_chexpert_postmortem/20260420T100826Z__harder_gate_clipping/metrics/d1_chexpert_test_predictions.npz",
  "valid_label_counts": {
    "brier_score": 7,
    "macro_auprc": 7,
    "macro_auroc": 7,
    "macro_ece": 7
  }
}
