{
  "label_metrics": {
    "atelectasis": {
      "auroc": 0.8487012987012987,
      "average_precision": 0.7229231098103672,
      "ece": 0.09542733674622154,
      "f1_at_0.5": 0.6666666666666666,
      "f1_at_tuned_threshold": 0.6976744186046512,
      "negative_count": 154,
      "positive_count": 80,
      "precision_at_0.5": 0.6708860759493671,
      "precision_at_tuned_threshold": 0.6521739130434783,
      "prevalence": 0.3418803418803419,
      "recall_at_0.5": 0.6625,
      "recall_at_tuned_threshold": 0.75,
      "threshold_used": 0.4438050389289856
    },
    "cardiomegaly": {
      "auroc": 0.7485825655563431,
      "average_precision": 0.6050688849543899,
      "ece": 0.23173308288726535,
      "f1_at_0.5": 0.5360824742268041,
      "f1_at_tuned_threshold": 0.5376344086021505,
      "negative_count": 166,
      "positive_count": 68,
      "precision_at_0.5": 0.4126984126984127,
      "precision_at_tuned_threshold": 0.423728813559322,
      "prevalence": 0.2905982905982906,
      "recall_at_0.5": 0.7647058823529411,
      "recall_at_tuned_threshold": 0.7352941176470589,
      "threshold_used": 0.5162749886512756
    },
    "consolidation": {
      "auroc": 0.9166289763304689,
      "average_precision": 0.5778486844170984,
      "ece": 0.30406705337357953,
      "f1_at_0.5": 0.515625,
      "f1_at_tuned_threshold": 0.4727272727272727,
      "negative_count": 201,
      "positive_count": 33,
      "precision_at_0.5": 0.3473684210526316,
      "precision_at_tuned_threshold": 0.5909090909090909,
      "prevalence": 0.14102564102564102,
      "recall_at_0.5": 1.0,
      "recall_at_tuned_threshold": 0.3939393939393939,
      "threshold_used": 0.7254524827003479
    },
    "edema": {
      "auroc": 0.8426807760141094,
      "average_precision": 0.6075103494224171,
      "ece": 0.10816665068513263,
      "f1_at_0.5": 0.5783132530120482,
      "f1_at_tuned_threshold": 0.4,
      "negative_count": 189,
      "positive_count": 45,
      "precision_at_0.5": 0.631578947368421,
      "precision_at_tuned_threshold": 0.8,
      "prevalence": 0.19230769230769232,
      "recall_at_0.5": 0.5333333333333333,
      "recall_at_tuned_threshold": 0.26666666666666666,
      "threshold_used": 0.6482368111610413
    },
    "pleural_effusion": {
      "auroc": 0.9092859058003396,
      "average_precision": 0.8190433539274029,
      "ece": 0.1479835261957122,
      "f1_at_0.5": 0.7402597402597402,
      "f1_at_tuned_threshold": 0.7014925373134329,
      "negative_count": 167,
      "positive_count": 67,
      "precision_at_0.5": 0.6551724137931034,
      "precision_at_tuned_threshold": 0.7014925373134329,
      "prevalence": 0.2863247863247863,
      "recall_at_0.5": 0.8507462686567164,
      "recall_at_tuned_threshold": 0.7014925373134329,
      "threshold_used": 0.6161719560623169
    },
    "pneumonia": {
      "auroc": 0.8772123893805309,
      "average_precision": 0.2862261571295185,
      "ece": 0.32500826741744104,
      "f1_at_0.5": 0.3333333333333333,
      "f1_at_tuned_threshold": 0.26666666666666666,
      "negative_count": 226,
      "positive_count": 8,
      "precision_at_0.5": 0.21428571428571427,
      "precision_at_tuned_threshold": 0.2857142857142857,
      "prevalence": 0.03418803418803419,
      "recall_at_0.5": 0.75,
      "recall_at_tuned_threshold": 0.25,
      "threshold_used": 0.6180760264396667
    },
    "pneumothorax": {
      "auroc": 0.7710176991150443,
      "average_precision": 0.12567716913067956,
      "ece": 0.35740688129526094,
      "f1_at_0.5": 0.16216216216216214,
      "f1_at_tuned_threshold": 0.09523809523809525,
      "negative_count": 226,
      "positive_count": 8,
      "precision_at_0.5": 0.09090909090909091,
      "precision_at_tuned_threshold": 0.07692307692307693,
      "prevalence": 0.03418803418803419,
      "recall_at_0.5": 0.75,
      "recall_at_tuned_threshold": 0.125,
      "threshold_used": 0.7902933955192566
    }
  },
  "loss": 1.044775128364563,
  "macro": {
    "auroc": 0.8448728015568764,
    "average_precision": 0.5348996726845534,
    "ece": 0.2242561140858019,
    "f1_at_0.5": 0.5046346613801078,
    "f1_at_tuned_thresholds": 0.45306191416460984
  },
  "num_examples": 234,
  "split_alias": "d1_test",
  "valid_label_counts": {
    "macro_auroc": 7,
    "macro_average_precision": 7
  }
}