{
  "label_metrics": {
    "atelectasis": {
      "auroc": 0.750901313208675,
      "average_precision": 0.3973374120550734,
      "ece": 0.26080797208864526,
      "f1_at_0.5": 0.4561933534743203,
      "f1_at_tuned_threshold": 0.47282608695652173,
      "negative_count": 799,
      "positive_count": 201,
      "precision_at_0.5": 0.3275488069414317,
      "precision_at_tuned_threshold": 0.3252336448598131,
      "prevalence": 0.201,
      "recall_at_0.5": 0.7512437810945274,
      "recall_at_tuned_threshold": 0.8656716417910447,
      "threshold_used": 0.4438050389289856
    },
    "cardiomegaly": {
      "auroc": 0.7321736423714204,
      "average_precision": 0.4008070952400087,
      "ece": 0.2280195263775399,
      "f1_at_0.5": 0.46105919003115264,
      "f1_at_tuned_threshold": 0.46592709984152136,
      "negative_count": 788,
      "positive_count": 212,
      "precision_at_0.5": 0.34418604651162793,
      "precision_at_tuned_threshold": 0.35083532219570407,
      "prevalence": 0.212,
      "recall_at_0.5": 0.6981132075471698,
      "recall_at_tuned_threshold": 0.6933962264150944,
      "threshold_used": 0.5162749886512756
    },
    "consolidation": {
      "auroc": 0.7850143765133172,
      "average_precision": 0.15693205532241108,
      "ece": 0.3728177330973425,
      "f1_at_0.5": 0.19729206963249518,
      "f1_at_tuned_threshold": 0.26086956521739135,
      "negative_count": 944,
      "positive_count": 56,
      "precision_at_0.5": 0.11062906724511931,
      "precision_at_tuned_threshold": 0.17880794701986755,
      "prevalence": 0.056,
      "recall_at_0.5": 0.9107142857142857,
      "recall_at_tuned_threshold": 0.48214285714285715,
      "threshold_used": 0.7254524827003479
    },
    "edema": {
      "auroc": 0.8589154411764706,
      "average_precision": 0.4487442405689675,
      "ece": 0.23727771128464845,
      "f1_at_0.5": 0.46569646569646567,
      "f1_at_tuned_threshold": 0.5089974293059125,
      "negative_count": 864,
      "positive_count": 136,
      "precision_at_0.5": 0.32463768115942027,
      "precision_at_tuned_threshold": 0.391304347826087,
      "prevalence": 0.136,
      "recall_at_0.5": 0.8235294117647058,
      "recall_at_tuned_threshold": 0.7279411764705882,
      "threshold_used": 0.6482368111610413
    },
    "pleural_effusion": {
      "auroc": 0.8861359627016129,
      "average_precision": 0.7056658502068522,
      "ece": 0.1712938839737421,
      "f1_at_0.5": 0.6686131386861314,
      "f1_at_tuned_threshold": 0.6886326194398682,
      "negative_count": 744,
      "positive_count": 256,
      "precision_at_0.5": 0.5337995337995338,
      "precision_at_tuned_threshold": 0.5954415954415955,
      "prevalence": 0.256,
      "recall_at_0.5": 0.89453125,
      "recall_at_tuned_threshold": 0.81640625,
      "threshold_used": 0.6161719560623169
    },
    "pneumonia": {
      "auroc": 0.6870342342342343,
      "average_precision": 0.18020225615953311,
      "ece": 0.3783497734671237,
      "f1_at_0.5": 0.2079002079002079,
      "f1_at_tuned_threshold": 0.22163588390501324,
      "negative_count": 925,
      "positive_count": 75,
      "precision_at_0.5": 0.12315270935960591,
      "precision_at_tuned_threshold": 0.13815789473684212,
      "prevalence": 0.075,
      "recall_at_0.5": 0.6666666666666666,
      "recall_at_tuned_threshold": 0.56,
      "threshold_used": 0.6180760264396667
    },
    "pneumothorax": {
      "auroc": 0.795655631772542,
      "average_precision": 0.25698748314594216,
      "ece": 0.2771309733612784,
      "f1_at_0.5": 0.19999999999999998,
      "f1_at_tuned_threshold": 0.3448275862068965,
      "negative_count": 958,
      "positive_count": 42,
      "precision_at_0.5": 0.11842105263157894,
      "precision_at_tuned_threshold": 0.3333333333333333,
      "prevalence": 0.042,
      "recall_at_0.5": 0.6428571428571429,
      "recall_at_tuned_threshold": 0.35714285714285715,
      "threshold_used": 0.7902933955192566
    }
  },
  "loss": 0.9802448587417603,
  "macro": {
    "auroc": 0.7851186574254675,
    "average_precision": 0.36381091324268405,
    "ece": 0.2750996533786172,
    "f1_at_0.5": 0.37953634648868195,
    "f1_at_tuned_thresholds": 0.4233880386961607
  },
  "num_examples": 1000,
  "split_alias": "target_val",
  "valid_label_counts": {
    "macro_auroc": 7,
    "macro_average_precision": 7
  }
}