{
  "count": 234,
  "max": 0.10000000149011612,
  "mean": 0.10000002384185791,
  "min": 0.10000000149011612,
  "std": 2.2351741790771484e-08
}
