{
  "count": 234,
  "max": 34.79625701904297,
  "mean": 29.826322555541992,
  "min": 23.61992835998535,
  "std": 2.786003828048706
}
