{
  "count": 14000,
  "max": 0.6207225918769836,
  "mean": 0.5706589221954346,
  "min": 0.5599830746650696,
  "std": 0.009495929814875126
}
