{
  "count": 234,
  "max": 3.539942979812622,
  "mean": 1.6896792650222778,
  "min": 0.24273186922073364,
  "std": 0.801433801651001
}
