{
  "count": 1638,
  "max": 0.613422155380249,
  "mean": 0.5735308527946472,
  "min": 0.5615518689155579,
  "std": 0.010123790241777897
}
