{
  "count": 2000,
  "max": 8.141700744628906,
  "mean": 4.5087761878967285,
  "min": 0.8280011415481567,
  "std": 1.3530110120773315
}
