{
  "diagnostic_macro_f1_at_tuned_thresholds": 0.2344373955531665,
  "macro_auroc": 0.7748419193397377,
  "macro_average_precision": 0.16314584406795038,
  "macro_ece": 0.22723456872628664,
  "macro_f1_at_0.5": 0.21156090681764153,
  "per_label": {
    "atelectasis": {
      "auroc": 0.7571507876394822,
      "average_precision": 0.2658336839634565,
      "ece": 0.2132058706227864,
      "f1_at_0.5": 0.32396808879639266,
      "f1_at_tuned_threshold": 0.34101123595505617,
      "positive_count": 1152,
      "threshold": 0.45834648609161377
    },
    "cardiomegaly": {
      "auroc": 0.8151400977400781,
      "average_precision": 0.15530162406900067,
      "ece": 0.19712719386988886,
      "f1_at_0.5": 0.23173277661795405,
      "f1_at_tuned_threshold": 0.2530949105914718,
      "positive_count": 303,
      "threshold": 0.5454207062721252
    },
    "consolidation": {
      "auroc": 0.7541405190176191,
      "average_precision": 0.10557209788271067,
      "ece": 0.24707905251367762,
      "f1_at_0.5": 0.16393442622950818,
      "f1_at_tuned_threshold": 0.17901687454145265,
      "positive_count": 454,
      "threshold": 0.5650172233581543
    },
    "edema": {
      "auroc": 0.8704753247371141,
      "average_precision": 0.11922170671083882,
      "ece": 0.17408310530890866,
      "f1_at_0.5": 0.1766138855054811,
      "f1_at_tuned_threshold": 0.211864406779661,
      "positive_count": 253,
      "threshold": 0.6459696292877197
    },
    "emphysema": {
      "auroc": 0.8229305467891624,
      "average_precision": 0.1232341000065324,
      "ece": 0.24086053123526135,
      "f1_at_0.5": 0.13760855043420175,
      "f1_at_tuned_threshold": 0.2048997772828508,
      "positive_count": 194,
      "threshold": 0.6833286881446838
    },
    "fibrosis": {
      "auroc": 0.7879426402950725,
      "average_precision": 0.09453978712328899,
      "ece": 0.24556426299009207,
      "f1_at_0.5": 0.11917098445595856,
      "f1_at_tuned_threshold": 0.1509433962264151,
      "positive_count": 158,
      "threshold": 0.5855208039283752
    },
    "hernia": {
      "auroc": 0.8233412666487888,
      "average_precision": 0.03131547547885506,
      "ece": 0.18119277484120283,
      "f1_at_0.5": 0.030201342281879193,
      "f1_at_tuned_threshold": 0.10869565217391304,
      "positive_count": 32,
      "threshold": 0.6177646517753601
    },
    "infiltration": {
      "auroc": 0.6952184787961726,
      "average_precision": 0.3447448133490469,
      "ece": 0.19432649572766475,
      "f1_at_0.5": 0.39558374442095373,
      "f1_at_tuned_threshold": 0.4065315315315315,
      "positive_count": 2014,
      "threshold": 0.42206451296806335
    },
    "mass": {
      "auroc": 0.7243180471562622,
      "average_precision": 0.1498118686258822,
      "ece": 0.2665837223736458,
      "f1_at_0.5": 0.21839080459770113,
      "f1_at_tuned_threshold": 0.2233115468409586,
      "positive_count": 584,
      "threshold": 0.4912276864051819
    },
    "nodule": {
      "auroc": 0.66596311634194,
      "average_precision": 0.12309779173059195,
      "ece": 0.2755365625896474,
      "f1_at_0.5": 0.17777777777777776,
      "f1_at_tuned_threshold": 0.18295618680789602,
      "positive_count": 660,
      "threshold": 0.4644869565963745
    },
    "pleural_effusion": {
      "auroc": 0.8334838325290526,
      "average_precision": 0.42126650208119015,
      "ece": 0.17414716878270511,
      "f1_at_0.5": 0.4595628415300546,
      "f1_at_tuned_threshold": 0.462882096069869,
      "positive_count": 1390,
      "threshold": 0.5216648578643799
    },
    "pleural_thickening": {
      "auroc": 0.7362904493665442,
      "average_precision": 0.07553773840659103,
      "ece": 0.27278063545666476,
      "f1_at_0.5": 0.14048338368580063,
      "f1_at_tuned_threshold": 0.14591700133868807,
      "positive_count": 309,
      "threshold": 0.48559117317199707
    },
    "pneumonia": {
      "auroc": 0.7161557979486075,
      "average_precision": 0.04343985262369983,
      "ece": 0.2663905700845179,
      "f1_at_0.5": 0.09228039041703637,
      "f1_at_tuned_threshold": 0.09601634320735443,
      "positive_count": 146,
      "threshold": 0.5162842869758606
    },
    "pneumothorax": {
      "auroc": 0.8452359657504315,
      "average_precision": 0.2311247748996198,
      "ece": 0.23240601577134964,
      "f1_at_0.5": 0.294543698696282,
      "f1_at_tuned_threshold": 0.31498257839721255,
      "positive_count": 504,
      "threshold": 0.6026607751846313
    }
  },
  "thresholds": {
    "atelectasis": {
      "best_f1": 0.34101123595505617,
      "prevalence": 0.10268294856939121,
      "threshold": 0.45834648609161377
    },
    "cardiomegaly": {
      "best_f1": 0.2530949105914718,
      "prevalence": 0.027007754701845084,
      "threshold": 0.5454207062721252
    },
    "consolidation": {
      "best_f1": 0.17901687454145265,
      "prevalence": 0.04046706480078438,
      "threshold": 0.5650172233581543
    },
    "edema": {
      "best_f1": 0.211864406779661,
      "prevalence": 0.022551029503520812,
      "threshold": 0.6459696292877197
    },
    "emphysema": {
      "best_f1": 0.2048997772828508,
      "prevalence": 0.01729209376949817,
      "threshold": 0.6833286881446838
    },
    "fibrosis": {
      "best_f1": 0.1509433962264151,
      "prevalence": 0.014083251626704697,
      "threshold": 0.5855208039283752
    },
    "hernia": {
      "best_f1": 0.10869565217391304,
      "prevalence": 0.0028523041269275335,
      "threshold": 0.6177646517753601
    },
    "infiltration": {
      "best_f1": 0.4065315315315315,
      "prevalence": 0.17951689098850165,
      "threshold": 0.42206451296806335
    },
    "mass": {
      "best_f1": 0.2233115468409586,
      "prevalence": 0.052054550316427486,
      "threshold": 0.4912276864051819
    },
    "nodule": {
      "best_f1": 0.18295618680789602,
      "prevalence": 0.05882877261788038,
      "threshold": 0.4644869565963745
    },
    "pleural_effusion": {
      "best_f1": 0.462882096069869,
      "prevalence": 0.12389696051341474,
      "threshold": 0.5216648578643799
    },
    "pleural_thickening": {
      "best_f1": 0.14591700133868807,
      "prevalence": 0.027542561725643996,
      "threshold": 0.48559117317199707
    },
    "pneumonia": {
      "best_f1": 0.09601634320735443,
      "prevalence": 0.013013637579106872,
      "threshold": 0.5162842869758606
    },
    "pneumothorax": {
      "best_f1": 0.31498257839721255,
      "prevalence": 0.044923789999108656,
      "threshold": 0.6026607751846313
    }
  }
}