{
  "brier_score": 0.042493079522890706,
  "label_metrics": {
    "0": {
      "auprc": 0.3065646253923648,
      "auroc": 0.797664274658787,
      "brier": 0.0853399783372879,
      "ece": 0.036802659794688226
    },
    "1": {
      "auprc": 0.2549128830209546,
      "auroc": 0.8679439098370982,
      "brier": 0.02247650735080242,
      "ece": 0.004871360532939434
    },
    "2": {
      "auprc": 0.19096985746403794,
      "auroc": 0.8085547868351461,
      "brier": 0.04075029864907265,
      "ece": 0.0055217063166201116
    },
    "3": {
      "auprc": 0.18588476088957678,
      "auroc": 0.9023303347553803,
      "brier": 0.019152890890836716,
      "ece": 0.001779569361358881
    },
    "4": {
      "auprc": 0.5177973472832106,
      "auroc": 0.8659899876211452,
      "brier": 0.07743478566408157,
      "ece": 0.01765345452725887
    },
    "5": {
      "auprc": 0.06409759437796918,
      "auroc": 0.8137677484787018,
      "brier": 0.013449638150632381,
      "ece": 0.0012720160037279129
    },
    "6": {
      "auprc": 0.2859157938842554,
      "auroc": 0.8570518350615446,
      "brier": 0.038847457617521286,
      "ece": 0.008855683903209866
    }
  },
  "macro_auprc": 0.25802040890176703,
  "macro_auroc": 0.8447575538925433,
  "macro_ece": 0.010965207205686186,
  "micro_auprc": 0.34260962828118574,
  "micro_auroc": 0.872647281618204,
  "num_examples": 2000,
  "prediction_artifact": "/workspace/paper_v1/outputs/nih_to_chexpert_seed_sweep/20260420T103712Z__nih_to_chexpert_seed_sweep/seed_2027/20260420T103729Z__tiny_logit_correction/metrics/d0_nih_test_predictions.npz",
  "valid_label_counts": {
    "brier_score": 7,
    "macro_auprc": 7,
    "macro_auroc": 7,
    "macro_ece": 7
  }
}
