{
  "brier_score": 0.13292226514645986,
  "label_metrics": {
    "0": {
      "auprc": 0.7572585990480016,
      "auroc": 0.861525974025974,
      "brier": 0.21076658368110657,
      "ece": 0.1943889153468558
    },
    "1": {
      "auprc": 0.5843992197882153,
      "auroc": 0.739280652019844,
      "brier": 0.23693476617336273,
      "ece": 0.22798685130909976
    },
    "2": {
      "auprc": 0.5302025196142166,
      "auroc": 0.9050203527815468,
      "brier": 0.10726774483919144,
      "ece": 0.07246487689578635
    },
    "3": {
      "auprc": 0.6483292931371574,
      "auroc": 0.861845972957084,
      "brier": 0.1836058795452118,
      "ece": 0.18122184183448553
    },
    "4": {
      "auprc": 0.8217774854934011,
      "auroc": 0.9043703637501117,
      "brier": 0.1250128149986267,
      "ece": 0.08798912111828978
    },
    "5": {
      "auprc": 0.3311395929339478,
      "auroc": 0.8987831858407079,
      "brier": 0.03311822935938835,
      "ece": 0.026528775226324797
    },
    "6": {
      "auprc": 0.12121960206337509,
      "auroc": 0.7793141592920354,
      "brier": 0.033749837428331375,
      "ece": 0.030028616914000265
    }
  },
  "macro_auprc": 0.5420466160111879,
  "macro_auroc": 0.8500200943810433,
  "macro_ece": 0.11722985694926318,
  "micro_auprc": 0.5656463515653563,
  "micro_auroc": 0.7981936439058006,
  "num_examples": 234,
  "prediction_artifact": "/workspace/paper_v1/outputs/nih_to_chexpert_seed_sweep/20260420T103712Z__nih_to_chexpert_seed_sweep/seed_2027/20260420T103729Z__tiny_logit_correction/metrics/d1_chexpert_test_predictions.npz",
  "valid_label_counts": {
    "brier_score": 7,
    "macro_auprc": 7,
    "macro_auroc": 7,
    "macro_ece": 7
  }
}
