{
  "label_metrics": {
    "atelectasis": {
      "auroc": 0.7433143028846154,
      "average_precision": 0.2873623198188667,
      "ece": 0.37877713936379637,
      "f1_at_0.5": 0.27257799671592775,
      "f1_at_tuned_threshold": 0.3769230769230769,
      "negative_count": 896,
      "positive_count": 104,
      "precision_at_0.5": 0.16435643564356436,
      "precision_at_tuned_threshold": 0.3141025641025641,
      "prevalence": 0.104,
      "recall_at_0.5": 0.7980769230769231,
      "recall_at_tuned_threshold": 0.47115384615384615,
      "threshold_used": 0.7154784798622131
    },
    "cardiomegaly": {
      "auroc": 0.7405154639175258,
      "average_precision": 0.07840863284317781,
      "ece": 0.3268267461636677,
      "f1_at_0.5": 0.12549019607843137,
      "f1_at_tuned_threshold": 0.11320754716981132,
      "negative_count": 970,
      "positive_count": 30,
      "precision_at_0.5": 0.07111111111111111,
      "precision_at_tuned_threshold": 0.13043478260869565,
      "prevalence": 0.03,
      "recall_at_0.5": 0.5333333333333333,
      "recall_at_tuned_threshold": 0.1,
      "threshold_used": 0.8119210600852966
    },
    "consolidation": {
      "auroc": 0.7433916689454015,
      "average_precision": 0.10090921196444323,
      "ece": 0.3556248917508645,
      "f1_at_0.5": 0.18181818181818182,
      "f1_at_tuned_threshold": 0.18627450980392157,
      "negative_count": 954,
      "positive_count": 46,
      "precision_at_0.5": 0.10249307479224377,
      "precision_at_tuned_threshold": 0.10497237569060773,
      "prevalence": 0.046,
      "recall_at_0.5": 0.8043478260869565,
      "recall_at_tuned_threshold": 0.8260869565217391,
      "threshold_used": 0.4975399076938629
    },
    "edema": {
      "auroc": 0.8478769230769231,
      "average_precision": 0.1090202044086438,
      "ece": 0.26286307700039435,
      "f1_at_0.5": 0.13877551020408163,
      "f1_at_tuned_threshold": 0.16,
      "negative_count": 975,
      "positive_count": 25,
      "precision_at_0.5": 0.07727272727272727,
      "precision_at_tuned_threshold": 0.16,
      "prevalence": 0.025,
      "recall_at_0.5": 0.68,
      "recall_at_tuned_threshold": 0.16,
      "threshold_used": 0.8647286891937256
    },
    "pleural_effusion": {
      "auroc": 0.7919981112200792,
      "average_precision": 0.3427459349142468,
      "ece": 0.31838503978544885,
      "f1_at_0.5": 0.3807829181494662,
      "f1_at_tuned_threshold": 0.4222222222222222,
      "negative_count": 874,
      "positive_count": 126,
      "precision_at_0.5": 0.24541284403669725,
      "precision_at_tuned_threshold": 0.3247863247863248,
      "prevalence": 0.126,
      "recall_at_0.5": 0.8492063492063492,
      "recall_at_tuned_threshold": 0.6031746031746031,
      "threshold_used": 0.6887073516845703
    },
    "pneumonia": {
      "auroc": 0.6259779773978557,
      "average_precision": 0.02875935580193194,
      "ece": 0.30901151929586185,
      "f1_at_0.5": 0.04444444444444444,
      "f1_at_tuned_threshold": 0.043478260869565216,
      "negative_count": 986,
      "positive_count": 14,
      "precision_at_0.5": 0.023696682464454975,
      "precision_at_tuned_threshold": 0.03125,
      "prevalence": 0.014,
      "recall_at_0.5": 0.35714285714285715,
      "recall_at_tuned_threshold": 0.07142857142857142,
      "threshold_used": 0.706365168094635
    },
    "pneumothorax": {
      "auroc": 0.8063427158615443,
      "average_precision": 0.1632976141572889,
      "ece": 0.24807840596781222,
      "f1_at_0.5": 0.24880382775119614,
      "f1_at_tuned_threshold": 0.25609756097560976,
      "negative_count": 956,
      "positive_count": 44,
      "precision_at_0.5": 0.15757575757575756,
      "precision_at_tuned_threshold": 0.175,
      "prevalence": 0.044,
      "recall_at_0.5": 0.5909090909090909,
      "recall_at_tuned_threshold": 0.4772727272727273,
      "threshold_used": 0.5752126574516296
    }
  },
  "loss": 1.1656475458145141,
  "macro": {
    "auroc": 0.7570595947577063,
    "average_precision": 0.15864332484408558,
    "ece": 0.31422383133254933,
    "f1_at_0.5": 0.19895615359453278,
    "f1_at_tuned_thresholds": 0.2226004539948867
  },
  "num_examples": 1000,
  "split_alias": "d0_val",
  "valid_label_counts": {
    "macro_auroc": 7,
    "macro_average_precision": 7
  }
}