{
  "label_metrics": {
    "atelectasis": {
      "auroc": 0.7568993506493507,
      "average_precision": 0.5941843901928062,
      "ece": 0.11874662021637444,
      "f1_at_0.5": 0.6033519553072625,
      "f1_at_tuned_threshold": 0.15217391304347824,
      "negative_count": 154,
      "positive_count": 80,
      "precision_at_0.5": 0.5454545454545454,
      "precision_at_tuned_threshold": 0.5833333333333334,
      "prevalence": 0.3418803418803419,
      "recall_at_0.5": 0.675,
      "recall_at_tuned_threshold": 0.0875,
      "threshold_used": 0.7154784798622131
    },
    "cardiomegaly": {
      "auroc": 0.5917788802267895,
      "average_precision": 0.360901714935448,
      "ece": 0.13357682235534737,
      "f1_at_0.5": 0.3149606299212598,
      "f1_at_tuned_threshold": 0.0547945205479452,
      "negative_count": 166,
      "positive_count": 68,
      "precision_at_0.5": 0.3389830508474576,
      "precision_at_tuned_threshold": 0.4,
      "prevalence": 0.2905982905982906,
      "recall_at_0.5": 0.29411764705882354,
      "recall_at_tuned_threshold": 0.029411764705882353,
      "threshold_used": 0.8119210600852966
    },
    "consolidation": {
      "auroc": 0.7780793004673602,
      "average_precision": 0.3553034354188801,
      "ece": 0.24267547546008855,
      "f1_at_0.5": 0.41071428571428575,
      "f1_at_tuned_threshold": 0.41071428571428575,
      "negative_count": 201,
      "positive_count": 33,
      "precision_at_0.5": 0.2911392405063291,
      "precision_at_tuned_threshold": 0.2911392405063291,
      "prevalence": 0.14102564102564102,
      "recall_at_0.5": 0.696969696969697,
      "recall_at_tuned_threshold": 0.696969696969697,
      "threshold_used": 0.4975399076938629
    },
    "edema": {
      "auroc": 0.7255731922398589,
      "average_precision": 0.3785832273529258,
      "ece": 0.07562830013746322,
      "f1_at_0.5": 0.20689655172413796,
      "f1_at_tuned_threshold": 0.0,
      "negative_count": 189,
      "positive_count": 45,
      "precision_at_0.5": 0.46153846153846156,
      "precision_at_tuned_threshold": 0.0,
      "prevalence": 0.19230769230769232,
      "recall_at_0.5": 0.13333333333333333,
      "recall_at_tuned_threshold": 0.0,
      "threshold_used": 0.8647286891937256
    },
    "pleural_effusion": {
      "auroc": 0.7664670658682635,
      "average_precision": 0.5393450309989035,
      "ece": 0.21199051437731217,
      "f1_at_0.5": 0.5729166666666666,
      "f1_at_tuned_threshold": 0.39316239316239315,
      "negative_count": 167,
      "positive_count": 67,
      "precision_at_0.5": 0.44,
      "precision_at_tuned_threshold": 0.46,
      "prevalence": 0.2863247863247863,
      "recall_at_0.5": 0.8208955223880597,
      "recall_at_tuned_threshold": 0.34328358208955223,
      "threshold_used": 0.6887073516845703
    },
    "pneumonia": {
      "auroc": 0.6255530973451328,
      "average_precision": 0.06006135103093088,
      "ece": 0.28585340201689813,
      "f1_at_0.5": 0.0851063829787234,
      "f1_at_tuned_threshold": 0.0,
      "negative_count": 226,
      "positive_count": 8,
      "precision_at_0.5": 0.05128205128205128,
      "precision_at_tuned_threshold": 0.0,
      "prevalence": 0.03418803418803419,
      "recall_at_0.5": 0.25,
      "recall_at_tuned_threshold": 0.0,
      "threshold_used": 0.706365168094635
    },
    "pneumothorax": {
      "auroc": 0.6814159292035398,
      "average_precision": 0.05986534323611652,
      "ece": 0.3857971418050001,
      "f1_at_0.5": 0.08247422680412371,
      "f1_at_tuned_threshold": 0.0606060606060606,
      "negative_count": 226,
      "positive_count": 8,
      "precision_at_0.5": 0.0449438202247191,
      "precision_at_tuned_threshold": 0.034482758620689655,
      "prevalence": 0.03418803418803419,
      "recall_at_0.5": 0.5,
      "recall_at_tuned_threshold": 0.25,
      "threshold_used": 0.5752126574516296
    }
  },
  "loss": 5.184527397155762,
  "macro": {
    "auroc": 0.703680973714328,
    "average_precision": 0.33546349902371586,
    "ece": 0.20775261090978342,
    "f1_at_0.5": 0.32520295701663715,
    "f1_at_tuned_thresholds": 0.153064453296309
  },
  "num_examples": 234,
  "split_alias": "d1_transfer",
  "valid_label_counts": {
    "macro_auroc": 7,
    "macro_average_precision": 7
  }
}