{
  "brier_score": 0.06777675077319145,
  "label_metrics": {
    "0": {
      "auprc": 0.2917175004890293,
      "auroc": 0.7876957712331287,
      "brier": 0.10009071230888367,
      "ece": 0.11569280538056047
    },
    "1": {
      "auprc": 0.22326971137792662,
      "auroc": 0.8540667306257328,
      "brier": 0.028050696477293968,
      "ece": 0.04414280179981142
    },
    "2": {
      "auprc": 0.17803747932332262,
      "auroc": 0.7927161391816229,
      "brier": 0.043581511825323105,
      "ece": 0.029469008724205194
    },
    "3": {
      "auprc": 0.20376900996702885,
      "auroc": 0.8943684567028317,
      "brier": 0.12077551335096359,
      "ece": 0.20240532207256182
    },
    "4": {
      "auprc": 0.48885040621258546,
      "auroc": 0.8630580285545251,
      "brier": 0.1046411395072937,
      "ece": 0.09487123527005314
    },
    "5": {
      "auprc": 0.05285030177851107,
      "auroc": 0.7736706751666184,
      "brier": 0.027873585000634193,
      "ece": 0.07837729071965441
    },
    "6": {
      "auprc": 0.25113543781056835,
      "auroc": 0.8472746136193198,
      "brier": 0.04942409694194794,
      "ece": 0.04717836532182992
    }
  },
  "macro_auprc": 0.24137569242271031,
  "macro_auroc": 0.8304072021548256,
  "macro_ece": 0.08744811846981092,
  "micro_auprc": 0.25937862600457434,
  "micro_auroc": 0.8366961417403544,
  "num_examples": 2000,
  "prediction_artifact": "/workspace/paper_v1/outputs/nih_to_chexpert/20260420T091540Z__nih_to_chexpert/20260420T091547Z__l2_anchor/metrics/d0_nih_test_predictions.npz",
  "valid_label_counts": {
    "brier_score": 7,
    "macro_auprc": 7,
    "macro_auroc": 7,
    "macro_ece": 7
  }
}
