{
  "brier_score": 0.10603700578212738,
  "label_metrics": {
    "0": {
      "auprc": 0.7142055428709673,
      "auroc": 0.8330357142857143,
      "brier": 0.17119666934013367,
      "ece": 0.1092559417598268
    },
    "1": {
      "auprc": 0.645755058582739,
      "auroc": 0.8090007087172219,
      "brier": 0.1742601990699768,
      "ece": 0.12218116223812103
    },
    "2": {
      "auprc": 0.5451833820407621,
      "auroc": 0.90667872757425,
      "brier": 0.0913185253739357,
      "ece": 0.06290711653538239
    },
    "3": {
      "auprc": 0.6492581152712185,
      "auroc": 0.8566725455614344,
      "brier": 0.11819978058338165,
      "ece": 0.11154891671533256
    },
    "4": {
      "auprc": 0.8557264368626133,
      "auroc": 0.9300205559031192,
      "brier": 0.10831156373023987,
      "ece": 0.10886915331372084
    },
    "5": {
      "auprc": 0.16003709228081203,
      "auroc": 0.8263274336283186,
      "brier": 0.03250708803534508,
      "ece": 0.04029000051017119
    },
    "6": {
      "auprc": 0.10582948836404865,
      "auroc": 0.7616150442477876,
      "brier": 0.04646521434187889,
      "ece": 0.08818025546721542
    }
  },
  "macro_auprc": 0.5251421594675943,
  "macro_auroc": 0.8461929614168351,
  "macro_ece": 0.09189036379139574,
  "micro_auprc": 0.6255137591123138,
  "micro_auroc": 0.8638025037683149,
  "num_examples": 234,
  "prediction_artifact": "/workspace/paper_v1/outputs/nih_to_chexpert/20260420T091540Z__nih_to_chexpert/20260420T091547Z__l2_anchor/metrics/d1_chexpert_test_predictions.npz",
  "valid_label_counts": {
    "brier_score": 7,
    "macro_auprc": 7,
    "macro_auroc": 7,
    "macro_ece": 7
  }
}
