{
  "brier_score": 0.05128564352967909,
  "label_metrics": {
    "0": {
      "auprc": 0.26707526717387897,
      "auroc": 0.7784010347328203,
      "brier": 0.08432789891958237,
      "ece": 0.016957381814718245
    },
    "1": {
      "auprc": 0.18391523625512554,
      "auroc": 0.8372629395974456,
      "brier": 0.023700416088104248,
      "ece": 0.007575667046010494
    },
    "2": {
      "auprc": 0.1529083219746234,
      "auroc": 0.7793302546926716,
      "brier": 0.04232249781489372,
      "ece": 0.02169754851609469
    },
    "3": {
      "auprc": 0.16422624737045483,
      "auroc": 0.8804886454112251,
      "brier": 0.059580154716968536,
      "ece": 0.10499721934460103
    },
    "4": {
      "auprc": 0.4879809108988772,
      "auroc": 0.8620125974448714,
      "brier": 0.0920015275478363,
      "ece": 0.0632177734617144
    },
    "5": {
      "auprc": 0.04128387571326395,
      "auroc": 0.7564655172413792,
      "brier": 0.014171882532536983,
      "ece": 0.005591195421293377
    },
    "6": {
      "auprc": 0.25818105726212426,
      "auroc": 0.8351179299806597,
      "brier": 0.0428951270878315,
      "ece": 0.031422479304485024
    }
  },
  "macro_auprc": 0.22222441666404968,
  "macro_auroc": 0.8184398455858676,
  "macro_ece": 0.03592275212984532,
  "micro_auprc": 0.27486035224262856,
  "micro_auroc": 0.8374369935924841,
  "num_examples": 2000,
  "prediction_artifact": "/workspace/paper_v1/outputs/nih_to_chexpert_seed_sweep/20260420T122137Z__nih_to_chexpert_seed_sweep/seed_1337/ablations/20260420T122209Z__original_gate/metrics/d0_nih_test_predictions.npz",
  "valid_label_counts": {
    "brier_score": 7,
    "macro_auprc": 7,
    "macro_auroc": 7,
    "macro_ece": 7
  }
}
