{
  "brier_score": 0.10485565955085414,
  "label_metrics": {
    "0": {
      "auprc": 0.7148140006001524,
      "auroc": 0.8425324675324675,
      "brier": 0.16725723445415497,
      "ece": 0.1136703851322333
    },
    "1": {
      "auprc": 0.630010935867839,
      "auroc": 0.8002303330970942,
      "brier": 0.18646828830242157,
      "ece": 0.1463474405881686
    },
    "2": {
      "auprc": 0.5277279102909762,
      "auroc": 0.894316297301372,
      "brier": 0.09326887875795364,
      "ece": 0.07087617190793538
    },
    "3": {
      "auprc": 0.6593848688431488,
      "auroc": 0.8634920634920634,
      "brier": 0.10690925270318985,
      "ece": 0.07087465038156916
    },
    "4": {
      "auprc": 0.8608391550490763,
      "auroc": 0.9325230136741443,
      "brier": 0.10470400750637054,
      "ece": 0.10066702697648962
    },
    "5": {
      "auprc": 0.22102916984249343,
      "auroc": 0.8512168141592921,
      "brier": 0.031095387414097786,
      "ece": 0.023660738212175857
    },
    "6": {
      "auprc": 0.11509126938261287,
      "auroc": 0.7643805309734513,
      "brier": 0.044286567717790604,
      "ece": 0.07245407715185075
    }
  },
  "macro_auprc": 0.5326996156966141,
  "macro_auroc": 0.8498130743185549,
  "macro_ece": 0.08550721290720323,
  "micro_auprc": 0.6308689434991027,
  "micro_auroc": 0.8653658370285954,
  "num_examples": 234,
  "prediction_artifact": "/workspace/paper_v1/outputs/nih_to_chexpert_seed_sweep/20260420T122137Z__nih_to_chexpert_seed_sweep/seed_1337/ablations/20260420T122209Z__original_gate/metrics/d1_chexpert_test_predictions.npz",
  "valid_label_counts": {
    "brier_score": 7,
    "macro_auprc": 7,
    "macro_auroc": 7,
    "macro_ece": 7
  }
}
