{
  "diagnostic_macro_f1_at_tuned_thresholds": 0.20327600297565637,
  "macro_auroc": 0.7351037573361403,
  "macro_average_precision": 0.1387919254727193,
  "macro_ece": 0.006274512514855926,
  "macro_f1_at_0.5": 0.0021532870096860686,
  "per_label": {
    "atelectasis": {
      "auroc": 0.7279904759638202,
      "average_precision": 0.23149899880929103,
      "ece": 0.015928664228316333,
      "f1_at_0.5": 0.0,
      "f1_at_tuned_threshold": 0.3057887759611136,
      "positive_count": 1152,
      "threshold": 0.11794231832027435
    },
    "cardiomegaly": {
      "auroc": 0.7497058243750355,
      "average_precision": 0.09597279766040447,
      "ece": 0.009323175078812775,
      "f1_at_0.5": 0.0,
      "f1_at_tuned_threshold": 0.17453798767967146,
      "positive_count": 303,
      "threshold": 0.04048715531826019
    },
    "consolidation": {
      "auroc": 0.7437672257335836,
      "average_precision": 0.09142352395529808,
      "ece": 0.005398024257352132,
      "f1_at_0.5": 0.0,
      "f1_at_tuned_threshold": 0.1609798775153106,
      "positive_count": 454,
      "threshold": 0.06668432056903839
    },
    "edema": {
      "auroc": 0.8606587807517162,
      "average_precision": 0.11582093384400105,
      "ece": 0.001867277703324917,
      "f1_at_0.5": 0.0,
      "f1_at_tuned_threshold": 0.20553359683794467,
      "positive_count": 253,
      "threshold": 0.09616317600011826
    },
    "emphysema": {
      "auroc": 0.786596535521425,
      "average_precision": 0.09966743188094385,
      "ece": 0.007313626272507077,
      "f1_at_0.5": 0.0,
      "f1_at_tuned_threshold": 0.19027484143763213,
      "positive_count": 194,
      "threshold": 0.11830659955739975
    },
    "fibrosis": {
      "auroc": 0.6986472599016501,
      "average_precision": 0.04698668563240977,
      "ece": 0.0007465739727684532,
      "f1_at_0.5": 0.0,
      "f1_at_tuned_threshold": 0.10091743119266054,
      "positive_count": 158,
      "threshold": 0.05660344660282135
    },
    "hernia": {
      "auroc": 0.7530168946098149,
      "average_precision": 0.00986140356181835,
      "ece": 0.0011605351039550007,
      "f1_at_0.5": 0.0,
      "f1_at_tuned_threshold": 0.03314917127071823,
      "positive_count": 32,
      "threshold": 0.008651918731629848
    },
    "infiltration": {
      "auroc": 0.6877088247557699,
      "average_precision": 0.33959970731026895,
      "ece": 0.008115111243128194,
      "f1_at_0.5": 0.008884501480750248,
      "f1_at_tuned_threshold": 0.39615384615384613,
      "positive_count": 2014,
      "threshold": 0.16724973917007446
    },
    "mass": {
      "auroc": 0.690736357722949,
      "average_precision": 0.1356639530685573,
      "ece": 0.006142941062149459,
      "f1_at_0.5": 0.0,
      "f1_at_tuned_threshold": 0.22326203208556147,
      "positive_count": 584,
      "threshold": 0.09472639858722687
    },
    "nodule": {
      "auroc": 0.610778683702256,
      "average_precision": 0.10443174836995799,
      "ece": 0.00543447488100227,
      "f1_at_0.5": 0.0,
      "f1_at_tuned_threshold": 0.1518005540166205,
      "positive_count": 660,
      "threshold": 0.08254111558198929
    },
    "pleural_effusion": {
      "auroc": 0.7981416027011538,
      "average_precision": 0.3759261926094167,
      "ece": 0.016488863524778043,
      "f1_at_0.5": 0.021261516654854713,
      "f1_at_tuned_threshold": 0.4211458948611931,
      "positive_count": 1390,
      "threshold": 0.2067147046327591
    },
    "pleural_thickening": {
      "auroc": 0.6848412578347705,
      "average_precision": 0.05688950603297671,
      "ece": 0.0015957858474887478,
      "f1_at_0.5": 0.0,
      "f1_at_tuned_threshold": 0.11741160773849234,
      "positive_count": 309,
      "threshold": 0.05069923773407936
    },
    "pneumonia": {
      "auroc": 0.6852438796579116,
      "average_precision": 0.046343134500646185,
      "ece": 0.0003106296298245791,
      "f1_at_0.5": 0.0,
      "f1_at_tuned_threshold": 0.10439560439560439,
      "positive_count": 146,
      "threshold": 0.04721609503030777
    },
    "pneumothorax": {
      "auroc": 0.8136189994741091,
      "average_precision": 0.19300093938207927,
      "ece": 0.008017492402574971,
      "f1_at_0.5": 0.0,
      "f1_at_tuned_threshold": 0.2605128205128205,
      "positive_count": 504,
      "threshold": 0.08957069367170334
    }
  },
  "thresholds": {
    "atelectasis": {
      "best_f1": 0.3057887759611136,
      "prevalence": 0.10268294856939121,
      "threshold": 0.11794231832027435
    },
    "cardiomegaly": {
      "best_f1": 0.17453798767967146,
      "prevalence": 0.027007754701845084,
      "threshold": 0.04048715531826019
    },
    "consolidation": {
      "best_f1": 0.1609798775153106,
      "prevalence": 0.04046706480078438,
      "threshold": 0.06668432056903839
    },
    "edema": {
      "best_f1": 0.20553359683794467,
      "prevalence": 0.022551029503520812,
      "threshold": 0.09616317600011826
    },
    "emphysema": {
      "best_f1": 0.19027484143763213,
      "prevalence": 0.01729209376949817,
      "threshold": 0.11830659955739975
    },
    "fibrosis": {
      "best_f1": 0.10091743119266054,
      "prevalence": 0.014083251626704697,
      "threshold": 0.05660344660282135
    },
    "hernia": {
      "best_f1": 0.03314917127071823,
      "prevalence": 0.0028523041269275335,
      "threshold": 0.008651918731629848
    },
    "infiltration": {
      "best_f1": 0.39615384615384613,
      "prevalence": 0.17951689098850165,
      "threshold": 0.16724973917007446
    },
    "mass": {
      "best_f1": 0.22326203208556147,
      "prevalence": 0.052054550316427486,
      "threshold": 0.09472639858722687
    },
    "nodule": {
      "best_f1": 0.1518005540166205,
      "prevalence": 0.05882877261788038,
      "threshold": 0.08254111558198929
    },
    "pleural_effusion": {
      "best_f1": 0.4211458948611931,
      "prevalence": 0.12389696051341474,
      "threshold": 0.2067147046327591
    },
    "pleural_thickening": {
      "best_f1": 0.11741160773849234,
      "prevalence": 0.027542561725643996,
      "threshold": 0.05069923773407936
    },
    "pneumonia": {
      "best_f1": 0.10439560439560439,
      "prevalence": 0.013013637579106872,
      "threshold": 0.04721609503030777
    },
    "pneumothorax": {
      "best_f1": 0.2605128205128205,
      "prevalence": 0.044923789999108656,
      "threshold": 0.08957069367170334
    }
  }
}