{
  "brier_score": 0.04856867329882724,
  "label_metrics": {
    "0": {
      "auprc": 0.2924582107127115,
      "auroc": 0.7917681375891592,
      "brier": 0.08768866956233978,
      "ece": 0.04725538924336434
    },
    "1": {
      "auprc": 0.21954362838990996,
      "auroc": 0.8508397050130341,
      "brier": 0.023373734205961227,
      "ece": 0.007546367788687349
    },
    "2": {
      "auprc": 0.1772857229889116,
      "auroc": 0.7965277895247278,
      "brier": 0.04123080149292946,
      "ece": 0.008616650141775609
    },
    "3": {
      "auprc": 0.19922887637203693,
      "auroc": 0.8863709284500481,
      "brier": 0.046030983328819275,
      "ece": 0.08868086564075202
    },
    "4": {
      "auprc": 0.5006993692135256,
      "auroc": 0.863259986837072,
      "brier": 0.08638439327478409,
      "ece": 0.0516930350586772
    },
    "5": {
      "auprc": 0.05013762020612195,
      "auroc": 0.7847000869313243,
      "brier": 0.013737133704125881,
      "ece": 0.0067419213261455295
    },
    "6": {
      "auprc": 0.2806567031230559,
      "auroc": 0.856482342924483,
      "brier": 0.04153499752283096,
      "ece": 0.01888670594803989
    }
  },
  "macro_auprc": 0.24571573300089616,
  "macro_auroc": 0.8328498538956925,
  "macro_ece": 0.03277441930677742,
  "micro_auprc": 0.30883956103095234,
  "micro_auroc": 0.8538927347318368,
  "num_examples": 2000,
  "prediction_artifact": "/workspace/paper_v1/outputs/nih_to_chexpert_seed_sweep/20260420T122137Z__nih_to_chexpert_seed_sweep/seed_1337/ablations/20260420T122218Z__gate_cap_0p2/metrics/d0_nih_test_predictions.npz",
  "valid_label_counts": {
    "brier_score": 7,
    "macro_auprc": 7,
    "macro_auroc": 7,
    "macro_ece": 7
  }
}
