{
  "brier_score": 0.10575835539826325,
  "label_metrics": {
    "0": {
      "auprc": 0.7366942890549044,
      "auroc": 0.858198051948052,
      "brier": 0.16488687694072723,
      "ece": 0.1251490705797815
    },
    "1": {
      "auprc": 0.6413536651035412,
      "auroc": 0.7993444365698086,
      "brier": 0.18470753729343414,
      "ece": 0.1447469464734069
    },
    "2": {
      "auprc": 0.5284941488044308,
      "auroc": 0.9006482737826021,
      "brier": 0.09283585846424103,
      "ece": 0.072220344749144
    },
    "3": {
      "auprc": 0.6212144513506447,
      "auroc": 0.8438565549676661,
      "brier": 0.11212380230426788,
      "ece": 0.05162569062991274
    },
    "4": {
      "auprc": 0.8429691112897671,
      "auroc": 0.9233175440164448,
      "brier": 0.11050700396299362,
      "ece": 0.08957990379924448
    },
    "5": {
      "auprc": 0.2863335794370277,
      "auroc": 0.8954646017699115,
      "brier": 0.030536076053977013,
      "ece": 0.01650446644610065
    },
    "6": {
      "auprc": 0.11833285543535171,
      "auroc": 0.7676991150442478,
      "brier": 0.04471133276820183,
      "ece": 0.07795776082919194
    }
  },
  "macro_auprc": 0.539341728639381,
  "macro_auroc": 0.8555040825855335,
  "macro_ece": 0.08254059764382604,
  "micro_auprc": 0.625470944200047,
  "micro_auroc": 0.8651685940471581,
  "num_examples": 234,
  "prediction_artifact": "/workspace/paper_v1/outputs/nih_to_chexpert_seed_sweep/20260420T122137Z__nih_to_chexpert_seed_sweep/seed_1337/ablations/20260420T122218Z__gate_cap_0p2/metrics/d1_chexpert_test_predictions.npz",
  "valid_label_counts": {
    "brier_score": 7,
    "macro_auprc": 7,
    "macro_auroc": 7,
    "macro_ece": 7
  }
}
