{
  "diagnostic_macro_f1_at_tuned_thresholds": 0.20328171341395226,
  "macro_auroc": 0.7388984574171197,
  "macro_average_precision": 0.13620564747154715,
  "macro_ece": 0.006553711775577111,
  "macro_f1_at_0.5": 0.0012901260551636492,
  "per_label": {
    "atelectasis": {
      "auroc": 0.725882205542311,
      "average_precision": 0.22789345778279912,
      "ece": 0.018905090678731293,
      "f1_at_0.5": 0.0,
      "f1_at_tuned_threshold": 0.30095951322256026,
      "positive_count": 1152,
      "threshold": 0.12106746435165405
    },
    "cardiomegaly": {
      "auroc": 0.7449294764580892,
      "average_precision": 0.0921713225704981,
      "ece": 0.008857414062860123,
      "f1_at_0.5": 0.0,
      "f1_at_tuned_threshold": 0.17841409691629959,
      "positive_count": 303,
      "threshold": 0.038306549191474915
    },
    "consolidation": {
      "auroc": 0.7447942733323648,
      "average_precision": 0.09422155829951948,
      "ece": 0.00471057539724168,
      "f1_at_0.5": 0.0,
      "f1_at_tuned_threshold": 0.16284680337756333,
      "positive_count": 454,
      "threshold": 0.06865943223237991
    },
    "edema": {
      "auroc": 0.8623532023884101,
      "average_precision": 0.11501422004304415,
      "ece": 0.00032223789789787607,
      "f1_at_0.5": 0.0,
      "f1_at_tuned_threshold": 0.19672131147540983,
      "positive_count": 253,
      "threshold": 0.10428325086832047
    },
    "emphysema": {
      "auroc": 0.7827276340089301,
      "average_precision": 0.09606520658436078,
      "ece": 0.006603066059193771,
      "f1_at_0.5": 0.0,
      "f1_at_tuned_threshold": 0.18524871355060035,
      "positive_count": 194,
      "threshold": 0.09460758417844772
    },
    "fibrosis": {
      "auroc": 0.7200916322487838,
      "average_precision": 0.051959474528119075,
      "ece": 0.00014350885299218522,
      "f1_at_0.5": 0.0,
      "f1_at_tuned_threshold": 0.09326424870466321,
      "positive_count": 158,
      "threshold": 0.054323725402355194
    },
    "hernia": {
      "auroc": 0.783264056494145,
      "average_precision": 0.01254307812535447,
      "ece": 0.0011003219514929088,
      "f1_at_0.5": 0.0,
      "f1_at_tuned_threshold": 0.05204460966542751,
      "positive_count": 32,
      "threshold": 0.006514301057904959
    },
    "infiltration": {
      "auroc": 0.6861649604317847,
      "average_precision": 0.338861595819797,
      "ece": 0.011865293264936266,
      "f1_at_0.5": 0.000992063492063492,
      "f1_at_tuned_threshold": 0.39722596802157584,
      "positive_count": 2014,
      "threshold": 0.1897924393415451
    },
    "mass": {
      "auroc": 0.6874591842649304,
      "average_precision": 0.12815439443655177,
      "ece": 0.006360128927520651,
      "f1_at_0.5": 0.0,
      "f1_at_tuned_threshold": 0.2179327521793275,
      "positive_count": 584,
      "threshold": 0.08269567787647247
    },
    "nodule": {
      "auroc": 0.6171698995830068,
      "average_precision": 0.10097086467784058,
      "ece": 0.003736011794431161,
      "f1_at_0.5": 0.0,
      "f1_at_tuned_threshold": 0.1484002722940776,
      "positive_count": 660,
      "threshold": 0.08908390998840332
    },
    "pleural_effusion": {
      "auroc": 0.7947641357867008,
      "average_precision": 0.3658070292900705,
      "ece": 0.019897006823483644,
      "f1_at_0.5": 0.017069701280227598,
      "f1_at_tuned_threshold": 0.4201983769161407,
      "positive_count": 1390,
      "threshold": 0.20318160951137543
    },
    "pleural_thickening": {
      "auroc": 0.6897297393501998,
      "average_precision": 0.0571537968838196,
      "ece": 0.0005622624892969576,
      "f1_at_0.5": 0.0,
      "f1_at_tuned_threshold": 0.11772315653298837,
      "positive_count": 309,
      "threshold": 0.04523168131709099
    },
    "pneumonia": {
      "auroc": 0.694980632885867,
      "average_precision": 0.04347912825532481,
      "ece": 0.0002621526747367903,
      "f1_at_0.5": 0.0,
      "f1_at_tuned_threshold": 0.11602209944751381,
      "positive_count": 146,
      "threshold": 0.04427258297801018
    },
    "pneumothorax": {
      "auroc": 0.8102673710641513,
      "average_precision": 0.18258393730456055,
      "ece": 0.008426893983264233,
      "f1_at_0.5": 0.0,
      "f1_at_tuned_threshold": 0.25894206549118387,
      "positive_count": 504,
      "threshold": 0.0819789245724678
    }
  },
  "thresholds": {
    "atelectasis": {
      "best_f1": 0.30095951322256026,
      "prevalence": 0.10268294856939121,
      "threshold": 0.12106746435165405
    },
    "cardiomegaly": {
      "best_f1": 0.17841409691629959,
      "prevalence": 0.027007754701845084,
      "threshold": 0.038306549191474915
    },
    "consolidation": {
      "best_f1": 0.16284680337756333,
      "prevalence": 0.04046706480078438,
      "threshold": 0.06865943223237991
    },
    "edema": {
      "best_f1": 0.19672131147540983,
      "prevalence": 0.022551029503520812,
      "threshold": 0.10428325086832047
    },
    "emphysema": {
      "best_f1": 0.18524871355060035,
      "prevalence": 0.01729209376949817,
      "threshold": 0.09460758417844772
    },
    "fibrosis": {
      "best_f1": 0.09326424870466321,
      "prevalence": 0.014083251626704697,
      "threshold": 0.054323725402355194
    },
    "hernia": {
      "best_f1": 0.05204460966542751,
      "prevalence": 0.0028523041269275335,
      "threshold": 0.006514301057904959
    },
    "infiltration": {
      "best_f1": 0.39722596802157584,
      "prevalence": 0.17951689098850165,
      "threshold": 0.1897924393415451
    },
    "mass": {
      "best_f1": 0.2179327521793275,
      "prevalence": 0.052054550316427486,
      "threshold": 0.08269567787647247
    },
    "nodule": {
      "best_f1": 0.1484002722940776,
      "prevalence": 0.05882877261788038,
      "threshold": 0.08908390998840332
    },
    "pleural_effusion": {
      "best_f1": 0.4201983769161407,
      "prevalence": 0.12389696051341474,
      "threshold": 0.20318160951137543
    },
    "pleural_thickening": {
      "best_f1": 0.11772315653298837,
      "prevalence": 0.027542561725643996,
      "threshold": 0.04523168131709099
    },
    "pneumonia": {
      "best_f1": 0.11602209944751381,
      "prevalence": 0.013013637579106872,
      "threshold": 0.04427258297801018
    },
    "pneumothorax": {
      "best_f1": 0.25894206549118387,
      "prevalence": 0.044923789999108656,
      "threshold": 0.0819789245724678
    }
  }
}