{
  "label_metrics": {
    "atelectasis": {
      "auroc": 0.5312355742172926,
      "average_precision": 0.19778767527668414,
      "ece": 0.21166866681237065,
      "f1_at_0.5": 0.18738049713193114,
      "f1_at_tuned_threshold": 0.3008070432868672,
      "negative_count": 1189,
      "positive_count": 266,
      "precision_at_0.5": 0.19066147859922178,
      "precision_at_tuned_threshold": 0.18687329079307202,
      "prevalence": 0.18281786941580755,
      "recall_at_0.5": 0.18421052631578946,
      "recall_at_tuned_threshold": 0.7706766917293233,
      "threshold_used": 0.3122651278972626
    },
    "cardiomegaly": {
      "auroc": 0.484187224402858,
      "average_precision": 0.1519156984553033,
      "ece": 0.3580416572831936,
      "f1_at_0.5": 0.2476007677543186,
      "f1_at_tuned_threshold": 0.20114942528735633,
      "negative_count": 1226,
      "positive_count": 229,
      "precision_at_0.5": 0.15867158671586715,
      "precision_at_tuned_threshold": 0.14989293361884368,
      "prevalence": 0.15738831615120275,
      "recall_at_0.5": 0.5633187772925764,
      "recall_at_tuned_threshold": 0.3056768558951965,
      "threshold_used": 0.563738226890564
    },
    "consolidation": {
      "auroc": 0.5015070845856591,
      "average_precision": 0.056763988120873035,
      "ece": 0.521227276027089,
      "f1_at_0.5": 0.11101163831692033,
      "f1_at_tuned_threshold": 0.10416666666666667,
      "negative_count": 1370,
      "positive_count": 85,
      "precision_at_0.5": 0.060077519379844964,
      "precision_at_tuned_threshold": 0.059625212947189095,
      "prevalence": 0.058419243986254296,
      "recall_at_0.5": 0.7294117647058823,
      "recall_at_tuned_threshold": 0.4117647058823529,
      "threshold_used": 0.6161277294158936
    },
    "edema": {
      "auroc": 0.47713130453287933,
      "average_precision": 0.14556014315241436,
      "ece": 0.3004845318307699,
      "f1_at_0.5": 0.16065573770491803,
      "f1_at_tuned_threshold": 0.1606060606060606,
      "negative_count": 1270,
      "positive_count": 185,
      "precision_at_0.5": 0.11529411764705882,
      "precision_at_tuned_threshold": 0.11157894736842106,
      "prevalence": 0.12714776632302405,
      "recall_at_0.5": 0.2648648648648649,
      "recall_at_tuned_threshold": 0.2864864864864865,
      "threshold_used": 0.4829625189304352
    },
    "pleural_effusion": {
      "auroc": 0.4839398221751163,
      "average_precision": 0.22466054988971018,
      "ece": 0.3314600589987115,
      "f1_at_0.5": 0.3307692307692308,
      "f1_at_tuned_threshold": 0.3558282208588957,
      "negative_count": 1122,
      "positive_count": 333,
      "precision_at_0.5": 0.22233712512926576,
      "precision_at_tuned_threshold": 0.2235929067077872,
      "prevalence": 0.2288659793814433,
      "recall_at_0.5": 0.6456456456456456,
      "recall_at_tuned_threshold": 0.8708708708708709,
      "threshold_used": 0.39367637038230896
    },
    "pneumonia": {
      "auroc": 0.4958661217628219,
      "average_precision": 0.06819701374494942,
      "ece": 0.4149809999603808,
      "f1_at_0.5": 0.12654745529573588,
      "f1_at_tuned_threshold": 0.127136021872864,
      "negative_count": 1353,
      "positive_count": 102,
      "precision_at_0.5": 0.0736,
      "precision_at_tuned_threshold": 0.0683321087435709,
      "prevalence": 0.07010309278350516,
      "recall_at_0.5": 0.45098039215686275,
      "recall_at_tuned_threshold": 0.9117647058823529,
      "threshold_used": 0.35409796237945557
    },
    "pneumothorax": {
      "auroc": 0.5394355285002767,
      "average_precision": 0.049868405049840796,
      "ece": 0.5216468131876353,
      "f1_at_0.5": 0.08710217755443886,
      "f1_at_tuned_threshold": 0.056074766355140186,
      "negative_count": 1390,
      "positive_count": 65,
      "precision_at_0.5": 0.046058458813108945,
      "precision_at_tuned_threshold": 0.040268456375838924,
      "prevalence": 0.044673539518900345,
      "recall_at_0.5": 0.8,
      "recall_at_tuned_threshold": 0.09230769230769231,
      "threshold_used": 0.6734064817428589
    }
  },
  "loss": 1.2148068134727348,
  "macro": {
    "auroc": 0.5019003800252719,
    "average_precision": 0.12782192481282503,
    "ece": 0.3799300005857358,
    "f1_at_0.5": 0.1787239292182134,
    "f1_at_tuned_thresholds": 0.1865383149905501
  },
  "num_examples": 1455,
  "split_alias": "target_test",
  "valid_label_counts": {
    "macro_auroc": 7,
    "macro_average_precision": 7
  }
}