{
  "labels": {
    "atelectasis": {
      "best_f1": 0.35789473684210527,
      "threshold": 0.31226513353146307
    },
    "cardiomegaly": {
      "best_f1": 0.36,
      "threshold": 0.5637382538055683
    },
    "consolidation": {
      "best_f1": 0.15254237288135594,
      "threshold": 0.616127754209826
    },
    "edema": {
      "best_f1": 0.26373626373626374,
      "threshold": 0.48296253129086525
    },
    "pleural_effusion": {
      "best_f1": 0.4144144144144144,
      "threshold": 0.3936763568646184
    },
    "pneumonia": {
      "best_f1": 0.1951219512195122,
      "threshold": 0.3540979679249524
    },
    "pneumothorax": {
      "best_f1": 0.09090909090909091,
      "threshold": 0.6734064849628133
    }
  },
  "macro_threshold": 0.4851820766925812,
  "selection_metric": "per_label_f1",
  "selection_split": "target_val"
}