{
  "labels": {
    "atelectasis": {
      "best_f1": 0.39344262295081966,
      "threshold": 0.27766880710608466
    },
    "cardiomegaly": {
      "best_f1": 0.33221476510067116,
      "threshold": 0.18997150905187035
    },
    "consolidation": {
      "best_f1": 0.10198300283286119,
      "threshold": 0.48127097401381
    },
    "edema": {
      "best_f1": 0.21243523316062177,
      "threshold": 0.43200348185249404
    },
    "pleural_effusion": {
      "best_f1": 0.392226148409894,
      "threshold": 0.39595137621985144
    },
    "pneumonia": {
      "best_f1": 0.16856492027334852,
      "threshold": 0.38018347745805287
    },
    "pneumothorax": {
      "best_f1": 0.1070559610705596,
      "threshold": 0.4956742412315155
    }
  },
  "macro_threshold": 0.3789605498313904,
  "selection_metric": "per_label_f1",
  "selection_split": "target_val"
}