{
  "label_metrics": {
    "atelectasis": {
      "auroc": 0.5366571825580626,
      "average_precision": 0.25187921060034885,
      "ece": 0.1790588237811884,
      "f1_at_0.5": 0.29959514170040485,
      "f1_at_tuned_threshold": 0.3934426229508197,
      "negative_count": 381,
      "positive_count": 119,
      "precision_at_0.5": 0.2890625,
      "precision_at_tuned_threshold": 0.25116279069767444,
      "prevalence": 0.238,
      "recall_at_0.5": 0.31092436974789917,
      "recall_at_tuned_threshold": 0.907563025210084,
      "threshold_used": 0.2776688039302826
    },
    "cardiomegaly": {
      "auroc": 0.49408045542708884,
      "average_precision": 0.20185215056165215,
      "ece": 0.21749362806466166,
      "f1_at_0.5": 0.18652849740932642,
      "f1_at_tuned_threshold": 0.3322147651006711,
      "negative_count": 401,
      "positive_count": 99,
      "precision_at_0.5": 0.19148936170212766,
      "precision_at_tuned_threshold": 0.19919517102615694,
      "prevalence": 0.198,
      "recall_at_0.5": 0.18181818181818182,
      "recall_at_tuned_threshold": 1.0,
      "threshold_used": 0.18997150659561157
    },
    "consolidation": {
      "auroc": 0.54859375,
      "average_precision": 0.04337821630216891,
      "ece": 0.5124589846467785,
      "f1_at_0.5": 0.08484848484848484,
      "f1_at_tuned_threshold": 0.10198300283286119,
      "negative_count": 480,
      "positive_count": 20,
      "precision_at_0.5": 0.04516129032258064,
      "precision_at_tuned_threshold": 0.05405405405405406,
      "prevalence": 0.04,
      "recall_at_0.5": 0.7,
      "recall_at_tuned_threshold": 0.9,
      "threshold_used": 0.481270968914032
    },
    "edema": {
      "auroc": 0.5434838598901099,
      "average_precision": 0.1103032278059367,
      "ece": 0.40250321837449177,
      "f1_at_0.5": 0.18831168831168832,
      "f1_at_tuned_threshold": 0.21243523316062177,
      "negative_count": 448,
      "positive_count": 52,
      "precision_at_0.5": 0.11328125,
      "precision_at_tuned_threshold": 0.12275449101796407,
      "prevalence": 0.104,
      "recall_at_0.5": 0.5576923076923077,
      "recall_at_tuned_threshold": 0.7884615384615384,
      "threshold_used": 0.4320034682750702
    },
    "pleural_effusion": {
      "auroc": 0.5078629877147709,
      "average_precision": 0.2526754603164355,
      "ece": 0.31664128665828595,
      "f1_at_0.5": 0.36,
      "f1_at_tuned_threshold": 0.3893805309734513,
      "negative_count": 381,
      "positive_count": 119,
      "precision_at_0.5": 0.24471299093655588,
      "precision_at_tuned_threshold": 0.24663677130044842,
      "prevalence": 0.238,
      "recall_at_0.5": 0.680672268907563,
      "recall_at_tuned_threshold": 0.9243697478991597,
      "threshold_used": 0.39595139026641846
    },
    "pneumonia": {
      "auroc": 0.4933821733821734,
      "average_precision": 0.08861674245136698,
      "ece": 0.3728682914237374,
      "f1_at_0.5": 0.14545454545454545,
      "f1_at_tuned_threshold": 0.1643835616438356,
      "negative_count": 455,
      "positive_count": 45,
      "precision_at_0.5": 0.09142857142857143,
      "precision_at_tuned_threshold": 0.0916030534351145,
      "prevalence": 0.09,
      "recall_at_0.5": 0.35555555555555557,
      "recall_at_tuned_threshold": 0.8,
      "threshold_used": 0.38018348813056946
    },
    "pneumothorax": {
      "auroc": 0.5010937927262784,
      "average_precision": 0.04573913195624244,
      "ece": 0.5247213635605156,
      "f1_at_0.5": 0.10294117647058823,
      "f1_at_tuned_threshold": 0.1024390243902439,
      "negative_count": 477,
      "positive_count": 23,
      "precision_at_0.5": 0.05454545454545454,
      "precision_at_tuned_threshold": 0.05426356589147287,
      "prevalence": 0.046,
      "recall_at_0.5": 0.9130434782608695,
      "recall_at_tuned_threshold": 0.9130434782608695,
      "threshold_used": 0.4956742525100708
    }
  },
  "loss": 1.2323018312454224,
  "macro": {
    "auroc": 0.517879171671212,
    "average_precision": 0.14206344857059308,
    "ece": 0.36082079950137985,
    "f1_at_0.5": 0.19538279059929117,
    "f1_at_tuned_thresholds": 0.2423255344360721
  },
  "num_examples": 500,
  "split_alias": "target_val",
  "valid_label_counts": {
    "macro_auroc": 7,
    "macro_average_precision": 7
  }
}