{
  "label_metrics": {
    "atelectasis": {
      "auroc": 0.7890405991925621,
      "average_precision": 0.2909963692611618,
      "ece": 0.20483237438229193,
      "f1_at_0.5": 0.36914600550964183,
      "f1_at_tuned_threshold": 0.3403755868544601,
      "negative_count": 1794,
      "positive_count": 206,
      "precision_at_0.5": 0.25769230769230766,
      "precision_at_tuned_threshold": 0.22445820433436534,
      "prevalence": 0.103,
      "recall_at_0.5": 0.6504854368932039,
      "recall_at_tuned_threshold": 0.7038834951456311,
      "threshold_used": 0.41625750064849854
    },
    "cardiomegaly": {
      "auroc": 0.8170673799071625,
      "average_precision": 0.17239366291163608,
      "ece": 0.23218402920859288,
      "f1_at_0.5": 0.14883720930232558,
      "f1_at_tuned_threshold": 0.11708860759493671,
      "negative_count": 1947,
      "positive_count": 53,
      "precision_at_0.5": 0.08488063660477453,
      "precision_at_tuned_threshold": 0.06390328151986183,
      "prevalence": 0.0265,
      "recall_at_0.5": 0.6037735849056604,
      "recall_at_tuned_threshold": 0.6981132075471698,
      "threshold_used": 0.3718400299549103
    },
    "consolidation": {
      "auroc": 0.7977626289110296,
      "average_precision": 0.16135455513013183,
      "ece": 0.21565504641176075,
      "f1_at_0.5": 0.23278688524590163,
      "f1_at_tuned_threshold": 0.16455696202531644,
      "negative_count": 1907,
      "positive_count": 93,
      "precision_at_0.5": 0.13733075435203096,
      "precision_at_tuned_threshold": 0.2,
      "prevalence": 0.0465,
      "recall_at_0.5": 0.7634408602150538,
      "recall_at_tuned_threshold": 0.13978494623655913,
      "threshold_used": 0.7964204549789429
    },
    "edema": {
      "auroc": 0.8883079226628323,
      "average_precision": 0.1540230768371991,
      "ece": 0.23741876790131555,
      "f1_at_0.5": 0.1442885771543086,
      "f1_at_tuned_threshold": 0.18085106382978722,
      "negative_count": 1957,
      "positive_count": 43,
      "precision_at_0.5": 0.07894736842105263,
      "precision_at_tuned_threshold": 0.1021021021021021,
      "prevalence": 0.0215,
      "recall_at_0.5": 0.8372093023255814,
      "recall_at_tuned_threshold": 0.7906976744186046,
      "threshold_used": 0.7185695171356201
    },
    "pleural_effusion": {
      "auroc": 0.864025052330955,
      "average_precision": 0.46662135707457136,
      "ece": 0.11579134149610423,
      "f1_at_0.5": 0.5036818851251842,
      "f1_at_tuned_threshold": 0.4964539007092198,
      "negative_count": 1761,
      "positive_count": 239,
      "precision_at_0.5": 0.3886363636363636,
      "precision_at_tuned_threshold": 0.4307692307692308,
      "prevalence": 0.1195,
      "recall_at_0.5": 0.7154811715481172,
      "recall_at_tuned_threshold": 0.5857740585774058,
      "threshold_used": 0.6268128156661987
    },
    "pneumonia": {
      "auroc": 0.7630034772529701,
      "average_precision": 0.04508218214909619,
      "ece": 0.41690130280454285,
      "f1_at_0.5": 0.056657223796033995,
      "f1_at_tuned_threshold": 0.07792207792207792,
      "negative_count": 1972,
      "positive_count": 28,
      "precision_at_0.5": 0.029498525073746312,
      "precision_at_tuned_threshold": 0.04285714285714286,
      "prevalence": 0.014,
      "recall_at_0.5": 0.7142857142857143,
      "recall_at_tuned_threshold": 0.42857142857142855,
      "threshold_used": 0.6532531380653381
    },
    "pneumothorax": {
      "auroc": 0.8462032917773229,
      "average_precision": 0.27491130602025293,
      "ece": 0.24408242545829378,
      "f1_at_0.5": 0.2560296846011132,
      "f1_at_tuned_threshold": 0.2906976744186046,
      "negative_count": 1907,
      "positive_count": 93,
      "precision_at_0.5": 0.1547085201793722,
      "precision_at_tuned_threshold": 0.31645569620253167,
      "prevalence": 0.0465,
      "recall_at_0.5": 0.7419354838709677,
      "recall_at_tuned_threshold": 0.26881720430107525,
      "threshold_used": 0.9353378415107727
    }
  },
  "loss": 0.7140874180793763,
  "macro": {
    "auroc": 0.8236300502906907,
    "average_precision": 0.2236260727691499,
    "ece": 0.23812361252327174,
    "f1_at_0.5": 0.24448963867635842,
    "f1_at_tuned_thresholds": 0.23827798190777186
  },
  "num_examples": 2000,
  "split_alias": "d0_test",
  "valid_label_counts": {
    "macro_auroc": 7,
    "macro_average_precision": 7
  }
}