{
  "label_metrics": {
    "atelectasis": {
      "auroc": 0.7829334026041498,
      "average_precision": 0.2854457734894945,
      "ece": 0.19470724585264573,
      "f1_at_0.5": 0.3472222222222222,
      "f1_at_tuned_threshold": 0.36156351791530944,
      "negative_count": 1794,
      "positive_count": 206,
      "precision_at_0.5": 0.24319066147859922,
      "precision_at_tuned_threshold": 0.27205882352941174,
      "prevalence": 0.103,
      "recall_at_0.5": 0.6067961165048543,
      "recall_at_tuned_threshold": 0.5388349514563107,
      "threshold_used": 0.5866209268569946
    },
    "cardiomegaly": {
      "auroc": 0.8225039005339613,
      "average_precision": 0.16762919415648983,
      "ece": 0.18776314424874088,
      "f1_at_0.5": 0.1802325581395349,
      "f1_at_tuned_threshold": 0.12206572769953053,
      "negative_count": 1947,
      "positive_count": 53,
      "precision_at_0.5": 0.10652920962199312,
      "precision_at_tuned_threshold": 0.06655290102389079,
      "prevalence": 0.0265,
      "recall_at_0.5": 0.5849056603773585,
      "recall_at_tuned_threshold": 0.7358490566037735,
      "threshold_used": 0.28741133213043213
    },
    "consolidation": {
      "auroc": 0.7950166618739111,
      "average_precision": 0.1606619920819453,
      "ece": 0.23039698685149732,
      "f1_at_0.5": 0.21875,
      "f1_at_tuned_threshold": 0.19004524886877827,
      "negative_count": 1907,
      "positive_count": 93,
      "precision_at_0.5": 0.12797074954296161,
      "precision_at_tuned_threshold": 0.1640625,
      "prevalence": 0.0465,
      "recall_at_0.5": 0.7526881720430108,
      "recall_at_tuned_threshold": 0.22580645161290322,
      "threshold_used": 0.7873619794845581
    },
    "edema": {
      "auroc": 0.8865016458509108,
      "average_precision": 0.1497743451599904,
      "ece": 0.2529190404094825,
      "f1_at_0.5": 0.13846153846153847,
      "f1_at_tuned_threshold": 0.15945330296127563,
      "negative_count": 1957,
      "positive_count": 43,
      "precision_at_0.5": 0.07547169811320754,
      "precision_at_tuned_threshold": 0.08838383838383838,
      "prevalence": 0.0215,
      "recall_at_0.5": 0.8372093023255814,
      "recall_at_tuned_threshold": 0.813953488372093,
      "threshold_used": 0.6314759850502014
    },
    "pleural_effusion": {
      "auroc": 0.861264163809551,
      "average_precision": 0.46054818661732577,
      "ece": 0.1301418454402546,
      "f1_at_0.5": 0.4845070422535211,
      "f1_at_tuned_threshold": 0.4891461649782924,
      "negative_count": 1761,
      "positive_count": 239,
      "precision_at_0.5": 0.3651804670912951,
      "precision_at_tuned_threshold": 0.37389380530973454,
      "prevalence": 0.1195,
      "recall_at_0.5": 0.7196652719665272,
      "recall_at_tuned_threshold": 0.7071129707112971,
      "threshold_used": 0.5176968574523926
    },
    "pneumonia": {
      "auroc": 0.7613554042306577,
      "average_precision": 0.07500921416487319,
      "ece": 0.5099262169241272,
      "f1_at_0.5": 0.044859813084112146,
      "f1_at_tuned_threshold": 0.08241758241758242,
      "negative_count": 1972,
      "positive_count": 28,
      "precision_at_0.5": 0.023032629558541268,
      "precision_at_tuned_threshold": 0.044642857142857144,
      "prevalence": 0.014,
      "recall_at_0.5": 0.8571428571428571,
      "recall_at_tuned_threshold": 0.5357142857142857,
      "threshold_used": 0.8078546524047852
    },
    "pneumothorax": {
      "auroc": 0.8450868616472419,
      "average_precision": 0.25831978741098705,
      "ece": 0.1857985537729483,
      "f1_at_0.5": 0.30162412993039445,
      "f1_at_tuned_threshold": 0.24137931034482757,
      "negative_count": 1907,
      "positive_count": 93,
      "precision_at_0.5": 0.19230769230769232,
      "precision_at_tuned_threshold": 0.25925925925925924,
      "prevalence": 0.0465,
      "recall_at_0.5": 0.6989247311827957,
      "recall_at_tuned_threshold": 0.22580645161290322,
      "threshold_used": 0.9187095165252686
    }
  },
  "loss": 0.7702996773719788,
  "macro": {
    "auroc": 0.8220945772214833,
    "average_precision": 0.22248407044015803,
    "ece": 0.2416647190713852,
    "f1_at_0.5": 0.24509390058447478,
    "f1_at_tuned_thresholds": 0.23515297931222803
  },
  "num_examples": 2000,
  "split_alias": "d0_test",
  "valid_label_counts": {
    "macro_auroc": 7,
    "macro_average_precision": 7
  }
}