{
  "label_metrics": {
    "atelectasis": {
      "auroc": 0.7760882695409063,
      "average_precision": 0.44666469713456297,
      "ece": 0.20705954225029888,
      "f1_at_0.5": 0.4599999999999999,
      "f1_at_tuned_threshold": 0.49516441005802714,
      "negative_count": 799,
      "positive_count": 201,
      "precision_at_0.5": 0.3458646616541353,
      "precision_at_tuned_threshold": 0.4050632911392405,
      "prevalence": 0.201,
      "recall_at_0.5": 0.6865671641791045,
      "recall_at_tuned_threshold": 0.6368159203980099,
      "threshold_used": 0.5866209268569946
    },
    "cardiomegaly": {
      "auroc": 0.7646058806627718,
      "average_precision": 0.41707283414206237,
      "ece": 0.16620410923033282,
      "f1_at_0.5": 0.4625850340136054,
      "f1_at_tuned_threshold": 0.49251700680272115,
      "negative_count": 788,
      "positive_count": 212,
      "precision_at_0.5": 0.3617021276595745,
      "precision_at_tuned_threshold": 0.34608030592734224,
      "prevalence": 0.212,
      "recall_at_0.5": 0.6415094339622641,
      "recall_at_tuned_threshold": 0.8537735849056604,
      "threshold_used": 0.28741133213043213
    },
    "consolidation": {
      "auroc": 0.8011501210653753,
      "average_precision": 0.22025316719699212,
      "ece": 0.3199285107207358,
      "f1_at_0.5": 0.20434782608695654,
      "f1_at_tuned_threshold": 0.2833333333333333,
      "negative_count": 944,
      "positive_count": 56,
      "precision_at_0.5": 0.11633663366336634,
      "precision_at_tuned_threshold": 0.265625,
      "prevalence": 0.056,
      "recall_at_0.5": 0.8392857142857143,
      "recall_at_tuned_threshold": 0.30357142857142855,
      "threshold_used": 0.7873619794845581
    },
    "edema": {
      "auroc": 0.8702767565359477,
      "average_precision": 0.48882560719182516,
      "ece": 0.20530745488329905,
      "f1_at_0.5": 0.5077951002227172,
      "f1_at_tuned_threshold": 0.5463917525773196,
      "negative_count": 864,
      "positive_count": 136,
      "precision_at_0.5": 0.36421725239616615,
      "precision_at_tuned_threshold": 0.42063492063492064,
      "prevalence": 0.136,
      "recall_at_0.5": 0.8382352941176471,
      "recall_at_tuned_threshold": 0.7794117647058824,
      "threshold_used": 0.6314759850502014
    },
    "pleural_effusion": {
      "auroc": 0.8806756132392473,
      "average_precision": 0.6756534519454971,
      "ece": 0.13620114416884596,
      "f1_at_0.5": 0.6727828746177369,
      "f1_at_tuned_threshold": 0.675968992248062,
      "negative_count": 744,
      "positive_count": 256,
      "precision_at_0.5": 0.5527638190954773,
      "precision_at_tuned_threshold": 0.5604113110539846,
      "prevalence": 0.256,
      "recall_at_0.5": 0.859375,
      "recall_at_tuned_threshold": 0.8515625,
      "threshold_used": 0.5176968574523926
    },
    "pneumonia": {
      "auroc": 0.7149693693693694,
      "average_precision": 0.15533282890280556,
      "ece": 0.4297550745773454,
      "f1_at_0.5": 0.20725388601036268,
      "f1_at_tuned_threshold": 0.2677824267782427,
      "negative_count": 925,
      "positive_count": 75,
      "precision_at_0.5": 0.11904761904761904,
      "precision_at_tuned_threshold": 0.1951219512195122,
      "prevalence": 0.075,
      "recall_at_0.5": 0.8,
      "recall_at_tuned_threshold": 0.4266666666666667,
      "threshold_used": 0.8078546524047852
    },
    "pneumothorax": {
      "auroc": 0.7664280743612685,
      "average_precision": 0.24716819792417488,
      "ece": 0.24005956821060598,
      "f1_at_0.5": 0.19402985074626866,
      "f1_at_tuned_threshold": 0.3888888888888889,
      "negative_count": 958,
      "positive_count": 42,
      "precision_at_0.5": 0.11504424778761062,
      "precision_at_tuned_threshold": 0.4666666666666667,
      "prevalence": 0.042,
      "recall_at_0.5": 0.6190476190476191,
      "recall_at_tuned_threshold": 0.3333333333333333,
      "threshold_used": 0.9187095165252686
    }
  },
  "loss": 0.9818852024078369,
  "macro": {
    "auroc": 0.7963134406821267,
    "average_precision": 0.37871011206256,
    "ece": 0.24350220057735197,
    "f1_at_0.5": 0.38697065309966383,
    "f1_at_tuned_thresholds": 0.45000668724094206
  },
  "num_examples": 1000,
  "split_alias": "target_val",
  "valid_label_counts": {
    "macro_auroc": 7,
    "macro_average_precision": 7
  }
}
