{
  "brier_score": 0.04316211145903383,
  "label_metrics": {
    "0": {
      "auprc": 0.28451598584121246,
      "auroc": 0.7904530744336569,
      "brier": 0.08389433473348618,
      "ece": 0.020848631259053944
    },
    "1": {
      "auprc": 0.2509154281459644,
      "auroc": 0.867953600604704,
      "brier": 0.022720420733094215,
      "ece": 0.004883245225530118
    },
    "2": {
      "auprc": 0.19998302536684512,
      "auroc": 0.8032094546971824,
      "brier": 0.040855102241039276,
      "ece": 0.00829427829757333
    },
    "3": {
      "auprc": 0.17496343580334828,
      "auroc": 0.7302230514194722,
      "brier": 0.019796421751379967,
      "ece": 0.00890818427829072
    },
    "4": {
      "auprc": 0.48615211160675886,
      "auroc": 0.8638230940484082,
      "brier": 0.08113722503185272,
      "ece": 0.030065948806703092
    },
    "5": {
      "auprc": 0.06520541601346376,
      "auroc": 0.8001485076789336,
      "brier": 0.013461599126458168,
      "ece": 0.0025721790422685445
    },
    "6": {
      "auprc": 0.24951919366931258,
      "auroc": 0.8425664360505438,
      "brier": 0.040269676595926285,
      "ece": 0.016007853645831346
    }
  },
  "macro_auprc": 0.24446494234955796,
  "macro_auroc": 0.814053888418986,
  "macro_ece": 0.013082902936464441,
  "micro_auprc": 0.3283648886680067,
  "micro_auroc": 0.8581509453773635,
  "num_examples": 2000,
  "prediction_artifact": "/workspace/paper_v1/outputs/nih_to_chexpert_topk_seed_sweep/20260420T123811Z__nih_to_chexpert_topk_seed_sweep/seed_31415/20260420T124021Z__topk_labelwise_trust_region_k1/metrics/d0_nih_test_predictions.npz",
  "valid_label_counts": {
    "brier_score": 7,
    "macro_auprc": 7,
    "macro_auroc": 7,
    "macro_ece": 7
  }
}
