{
  "brier_score": 0.1301021756870406,
  "label_metrics": {
    "0": {
      "auprc": 0.7529752514981016,
      "auroc": 0.8547077922077924,
      "brier": 0.2081117033958435,
      "ece": 0.1905290472965974
    },
    "1": {
      "auprc": 0.5722980268589433,
      "auroc": 0.7367115520907158,
      "brier": 0.23369096219539642,
      "ece": 0.22412593611794662
    },
    "2": {
      "auprc": 0.5302025196142166,
      "auroc": 0.9050203527815468,
      "brier": 0.10826776176691055,
      "ece": 0.07604328974380961
    },
    "3": {
      "auprc": 0.6483292931371574,
      "auroc": 0.861845972957084,
      "brier": 0.18433034420013428,
      "ece": 0.1823072610422969
    },
    "4": {
      "auprc": 0.8243153985462188,
      "auroc": 0.9107158816694969,
      "brier": 0.10856059193611145,
      "ece": 0.04559121267376547
    },
    "5": {
      "auprc": 0.3311395929339478,
      "auroc": 0.8987831858407079,
      "brier": 0.03320969641208649,
      "ece": 0.027362031396478415
    },
    "6": {
      "auprc": 0.12428154437648109,
      "auroc": 0.786504424778761,
      "brier": 0.034544169902801514,
      "ece": 0.030761967588247906
    }
  },
  "macro_auprc": 0.5405059467092952,
  "macro_auroc": 0.8506127374751579,
  "macro_ece": 0.11096010655130603,
  "micro_auprc": 0.5528975784908795,
  "micro_auroc": 0.7962699160621536,
  "num_examples": 234,
  "prediction_artifact": "/workspace/paper_v1/outputs/nih_to_chexpert_topk_seed_sweep/20260420T123811Z__nih_to_chexpert_topk_seed_sweep/seed_31415/20260420T124021Z__topk_labelwise_trust_region_k1/metrics/d1_chexpert_test_predictions.npz",
  "valid_label_counts": {
    "brier_score": 7,
    "macro_auprc": 7,
    "macro_auroc": 7,
    "macro_ece": 7
  }
}
