{
  "brier_score": 0.04446037299931049,
  "label_metrics": {
    "0": {
      "auprc": 0.3016230391641093,
      "auroc": 0.7964493294801441,
      "brier": 0.09110070765018463,
      "ece": 0.05478320321068168
    },
    "1": {
      "auprc": 0.2580486900219082,
      "auroc": 0.8661608085976491,
      "brier": 0.022624563425779343,
      "ece": 0.006549867900554091
    },
    "2": {
      "auprc": 0.18701371270129616,
      "auroc": 0.8077090064335697,
      "brier": 0.04088718444108963,
      "ece": 0.007887368328869344
    },
    "3": {
      "auprc": 0.18727657928429176,
      "auroc": 0.9021996173545175,
      "brier": 0.019144956022500992,
      "ece": 0.0028697905112057926
    },
    "4": {
      "auprc": 0.4913118590254916,
      "auroc": 0.8628014227367011,
      "brier": 0.0845847800374031,
      "ece": 0.04679837899655103
    },
    "5": {
      "auprc": 0.06328439495946143,
      "auroc": 0.8132425383946682,
      "brier": 0.013466836884617805,
      "ece": 0.002284006220754236
    },
    "6": {
      "auprc": 0.2919310590397136,
      "auroc": 0.8581400725115731,
      "brier": 0.039413582533597946,
      "ece": 0.010872044704854486
    }
  },
  "macro_auprc": 0.25435561917089605,
  "macro_auroc": 0.843814685072689,
  "macro_ece": 0.018863522839067236,
  "micro_auprc": 0.3374267237022972,
  "micro_auroc": 0.8716686791716979,
  "num_examples": 2000,
  "prediction_artifact": "/workspace/paper_v1/outputs/nih_to_chexpert_topk_seed_sweep/20260420T123811Z__nih_to_chexpert_topk_seed_sweep/seed_2027/20260420T123955Z__topk_labelwise_trust_region_k1/metrics/d0_nih_test_predictions.npz",
  "valid_label_counts": {
    "brier_score": 7,
    "macro_auprc": 7,
    "macro_auroc": 7,
    "macro_ece": 7
  }
}
