{
  "brier_score": 0.13089917227625847,
  "label_metrics": {
    "0": {
      "auprc": 0.7015212670185283,
      "auroc": 0.8333603896103896,
      "brier": 0.20531564950942993,
      "ece": 0.1822830907299987
    },
    "1": {
      "auprc": 0.5695319030420498,
      "auroc": 0.7316619418851877,
      "brier": 0.2347807139158249,
      "ece": 0.22435014102703485
    },
    "2": {
      "auprc": 0.5302025196142166,
      "auroc": 0.9050203527815468,
      "brier": 0.108268141746521,
      "ece": 0.07601813666331461
    },
    "3": {
      "auprc": 0.6483292931371574,
      "auroc": 0.861845972957084,
      "brier": 0.18433034420013428,
      "ece": 0.1823072610422969
    },
    "4": {
      "auprc": 0.8086425092161472,
      "auroc": 0.9003485566181071,
      "brier": 0.11504489183425903,
      "ece": 0.0561371359687585
    },
    "5": {
      "auprc": 0.3311395929339478,
      "auroc": 0.8987831858407079,
      "brier": 0.03320983797311783,
      "ece": 0.02733087819069624
    },
    "6": {
      "auprc": 0.1263734790053972,
      "auroc": 0.7870575221238938,
      "brier": 0.035344626754522324,
      "ece": 0.03213204730015534
    }
  },
  "macro_auprc": 0.5308200805667778,
  "macro_auroc": 0.8454397031167024,
  "macro_ece": 0.11150838441746501,
  "micro_auprc": 0.5356176967933309,
  "micro_auroc": 0.7912219567964818,
  "num_examples": 234,
  "prediction_artifact": "/workspace/paper_v1/outputs/nih_to_chexpert_topk_seed_sweep/20260420T123811Z__nih_to_chexpert_topk_seed_sweep/seed_2027/20260420T123955Z__topk_labelwise_trust_region_k1/metrics/d1_chexpert_test_predictions.npz",
  "valid_label_counts": {
    "brier_score": 7,
    "macro_auprc": 7,
    "macro_auroc": 7,
    "macro_ece": 7
  }
}
